id,book,round,status,category,title,description,source_file,source_paragraph,source_path,keywords,source_id
LAT049-001,李敖札记,校对轮,已校对,政治,恐怖内化,碰到段昌国、韩崇智（周渝东海同班）、黄小姐。昌国转告萧启庆在普林斯敦说李敖抵得住国民党一师的军队。我笑着说：“只有一师吗？”启庆，老友也，来台讲学一年，不敢来看我。国民党的恐怖不只它本身，而是它衍生出来的使人“自己吓自己”的恐怖感觉，它能使高等知识分子人人俯首帖耳、人人噤若寒蝉，高等知识分子一一成了逃世的懦夫的时候，国民党的作恶，也就更无忌惮了。（1984年5月14日）,001.“只有一师吗？”.txt,2,《大李敖全集6.0》分章节/006.沉思日记类/007.李敖札记/001.“只有一师吗？”.txt,"国民党,恐怖,知识分子",LAT049-001
LAT049-002,李敖札记,校对轮,已校对,方法,性格表演,对俗人不使气好像是不行的。俗人多不逊而做混蛋事，所以要常常予以性格表演，使他们知所警惕。但这种性格表演，只是朝外的，而不是朝内的。所以，我自己却一点也不气，只是假装生气耳！（1984年5月16日）,004.使气与生气.txt,3,《大李敖全集6.0》分章节/006.沉思日记类/007.李敖札记/004.使气与生气.txt,"俗人,表演,方法",LAT049-002
LAT049-003,李敖札记,校对轮,已校对,政治,手铐代议,英国国会两党对峙，坐在第一排的，有的以拐杖钩对方的脚以开玩笑者，但从没有“拉着他”以使之不能发言者。丘吉尔脱离保守党，可以悍然走到对峙的那一排坐下，以示拆伙，但在国民党“拉着他”的高招下，纵有丘吉尔，也必然被大家一拥而上，拉住不放。想来想去，还是国民党的代议政治有效。我建议何不在每一立法委员座位上加装一副手铐？谁上台发言，要俞国华下令打开手铐，才能办到，这样一来，会比拉拉扯扯更规律些、整齐些，国民党的形象也就更威武了！（1984年6月16日）,006.拉着他.txt,15,《大李敖全集6.0》分章节/006.沉思日记类/007.李敖札记/006.拉着他.txt,"议会,阻挡,代议政治",LAT049-003
LAT049-004,李敖札记,校对轮,已校对,政治,奴才尴尬,我真奇怪，连国民党总统文告都是先发表后再在大会中“再念一遍”，俞国华的谎话，岂不太好笑了吗？国民党的总统都不“尴尬”，做奴才的俞国华又何“尴尬”之有呢？（1984年6月16日）,007.俞国华的谎话.txt,6,《大李敖全集6.0》分章节/006.沉思日记类/007.李敖札记/007.俞国华的谎话.txt,"俞国华,文告,政治谎话",LAT049-004
LAT049-005,李敖札记,校对轮,已校对,政治,大盗戏台,在专制政治之下，臣子间以“直声”互相攻击，一如布袋戏中角色的互相攻击，操纵者，专政者之两手耳。自古所谓直臣也、御史也，正人君子了半天，最后是“伏乞皇上”、“伏乞皇太后皇上”的伏乞格局，走狗互咬而已、奴才争宠而已，置窃国大盗于不问、不敢问，是大盗面前布袋戏角色而已。国民党中的所谓好人、所谓清流、所谓正人君子、所谓正义之声，自无一例外，洵可如是观。（1984年7月14日）,008.大盗面前布袋戏.txt,2,《大李敖全集6.0》分章节/006.沉思日记类/007.李敖札记/008.大盗面前布袋戏.txt,"专制,清流,政治表演",LAT049-005
LAT049-006,李敖札记,校对轮,已校对,政治,朋党假政党,从唐朝牛李党争以来，有朋党而无政党，所谓政党，其实是朋党。国民党是最大的朋党，但却假托政党之名。以为国民党是政治学上的政党的，是大傻瓜。欧阳修说：“小人无朋，其暂为朋者，伪也。”国民党却是“小人有朋”的，他们在虚伪中结之以利，“小人与小人，以同利为朋，此自然之理也。”虽然这种结合是暂时的，但国民党根本是只争一时的，狗抢骨头，当然不会争千秋。（1984年7月14日）,009.有朋党无政党.txt,2,《大李敖全集6.0》分章节/006.沉思日记类/007.李敖札记/009.有朋党无政党.txt,"国民党,政党,朋党",LAT049-006
LAT049-007,李敖札记,校对轮,已校对,法权,忠贞考核,《新潮流》有一位张先生投书说：“国民党当局禁止离别父母兄弟姐妹三十多年的人回大陆原乡探亲，实在是不得人心之举。不仅如此，甚至由国外转来不谈政治的家信都给没收，如系现役军人则交由政治部门登入安全资料，以为日后出国之管制（出国人员忠贞品德考核表内有‘曾否与匪区通信’一栏）。为了反共竟要我们六亲不认，那是何等的残忍。”——国民党竟有此种考核表，真是奇闻。（1984年7月23日）,010.1984年7月23日.txt,6,《大李敖全集6.0》分章节/006.沉思日记类/007.李敖札记/010.1984年7月23日.txt,"通信,安全资料,法权",LAT049-007
LAT049-008,李敖札记,校对轮,已校对,政治,延时德政,小魏夫妇、南榕、会云夜谈。我说今天报上说银行跑3点半延长半小时，改为4点了。报上说：“银行延长营业，最大的受惠者是经常跑3点半的工商业者。按目前银行支票交换作业，如果交换后发现支票存款不足，该存户为免发生退票，必须在下午3点半以前筹足款项，到银行补齐支票存户中短少部分。银行延长为4点关门，经常调支票头寸的工商业者，可多出半小时筹款。”并说这一德政是“构想来自财政部长陆润康”，真令人哭笑不得。一个笑话说，妇女节那天，丈夫对太太说：“今天是妇女节，你今天不要洗碗了，留着明天一起洗吧。”国民党“聚敛之臣”的德政，大率类此。（1984年7月27日）,012.“聚敛之臣”的德政.txt,2,《大李敖全集6.0》分章节/006.沉思日记类/007.李敖札记/012.“聚敛之臣”的德政.txt,"银行,聚敛之臣,民生",LAT049-008
LAT049-009,李敖札记,校对轮,已校对,政治,杂种党外,与虚一午餐。虚一说他参加了《八十年代》主办的“殷海光纪念学术座谈会”，会中一些人问他你为什么同李敖在一起？我笑着说：你应该这样答复他们，你该说：“只要你们对我有李敖对我的一半好，我就‘弃暗投明’，跟你们在一起了！”虚一听了，为之失笑。这些伪君子们，他们光说不练，他们的关怀是假的，他们的道德与是非标准是人造奶油式的。他们有时候比纯种国民党还可恶。纯种国民党可恶，可恶得很明确，使你一见就要打它；可是这些伪君子们却又像国民党又像党外，只是杂种国民党和杂种党外（英文octoroon一字意味黑人血统八分之一的混血儿，他们大都是八分之一的党外而已）。夹在中间，做尾巴言语，混淆是非与颜色，讨厌透了。,015.杂种国民党和杂种党外.txt,2,《大李敖全集6.0》分章节/006.沉思日记类/007.李敖札记/015.杂种国民党和杂种党外.txt,"党外,伪君子,政治",LAT049-010
LAT049-010,李敖札记,校对轮,已校对,法权,洋护照自由,会云生日，以祺夫妇请午饭。以祺他们因为入了美国籍、做了美国人、有了洋护照护航，才有了海峡三岸的自由。这一现象，说明了中国人要“做堂堂正正的中国人”，得先做美国人。你做了美国人，中国人才把你当中国人；你纯做中国人，中国人就把你当狗。（1984年8月15日）,016.要做中国人，先做美国人.txt,2,《大李敖全集6.0》分章节/006.沉思日记类/007.李敖札记/016.要做中国人，先做美国人.txt,"旅行自由,美国护照,法权",LAT049-011
LAT049-011,李敖札记,校对轮,已校对,人格,训练趋士,《战国策》记齐宣王见颜斶，曰：“斶前！”斶亦曰：“王前！”宣王不悦。左右曰：“王，人君也；斶，人臣也。王曰：‘斶前！’斶亦曰：‘王前！’可乎？”斶对曰：“夫‘斶前’为慕势，‘王前’为趋士。与使斶为慕势，不如使王为趋士。”王忿然作色，曰：“王者贵乎？士贵乎？”对曰：“士贵耳！王者不贵。”我在《千秋评论》第二十一期谈到我对党外人士“以傲慢示人”的事，我在跟这个岛上的朋友的交往中，一直摆下高姿式，好像要人“拜码头”似的，其实这不是傲慢，也不是大架子，而是成全别人的“趋士”（礼贤下士），训练朋友对“士贵耳！”的领悟，使他们知道“士”的重要。我的行为，有一点黄石公对张良的测验性质。孺子可教的朋友、有妙根慧谛的朋友，当然会了解我为什么要大模大样，要人“拜码头”，老是摆高姿式。（1984年8月15日）,017.“拜码头”.txt,4,《大李敖全集6.0》分章节/006.沉思日记类/007.李敖札记/017.“拜码头”.txt,"拜码头,士贵,人格",LAT049-012
LAT049-012,李敖札记,校对轮,已校对,知识,自由格局,平景来电，谈到鼓应去大陆的事。我说鼓应若不在大陆谈自由主义，将把殷门所学尽付东流；若在大陆谈自由主义，又何能谈得下去？鼓应一生总是飘来飘去，没有主见，也不坚定，是一个不成格局的知识分子。,018.国民党统治下的知识分子.txt,2,《大李敖全集6.0》分章节/006.沉思日记类/007.李敖札记/018.国民党统治下的知识分子.txt,"陈鼓应,自由主义,知识分子",LAT049-013
LAT049-013,李敖札记,校对轮,已校对,知识,作文失败,今天报上登了不少纪念周弃子的文字，一片“个人滥情”与“廉价伤感”耳，跟国民党走的知识分子，总是这些货色。国民党统治下的知识分子总是“做人成功、作文失败”，“做人成功”者，只整天搞文酒之会、做公共关系，大家以肉麻当有趣；“作文失败”者，这些人的作品，统统不成个东西。总之，国民党统治下的知识分子实在不成格局。古人不成格局者，尚知藏拙；可是国民党统治下的知识分子却又个个只知现丑，真恶心人！（1984年8月26日）,018.国民党统治下的知识分子.txt,3,《大李敖全集6.0》分章节/006.沉思日记类/007.李敖札记/018.国民党统治下的知识分子.txt,"国民党,知识分子,文化",LAT049-014
LAT049-014,李敖札记,校对轮,已校对,政治,威信倒置,国民党口口声声维护“政府威信”，但你自己狗屁倒灶，有何威何信可言？这次高雄流氓李慧昌朝警察局连放数枪，使国民党胆寒——你整我，我就整你，此真维护“流氓威信”者也！此种流氓，真情毕露，真不朽矣！,021.“政府威信”与“流氓威信”.txt,2,《大李敖全集6.0》分章节/006.沉思日记类/007.李敖札记/021.“政府威信”与“流氓威信”.txt,"政府威信,流氓威信,政治",LAT049-016
LAT049-015,李敖札记,校对轮,已校对,政治,与子偕亡,小如夫妇昨天过台，中午与老孟来，十四年不见了。上次小如来看我，正是我被警总门口“站岗”之时。小如当年在阳明山家中打字，被特务诬指为向大陆打电报；后来开敦煌书店，又被诬指为卖禁书（他们不识货，凡是英文书封面上有red字眼的，一律以匪货视之！）。最后不堪其扰，乃放洋做美国人矣！小如问我今后的方向，我说跟国民党陷在一个岛上，又有个屁方向！在这种局面下，我们做的一切努力，都会因国民党在世界上无立足之地而连累得也无立足之地——台湾变小了，你也跟着变小了。我们牢也没少坐、刑也没少受、罪也没少遭，可是声名成绩却不如苏联的人权斗士，也不如韩国的，也不如菲律宾的，这都是因为同国民党“与子偕小”的缘故。但是，“与子偕小”还是走运的呢，搞不好还要“与子偕亡”呢！要看快看，十四年后，你大概看不到我了！（1984年9月6日）,023.“与子偕小”与“与子偕亡”.txt,2,《大李敖全集6.0》分章节/006.沉思日记类/007.李敖札记/023.“与子偕小”与“与子偕亡”.txt,"国民党,台湾,政治前途",LAT049-017
LAT049-016,李敖札记,校对轮,已校对,人格,宽恕边界,我控萧孟能诬告我，台北地院今早开庭。因萧孟能被会云告成，正以窃占罪在台北监狱服刑，故剃光头、戴手铐而来，神情惨沮。午子戈请吃饭，十七年不见了。我说我有恩必报、有仇必报，我的理论是：有仇不报的人，就是有恩不报的人，因为有仇不报，适足以证明这种人是非感薄弱，是非感薄弱，就最容易忘恩负义。在这种是非不明的环境下，主张正义的人，就必须坚持不要滥用宽恕。（1984年9月11日）,025.有仇不报的人，就是有恩不报的人.txt,2,《大李敖全集6.0》分章节/006.沉思日记类/007.李敖札记/025.有仇不报的人，就是有恩不报的人.txt,"恩仇,正义,人格",LAT049-018
LAT049-017,李敖札记,校对轮,已校对,知识,乡愿身后事,宏正来电代德刚约，说星期天下午来看我，我说我星期天没空。只有今天下午有点空。后来再约，改下午4点来。德刚谈锋甚健，他说他虽是哥伦比亚大学的史学专家与图书馆专家，可是看到我处理图书资料的本领，自叹弗如。我劝他设法筹印《胡适全集》，他说：“他们把我也排挤在外，结果他们不做，也不让别人做。”我想，胡适一辈子结交乡愿朋友、乡愿学生，自己也常做大乡愿，结果死后，使真正了解他的人（像唐德刚、像李敖），也格于乡愿的拦阻，无法帮他完成身后事，这真是人间的一大讽刺！（1984年9月14日）,027.唐德刚之言.txt,2,《大李敖全集6.0》分章节/006.沉思日记类/007.李敖札记/027.唐德刚之言.txt,"胡适,乡愿,全集",LAT049-019
LAT049-018,李敖札记,校对轮,已校对,政治,左派假共产,黄怡在电话中说，王拓坐牢后，他的同志瓜分了办《春风》出版登记的三十万元，使王拓欠债至今。又说，陈鼓应弟子某女士在美丽岛事件时大肆出卖同志。我说这些人对敌人没能力实行“共产主义”，反倒先对朋友实行起“共产主义”来了；对敌人不能出卖，反倒先对朋友出卖起来了。我早就看不起台湾的左派，这些事发生，一一证明了我常说的他们是“假共产党”，他们真是“假共产党”！（1984年9月15日）,028.“假共产党”.txt,2,《大李敖全集6.0》分章节/006.沉思日记类/007.李敖札记/028.“假共产党”.txt,"左派,背叛,政治",LAT049-020
LAT049-019,李敖札记,校对轮,已校对,写作,写作非钱,南榕来，一起午餐，我自告奋勇，要为他们写一篇《孙中山反对双十国庆》。傍晚永丰来，清玉、雨静来，一起晚餐。后与永丰在植物园散步，植物园本来是很具规模的，但被国民党的一些机构东挖一块西挖一块，变得割裂了。再与永丰去直潭看夜钓，我说我真想不通钓鱼有什么意义，这些人白天钓鱼还没完，半夜三更为鱼风露立中宵，真不可思议。永丰说，钓鱼的人对你写作的想法也是一样。有人认为你李敖如果爱钱，你早就腰缠万贯，可是你却志不在钱，有人就觉得不可思议。（1984年10月10日）,029.钓者大悦个什么？.txt,2,《大李敖全集6.0》分章节/006.沉思日记类/007.李敖札记/029.钓者大悦个什么？.txt,"写作,金钱,志向",LAT049-021
LAT049-020,李敖札记,校对轮,已校对,人格,伪善加级,我生平痛恨混蛋和伪善，一些乍看起来奇才异能之士，似乎颇有清气一番，可是真相大白之后，这种人的混蛋度与伪善度，其实比别人还要加三级。《愚人船》（Ship of Fools）中写貌似上智者实为下愚，领教了这个愚人岛上的光怪陆离，我对他们的来来去去，真是一点也不以为异了。（1984年10月19日）,030.要加三级.txt,5,《大李敖全集6.0》分章节/006.沉思日记类/007.李敖札记/030.要加三级.txt,"伪善,混蛋,人格",LAT049-022
LAT049-021,李敖札记,校对轮,已校对,政治,逃命预言,方豪神父告诉我说，在国民党兵败山倒四处逃亡之际，他在厦门《中央日报》看到有标题是：“我军一撤千里，匪军追赶不及。”我传出这一名句，它就流传至今。一个老兵告诉我：他们剿匪多年，可是从来都是被自己人追着逃，从没被共产党追着逃。其实共产党还没来，国民党就先逃了。（1984年11月8日）,032.谁追国民党？.txt,2,《大李敖全集6.0》分章节/006.沉思日记类/007.李敖札记/032.谁追国民党？.txt,"国民党,逃亡,政治",LAT049-024
LAT049-022,李敖札记,校对轮,已校对,方法,可行与大众,人类的种种问题，其实岂止诡辩家们、蛋头们所吵闹的一面？在这一面外，还有许多面。有的是侧面、有的是斜面、有的是什么什么面……但我认为人类种种问题中的每一个问题，都应该有一个大公道大轨迹（人民眼睛也、时代潮流也）可寻，这个大公道大轨迹，应该是可行的、大众的，这种可行性和大众性，应该在智者的影响下，变得愈来愈合乎正义。这就是说，可行性和大众性的情形常常是一种现状，现状并不一定好，也并不一定对，这就需要智者点化，改变大众的看法，达到新的可行性和大众性。,033.注意可行性与大众性.txt,2,《大李敖全集6.0》分章节/006.沉思日记类/007.李敖札记/033.注意可行性与大众性.txt,"可行性,大众性,方法",LAT049-025
LAT049-023,李敖札记,校对轮,已校对,政治,遮盖代忏悔,陶百川、徐复观这些帮国民党做恶的杂碎，他们做恶后到了台湾，偷洗血手，冒充清流，这一自我清洗的小动作是可以理解的，但是素来清白的党外人士却还帮他们清洗，反而奉他们为清流，这就不可以理解了。事实上，这种人首先该做的，是公开的、诚意的向我们大忏悔，以示诚意。但他们没有大忏悔，只有大遮盖。这种态度，是最没有诚意的态度，反证了他们只是欺骗我们罢了。王维的诗说：“遥爱云水秀，初疑路不同，安知清流转，偶与前山通。”他们毕竟是与前山通的国民党啊，跟我们总是路不同的！（1984年12月16日）,034.没有大忏悔，只有大遮盖.txt,2,《大李敖全集6.0》分章节/006.沉思日记类/007.李敖札记/034.没有大忏悔，只有大遮盖.txt,"国民党,清流,忏悔",LAT049-027
LAT049-024,李敖札记,校对轮,已校对,政治,开饭控制,2月24日中视午间新闻中有李登辉谈话，他把“开放的社会”念成“开饭的社会”，这个笨东西，连话都说不清楚。不过，他把“开放”念成“开饭”，倒也歪打正着呢！国民党统治台湾，不能“开放”，却能“开饭”——人人有得吃或勉强有得吃，才形成一片顺民的世界。设若没饭吃，大家铤而走险矣，纵有“主义”、“领袖”、“国家”、“责任”、“荣誉”等“五大信念”，又有何用哉？人人有饭吃，则随你“信念”五大十大一百大耳！（1984年12月16日）,036.开饭的社会.txt,2,《大李敖全集6.0》分章节/006.沉思日记类/007.李敖札记/036.开饭的社会.txt,"饭碗,顺民,政治控制",LAT049-028
LAT049-025,李敖札记,校对轮,已校对,法权,查禁双标,这一通电的事，在《蒋总统秘录》第七册中记其原委说：“国庆节的10月10日，宋哲元、石敬亭等二十七人联名通电反抗中央，反对编遣国军；此时，他们的首领冯玉祥还闲居在山西省的五台阎锡山处，当然他和这些作乱的部属是有着联系的。……国民政府立即于11日下令将宋、石等人免职拿办，并决定武力讨伐的方针。”这一通电，《传记文学》中除了有“对蒋先生肆意诋毁，措词极为激越。我们现在读了那篇电文，犹不禁痛愤其狂悖无状”等三十四个字评论外，通电全文，一律照登，设想如果党外刊物这样登了，非给查禁并戴上诋毁元首大帽子不可矣！国民党查禁与戴帽的漫无标准，由此可见一斑。（1984年12月16日）,037.批蒋通电出土.txt,4,《大李敖全集6.0》分章节/006.沉思日记类/007.李敖札记/037.批蒋通电出土.txt,"出版,查禁,法权",LAT049-029
LAT049-026,李敖札记,校对轮,已校对,人格,同情也要撑,这一辩解，很令我们开眼界。只是陈鼓应他们只不过在警总待了一夜，就放出来了，这么短的时间里就传出这种事，似乎跪地求饶得太早了些、似乎太没种了一点。听说他们有人在进门前就高举双手，大喊：“别打我，你们要我说什么我就说什么！”这种人，其种在水平以下，实开警总人犯洋相之新纪录。我们当然“应该同情被压迫者”，但是他们实在也该像样的撑一撑吧？（1984年12月17日）,038.下跪得太早了一点.txt,4,《大李敖全集6.0》分章节/006.沉思日记类/007.李敖札记/038.下跪得太早了一点.txt,"压迫,勇气,人格",LAT049-030
LAT049-027,李敖札记,校对轮,已校对,知识,自由小人,在我看了这个岛上的许多“中人”（所谓自由人士、学者专家）以后，我真的相信他们真是“穷则为小人，泰则为君子”的货色了，只可惜他们老是“小人固穷”，所以老是给老K做狗，君子之泰，总是不见了！（1985年2月11日）,041.中人的歧路.txt,4,《大李敖全集6.0》分章节/006.沉思日记类/007.李敖札记/041.中人的歧路.txt,"自由人士,知识分子,知识",LAT049-031
LAT049-028,李敖札记,校对轮,已校对,政治,准阉党,张春男的看法是很敏锐的。我总觉得，这是一个中国人有史以来最没有是非大义的岛，到处是伪君子和乡愿、到处是伪君子和乡愿、到处是伪君子和乡愿，过去虽然黑暗，但阉党是阉党、清流是清流，两者一下一上，有云泥之判；现在阉党固然仍为阉党，而所谓清流者，却是一个又一个“准阉党”，两者不相上下，而云即是泥。滑稽的是，勾结“国民党同路人与党友”的党外老小政客，居然还无耻的指责别人是“恶势力”，是非大义在真伪混淆之中，已经如此陵夷，这真是“汉唐以来所未有也”的鲜事。我纵横古今这么多年，从来没见识过这么多的伪君子和乡愿充斥在一个号称前进、号称党外的旗帜之下，我虽不大惊，却难免小怪，我真的有点激动呢！（1985年2月11日）,043.张春男的卓见.txt,4,《大李敖全集6.0》分章节/006.沉思日记类/007.李敖札记/043.张春男的卓见.txt,"党外,伪君子,是非",LAT049-032
LAT049-029,李敖札记,校对轮,已校对,知识,文人垮相,昨天我告诉老孟说，顾华已进了老人院。老孟说像顾华、冯承基、台静农这些知识分子，他们从大陆挫败来台，在国民党统治下，这种挫败之气，一直不能平息，他们一路垮下来了。我觉得虽然同是垮，可是其中台静农却垮得走样，台静农当年是鲁迅的大将，被捕后吓破了胆，从此“不干了”，以诗酒毛笔字自娱（实乃自“误”），如今垂老反倒愈发妖娆，一笔妖字上市，令人殊感其愈老愈无聊。至于与梁实秋同上台受国民党颁奖，则更属无聊双绝矣！（1985年3月20日）,044.无聊双绝.txt,2,《大李敖全集6.0》分章节/006.沉思日记类/007.李敖札记/044.无聊双绝.txt,"知识分子,台静农,文化",LAT049-033
LAT049-030,李敖札记,校对轮,已校对,写作,游记近真,“游记”在中国文学中，还算是一种比较自由解放的文体，也是比较接近真实的文体。因为山水之乐与中国出世、遁世的思想颇有关系。作者又大都是政治失意者或思想放达者，寄情游兴之作，往往真情流露。读过苏东坡前后《赤壁赋》的人，都会有这种感觉。（1985年7月10日）,045.中国的游记.txt,3,《大李敖全集6.0》分章节/006.沉思日记类/007.李敖札记/045.中国的游记.txt,"游记,真实,写作",LAT049-034
LAT049-031,李敖札记,校对轮,已校对,法权,绿岛比岛,宋朝的沙门岛“有军牢约束”，这与国民党军管绿岛（火烧岛）同级——国民党复兴中国文化呢！又法国流放囚犯，在南美有魔鬼岛（Devil's Island，属法属圭亚那），也与绿岛同级——国民党又全盘西化呢！（1985年7月11日）,046.沙门岛与魔鬼岛.txt,4,《大李敖全集6.0》分章节/006.沉思日记类/007.李敖札记/046.沙门岛与魔鬼岛.txt,"绿岛,流放,法权",LAT049-035
LAT049-032,李敖札记,校对轮,已校对,文化,无人读主义,多好笑啊！国民党整天宣传“三民主义”、考试“三民主义”，并号召以“三民主义统一中国”，可是大家却没看过“三民主义”！没看过正本足本“三民主义”。孙中山死而有知，不知做何感想也！（1985年7月11日）,047.谁看“三民主义”？.txt,4,《大李敖全集6.0》分章节/006.沉思日记类/007.李敖札记/047.谁看“三民主义”？.txt,"三民主义,宣传,文化",LAT049-036
LAT049-033,李敖札记,校对轮,已校对,政治,拒作利用,登恩4号请晚饭，说林希翎想约席中一谈，如不能去，林希翎饭后想来拜访。我都谢绝了。我告诉登恩，可转告林希翎：“李敖说，你来台湾干吗？你不该来台湾的，来台湾多少会被国民党利用。”今天登恩转告：“林希翎回话说：我来台湾干吗？我来看李敖啊！”（1985年10月13日）,049.拒见林希翎.txt,2,《大李敖全集6.0》分章节/006.沉思日记类/007.李敖札记/049.拒见林希翎.txt,"林希翎,国民党,政治利用",LAT049-038
LAT049-034,李敖札记,校对轮,已校对,政治,自大狂翻译,国民党党营的正中书局出版国民党教授李定一译《世界史纲》，不识原文中“Megalomania led them at last to the prossession of Egypt．”中Megalomania（自大狂）一字，竟翻译成“最后麦格隆满尼（Megalomania）王竟征服埃及”（应该译为“最后自大狂使他们占有埃及”）闹出了大笑话。不过话说回来，国民党的“麦格隆满尼王”其实未尝不是“自大狂”的同义字。看到这种人失国之际，犹以立国元勋的身份发言；做了亡国之君，犹以开国之君的气派发言，除了自大狂以外，真无法别做他解矣！（1985年12月7日）,050.国民党的自大狂.txt,2,《大李敖全集6.0》分章节/006.沉思日记类/007.李敖札记/050.国民党的自大狂.txt,"国民党,自大狂,政治",LAT049-039
LAT049-035,李敖札记,校对轮,已校对,法权,露点双标,去年1月19日我写信给国民党新闻局长张京育，说：“在贵局迭次‘扫黄’行动中，揭橥的标准是‘三点不露’，就是刊出的图片上，不得露出女人的两个奶头和阴部，凡露奶头和阴部者，皆在取缔之列、法办之列。虽然如此，藐视贵局规定而大露特露者，贵党主持之报纸固优为之。即以1984年2月21日到22日短短两日间为例，2月21日，《中国时报》刊出裸女图、同一天《新生报》刊出裸女图、同一天《大华晚报》刊出裸女图，奶头和阴部无一不露；2月22日，《联合报》又刊出裸女图，奶头和阴部又无一不露……凡此密集安露，贵局及有关单位皆睁一只眼闭一只眼，而唯小民是抓，此何等视野乎？又何等视觉乎？”最后我又举出国民党第一党报《中央日报）去年1月19日也登露奶头的照片，并告诉张京育：“我写这封信，并不是反对贵党第一党报登裸照，正相反的，我是赞成登裸照的，我始终相信，一代尤物，把她的裸体流传古今，雅俗共赏，亦大佳事，人人都愿意看，看了皆大欢喜，又假道学个什么？可叹的是假道学的是你们，你们订了‘三点不露’的标准，自己又不能遵守，因此特写此信，请局长先生明告取舍，俾使小民知所进止，在未蒙明告惩办《中央日报》前，吾侪小民，自当援例刊出着蝉透之衫、露峰起之奶的裸女照片，以为跟进。”如今，一年将尽了，张京育没回我的信，但“是他们的传播媒体，却照样露峰起之奶不绝。即以今天（1985年12月24日）《民族晚报》为例，他们不但登出巴黎“滚马俱乐部”的上空乳房，并以《众人皆隐我独出》的标题，广事宣扬，真令人佩服也。吾侪小民，安得不跟进乎？（1985年12月24日）,053.又是露奶头问题.txt,2,《大李敖全集6.0》分章节/006.沉思日记类/007.李敖札记/053.又是露奶头问题.txt,"裸体,扫黄,法权",LAT049-040
LAT049-036,李敖札记,校对轮,已校对,法权,小留学生特权,国民党驻美黑代表钱复，1月7日报告，谈到“小留学生”的问题。他指出：我们在美国的小留学生，人数一万以上，他们虽是中国人，但中国语文教育基础不足，又因护照过期，要升大学也成了问题，最严重的是隔离父母，缺乏家庭教育，影响人格的发展，个人又无法照顾自己生活，滋生了许多问题。将孩子过早送到外国的父母，实在对不起孩子云云。但是，1983年1月4日，钱复上任登机前，却明明看到他念高三的儿子、念初三的女儿，和他一道儿去美国了，这一子一女，难道不是小留学生吗？不同的是：别人只是没有钱复这种可以举家赴美的特权而已。正因别人无此公然由正门大道逃避兵役的特权，所以才不得不出之以旁门左道。钱复之言，真不要脸哉！（1986年1月9日）,054.你的小留学生呢？.txt,2,《大李敖全集6.0》分章节/006.沉思日记类/007.李敖札记/054.你的小留学生呢？.txt,"小留学生,特权,法权",LAT049-041
LAT049-037,李敖札记,校对轮,已校对,知识,马屁章法,我看了，直起鸡皮疙瘩，并且大笑不止。查《荒漠甘泉》乃洋教棍著的书，怎能说成蒋经国的“手著”？“江西剿共”乃蒋介石干的事，怎能算在蒋经国的头上。《守灵百日记》并无此文，有的只是《守父灵一月记》，黄石城显然硬把孝子蒋经国按在“慈湖”，多住了七十天也！蒋经国真要哭笑不得了也！寄语黄石城：多看点书，拍马屁也得有点章法吧？（1985年12月19日）,056.黄石城的马屁经.txt,4,《大李敖全集6.0》分章节/006.沉思日记类/007.李敖札记/056.黄石城的马屁经.txt,"张大千,马屁,知识",LAT049-042
LAT049-038,李敖札记,校对轮,已校对,政治,责人昧己,邱连辉竞选屏东县长失败，不甘寂寞之余，高速投靠国民党，竟出任省政府顾问兼诉愿委员会主任委员。1月17日《八十年代》登出尤清谈话，尤清说，事先他劝阻邱连辉，理由有二：“第一点，选举的失败不值得灰心，因为以他一人的力量与国民党对抗自然是处于劣势。第二点，依他的身分、地位‘管’邱创焕是绰绰有余，何必屈就邱创焕之下呢？”尤清的话，都言之成理、都没有错。但是，令人不解的是：你尤清这次抢破头来竞选台北县长，幸亏你落选了；如果你没落选，当上台北县长，试问以那时候的县太爷“身份、地位”，是受谁“管”呢？国民党省主席邱创焕岂不正是你的顶头上司么？你不正是抢破头要“屈就邱创焕之下”么？（1986年1月29日）,059.尤清明于责人、昧于知己.txt,2,《大李敖全集6.0》分章节/006.沉思日记类/007.李敖札记/059.尤清明于责人、昧于知己.txt,"尤清,县长,政治",LAT049-043
LAT049-039,李敖札记,校对轮,已校对,文化,媒体迷信,初一午间华视新闻，国民党竟利用独占的传播媒体，提倡迷信，访问起当代“妖僧”林云来！林云说，“中华民国”国运已经否极泰来，“中华民国”的气非常兴旺，现在走泰来的运，大陆则是乌云蔽日。大家接祥气、除晦气的方法，初一、十五晚上子时（11至1点）以十五分钟时间，用九片新鲜橘子皮，剪成圈形，扔到每个主要房间去。……接着他以指上手势为蒋经国祈福。——一派迷信的妖妄之行，看了真令人厌恶。（1986年2月9日）,061.橘皮何辜？.txt,2,《大李敖全集6.0》分章节/006.沉思日记类/007.李敖札记/061.橘皮何辜？.txt,"电视,迷信,文化",LAT049-044
LAT049-040,李敖札记,校对轮,已校对,法权,败亦可喜,我在国民党统治之下，一直是以“成固欣然，败亦可喜”的心态打官司的。我反正站在正义的一边，法官苟有异数，同我一边，是谓“欣然”；法官同流合污，不同我一边，但他们的判决书可以被我遗臭万年，留为历史活证，这也不错，是谓“可喜”。（1986年2月12日）,063.打官司的成与败.txt,2,《大李敖全集6.0》分章节/006.沉思日记类/007.李敖札记/063.打官司的成与败.txt,"诉讼,判决书,法权",LAT049-046
LAT049-041,李敖札记,校对轮,已校对,法权,盗国法理,罗马法中小偷偷东西，永远不准取得所有权。老友赵承厚家有小狗，占有欲极强，偷你东西，放到它窝里，你去拿回，它就把你以强盗视之，盖不知罗马法者也。小狗不识字，不知罗马法，不怪它，但窃国者国民党总识字吧？（1986年3月5日）,064.狗与罗马法.txt,2,《大李敖全集6.0》分章节/006.沉思日记类/007.李敖札记/064.狗与罗马法.txt,"罗马法,盗国,法权",LAT049-047
LAT049-042,李敖札记,校对轮,已校对,知识,胡适专家,台大历史系教授张忠栋，《在动乱中坚持民主的胡适》讲稿（1986年2月25-27日）中，用的是“蒋委员长与汪精卫于民国二十三年11月27日发表一则通电”的次序，这是与史法不合的。汪精卫当时排名明明在前，如今崇蒋抑汪，当然不对。又说“胡适写信给周鲠生，公开发表于《独立评论》”云云，更是大错。《独立评论》创刊于1932年5月22日，停刊于1937年7月25日，共出二四四期，是抗战前的重要刊物。《独立时论》则是抗战后的产物，创于1947年。1948年4月，曾有《独立时论集第一集》出版（发行者独立时论社、发行所北京大学出版部）。在序中明说：“在民国三十六年的春天，我们一些在北平教学的朋友们，觉得应该利用余暇，写写文章，对重要的时事问题，以独立的与公正的立场，发表一点意见。我们认为在目前我国情形之下，这是我们在教学以外应尽的一种社会职责。我们很希望我们的意见能够有助于国家政治、经济、社会、教育、文化及科学的进步。但是单独出版刊物是我们的财力所不许的；专给一地的刊物撰文，读者究竟是有限的；同时给各地许多刊物分别撰稿，我们的时间是不够的。因此我们决定仿照欧美专栏作家的办法，将文稿寄发国内外各地报馆同时发表，而文责仍由作者自负。”可见它的性质所在。胡适给周硬生的信，原题《国际形势里的两个问题》，我在《胡适选集》中曾对它加以考订说：“选自《独立时论》文稿（三十七年2月1日北平出版）。此文当时报章杂志转载极多。后收入《胡适的时论一集》（三十七年北平六艺书局出版），《我们必须选择我们的方向》（1950年台北自由中国社出版）。”如今张忠栋不学，竟闹出《独立评论》《独立时论》都分不清的笑话，实在不配研究胡适。我看还是去做信口开河的座谈会专家吧，别做胡适专家了！（1986年3月6日）,065.呜呼胡适专家！.txt,2,《大李敖全集6.0》分章节/006.沉思日记类/007.李敖札记/065.呜呼胡适专家！.txt,"胡适,考证,知识",LAT049-048
LAT049-043,李敖札记,校对轮,已校对,政治,死人骗活人,四月六日《中国时报》登共产党那边的消息，说：“昨天，中共主动在北平召开了‘天安门事件’十周年的纪念大会，……今年是文化大革命发起的二十周年，也是周恩来死亡、‘天安门事件’、‘唐山大地震’、毛泽东死亡、‘四人帮’被逮、华国锋政变‘登基’、文化大革命结束十周年，在这一连串的大日子中，难免激发人们的沉思，尤其是中共既没有回答去年学生提出的问题，又没有解决物价飞涨造成的经济衰退。此时此刻，人们郁积在心头的‘闷气’，很可能就会借‘天安门事件’十周年寻求发泄，导致历史重演。鉴于此，中共才主动搞了这次‘纸船明烛照天烧’（意即‘借死人骗活人’）的纪念大会。其目的，自然不外乎还是为了化解群众运动。”云云。对照起同一天国民党这边的消息来，一片去“慈湖谒陵”的举动，我看这边干的，才真是“借死人骗活人”呢！共产党比无耻，可比不上国民党呢！（一九八六年四月八日）,066.借死人骗活人.txt,2,《大李敖全集6.0》分章节/006.沉思日记类/007.李敖札记/066.借死人骗活人.txt,"纪念,国民党,政治",LAT049-049
LAT049-044,李敖札记,校对轮,已校对,法权,戒严无耻,1949年5月19日，国民党在这一天起在台湾实施戒严。最近，郑南榕发起“五一九绿色行动”，来纪念这个“台湾戒严日”。在菲律宾“黄色运动”成功的今日，这一行动，当然别有意义。回想1982年10月15日，孙运璿在立法院答复许荣淑，居然说：“戒严令不是实行多久的问题，而是该不该实行的问题，该实行，三十年要实行，四十年也要实行！”这种悍然无耻的心态，真是千古所无。不过，国民党要想戒严一戒四十年，恐怕也时不我与了，至少孙运璿看不到，他的主子蒋经国也看不到了。（1986年4月8日）,067.戒严四十年？.txt,2,《大李敖全集6.0》分章节/006.沉思日记类/007.李敖札记/067.戒严四十年？.txt,"戒严,孙运璿,法权",LAT049-050
LAT049-045,李敖札记,校对轮,已校对,政治,外交倒退,西方俗话说：“外交是用最好的方法，做出并说出最脏的事。”（Diplomacy is to do and say the nastiest thing in the nicest way．）这种俗话，乃是洞彻外交通则而来。这种外交通则，传统的中国人并不太懂。传统的中国人，只懂得“万国衣冠拜冕流”、只懂得“夷狄进入中国则中国之”。但是中国人不懂得万一万国不肯拜冕旒或夷狄不肯进入中国则怎么办？光凭军队去打固不是办法；“怀柔”、“和亲”、“人质”、“驭夷”、“赏赐”。“片板不许入海”等等手段，有效的程度也不乐观。于是，中国人不得不慢慢练习正视这个中国以外的世界、慢慢调整与这个世界的关系、慢慢学着别人的样子，去用最好的方法，做出并说出一些事。这一转变，是中国从夷务进入外交的开始。可笑的是，今天国民党办外交，却一反其道，“用最‘坏’的方法，做出并说出最脏的事。”其水准不但不外交，甚至夷务都不如矣！（1986年5月1日）,076.国民党的外交.txt,2,《大李敖全集6.0》分章节/006.沉思日记类/007.李敖札记/076.国民党的外交.txt,"外交,国民党,政治",LAT049-053
LAT049-046,李敖札记,校对轮,已校对,政治,先烈家属,午与王小痴谈。小痴说：“黄花岗七十二烈士，福建省十九人。最出名的是林觉民，他的孙子和我小学同学。意映我也见过。只知道抗战时全家饿死。在方声涛做福建省长时，这些烈士家属定下由省府供养的例子，后来国民党就不太履行，经常欠付，到了抗战，就中断了。”由此可见，同志无情如此，革命先烈尚可为哉？（1986年7月2日）,077.先烈家属下场.txt,2,《大李敖全集6.0》分章节/006.沉思日记类/007.李敖札记/077.先烈家属下场.txt,"革命,家属,政治",LAT049-054
LAT049-047,李敖札记,校对轮,已校对,人格,吾就是高人,这段话甚逗。我写文章，真希望“冥冥中似有神助或高人指点”，问题是何方神圣能助我呢？哪来高人来指点我呢？事实上，我就是神、吾就是高人也！（1986年9月9日）,079.我就是神、吾就是高人.txt,4,《大李敖全集6.0》分章节/006.沉思日记类/007.李敖札记/079.我就是神、吾就是高人.txt,"写作,自信,人格",LAT049-056
LAT049-048,李敖札记,校对轮,已校对,方法,工作即消遣,工作和消遣我根本没把它看做两件事，对我根本是一件。世俗把工作和消遣分成两件，并且认为有点对立，工作是苦、消遣是乐，我认为是大错。,081.日历在我眼中全是黑字.txt,2,《大李敖全集6.0》分章节/006.沉思日记类/007.李敖札记/081.日历在我眼中全是黑字.txt,"工作,消遣,方法",LAT049-057
LAT049-049,李敖札记,校对轮,已校对,政治,帝国群贤,今天报载坐落在济南路上的立法院新盖大楼落成后，取名“群贤楼”，一年多来有关名称问题，时有争论。因为有的立委认为，自喻“贤”人，实有未妥。依我看来，这些立委毋乃太谦了。因为“中华民国”明明是蒋家天下的“中华帝国”，却自喻“民”国不误，立委老兄们“贤”它一下，又何必脸红哟！（1986年9月26日）,084.“贤”就“贤”吧！.txt,2,《大李敖全集6.0》分章节/006.沉思日记类/007.李敖札记/084.“贤”就“贤”吧！.txt,"立法院,中华民国,政治",LAT049-059
LAT049-050,李敖札记,校对轮,已校对,方法,捣乱七件,1936年2月27日，王正廷在厦门演说，题目是：“要如何去破坏一个团体？”方法有七：一、开会不到；二、每到必迟；三、到会不发言；四、散会后发不负责的批评；五、选举必争；六、争到手了又不负责；七、争不到手便宣告退会。这七点高招，前四点国民党最拿手；后四点党外最行家。（1986年10月7日）,085.捣乱七要件.txt,2,《大李敖全集6.0》分章节/006.沉思日记类/007.李敖札记/085.捣乱七要件.txt,"团体,捣乱,方法",LAT049-060
LAT049-051,李敖札记,校对轮,已校对,文化,麻将格局,记得包奕洪告诉我：台湾麻将打十六张，与大陆麻将打十三张的不同。大陆麻将不急于抢和牌（胡牌），可把牌尽量做好、做大，打起来有成就感、有大志；而台湾麻将却以“和屁和”（胡屁胡）为能事，尽量不放冲、格局小，打起来无成就感、没出息。麻将小事，可以喻大。（1986年10月7日）,086.从麻将喻大.txt,2,《大李敖全集6.0》分章节/006.沉思日记类/007.李敖札记/086.从麻将喻大.txt,"麻将,台湾,文化",LAT049-061
LAT049-052,李敖札记,校对轮,已校对,写作,日记抽样,监狱是一个叫你两难的地方，它使你有足够的时间写日记，却没有足够的事件去写。监狱的生活是全世界各行各业中最单调的，单调得每天都一样，每天上午都一样，每天下午都一样，每天晚上都一样，每个星期一和星期二一样，和星期三、星期四、星期五、星期六、星期天、下星期一……都一样。所以，监狱中任何一天的日记都是标准的抽样，都是够格的代表。,087.监狱与日记.txt,2,《大李敖全集6.0》分章节/006.沉思日记类/007.李敖札记/087.监狱与日记.txt,"监狱,日记,写作",LAT049-062
LAT049-053,李敖札记,校对轮,已校对,政治,台湾监狱,我在台湾很少写日记，因为广义来说，台湾就是一座大监狱，单调得很少值得一记。（1986年10月7日）,087.监狱与日记.txt,4,《大李敖全集6.0》分章节/006.沉思日记类/007.李敖札记/087.监狱与日记.txt,"台湾,监狱,政治",LAT049-063
LAT049-054,李敖札记,校对轮,已校对,政治,献花规格,先生们搞游行示威，示到后来，却由夫人们向警察大献其花，我真不明白这是哪一国的政治规格！比照起上一次搞请愿，请到后来，却与警察对唱起山歌来那一幕，今日之献花，自是顺理成章者也！但比照起1974年葡萄牙起事，小女童以花插在军方枪口上那一幕，则今日所谓党外献花派，真要羞愧而死矣！（1986年10月7日）,088.献个哪门子花！.txt,2,《大李敖全集6.0》分章节/006.沉思日记类/007.李敖札记/088.献个哪门子花！.txt,"游行,献花,政治",LAT049-064
LAT049-055,李敖札记,校对轮,已校对,方法,带物做工,我是天下第一忙人。忙的情形，有“来回带物法”可见一斑。“来回带物法”是我自己摸索出来的方法，就是在家里，只要一走动身体，不论从书桌到餐桌，或是从这间房到那间房，来去之间，绝不空手，总要顺便带件资料，把相关的一切顺手归位。甚至小便时也此尿不白洒，一边小便，一边看马桶盖上的零星资料，顺手带回，即予分类入档。虽然这样勤勉，一天下来，总还觉得时间不够用，恨不能延寿半世纪，把永远做不完的事，再多做一些。（1986年10月12日）,089.来回带物法.txt,2,《大李敖全集6.0》分章节/006.沉思日记类/007.李敖札记/089.来回带物法.txt,"资料,时间,方法",LAT049-065
LAT049-056,李敖札记,校对轮,已校对,法权,道歉关键,与龙律师谈多件讼案。龙律师转告：林正杰入狱前托郑胜助律师转告，说他如今已入狱，请李敖不要再告他了。我说他们诽谤我时，不可一世，固不知要入狱；我告他们诽谤时，也不知他要入狱，他今天入狱不入狱，根本跟我告他是两码事。不过他如认错道歉，我自然可以放他一马。换句话说，这事的关键在他肯不肯认错道歉，不在他入不入狱，两件不相干的事，不要扯在一起也。（1986年10月13日）,090.转话是不够的.txt,2,《大李敖全集6.0》分章节/006.沉思日记类/007.李敖札记/090.转话是不够的.txt,"诉讼,道歉,法权",LAT049-066
LAT049-057,李敖札记,校对轮,已校对,知识,校史截断,台北工专今日庆祝建校七十五周年，显然是从日治时代创校起算的。但是台湾大学的建校算法却邪门得很。它明明建校在1928年（若从医学部起算，且可追溯到民国前十二年之台湾总督府医学校），却被拦腰剪断，硬从1945年抗战胜利接收台北帝国大学算起，真是太没道理了。比较起来，台北工专是小学校，反倒可以不被注意，得保前史。此所谓“校失求诸小”也。（1986年11月1日）,091.工专长寿·台大短命.txt,2,《大李敖全集6.0》分章节/006.沉思日记类/007.李敖札记/091.工专长寿·台大短命.txt,"台大,校史,知识",LAT049-067
LAT049-058,李敖札记,校对轮,已校对,写作,反蒋出版,这次出版（蒋介石研究），一下子打中要害，真是大快人心之事！总算在众口一声大喊万岁之时，表达了不同的声音与抗议，也证明了全台湾还有活人在！还有不买你蒋家帐的人在！这次冥诞，他妈的党外全部噤若寒蝉了，没人敢攻击蒋介石了。,092.出版《蒋介石研究》.txt,2,《大李敖全集6.0》分章节/006.沉思日记类/007.李敖札记/092.出版《蒋介石研究》.txt,"蒋介石研究,出版,写作",LAT049-068
LAT049-059,李敖札记,校对轮,已校对,政治,公卖报应,国民党以纸烟公卖牟利几十年，最近被美国逼得手足无措，盖洋烟进口，由于物美价廉，公卖下场，势必如戒烟妙盒一般，也将一了百了、也将根本解决，天道好还、恶有恶报，正此之谓也。（1986年11月6日）,093.戒烟妙盒.txt,3,《大李敖全集6.0》分章节/006.沉思日记类/007.李敖札记/093.戒烟妙盒.txt,"纸烟公卖,美国,政治",LAT049-069
LAT049-060,李敖札记,校对轮,已校对,情爱,快乐诗意,阑干在古典文学里有两个用法，一个是“泪阑干”的用法，一个是“倚阑干”的用法。前者的阑干是“纵横”的意思，所以蔡琰《胡笳十八拍》中说“岂知重得兮入长安，叹息欲绝兮泪阑干”，就是指泪流满面；后者的阑干是“栏杆”的意思，所以李白《清平调》中说“解释春风无限恨，沉香亭北倚阑干”，就是指倚栏寄怀。这两个用法本是分开的，如果有美人焉，要一边泪流满面一边倚栏寄怀，那就阑干又阑干，二合一矣。不过，这并不是什么好现象，虽然很诗意。但我看到一张裸女图，一洋美人也是倚栏，但却一派勾魂巧笑，全无泪痕，看后不由觉得“倚阑干”派实比“泪阑干”派更诗意。快乐就是诗意，我由此图得之。（1986年12月8日）,094.“泪阑干”与“倚阑干”.txt,2,《大李敖全集6.0》分章节/006.沉思日记类/007.李敖札记/094.“泪阑干”与“倚阑干”.txt,"裸体,快乐,情爱",LAT049-070
LAT049-061,李敖札记,校对轮,已校对,法权,出入境戏,从东京动物园的熊猫录影带中，看到这种可爱动物的动态画面，喜欢得不得了。最近中国共产党表示：如果台北动物园有意，他们可以赠送一对熊猫过来。共产党打这种“熊猫牌”，真不知国民党怎么接法。熊猫固然为“熊匪猫”，但在大陆中药公然由物资局进口之际，若说能拒熊猫于台湾海峡之外，实在无以自圆其说。好在国民党老下脸皮已久，总是那边该过来的不准过来，这边该出去的不准出去，结果那边从爹娘到熊猫，一概不准看；这边从老兵到李敖，一概不准走。年复一年演出的，是一派荒唐绝顶的政治戏，真他妈的王八蛋哉！（1986年12月8日）,095.“熊匪猫”问题.txt,2,《大李敖全集6.0》分章节/006.沉思日记类/007.李敖札记/095.“熊匪猫”问题.txt,"出入境,熊猫,法权",LAT049-071
LAT049-062,李敖札记,校对轮,已校对,法权,广告执法,这次国民党政府和它“美国爸爸”订中美烟酒协议，五次谈判下来，丧权辱己，丢人之至。今天国民党《中央日报》登：“经济部高级官员指出，我国在中美烟酒谈判的计价方面让步，是换取美国烟酒进口商的广告数量，这显示政府宁可收入减少，也不放弃保障国民健康的原则。”“这位官员承认：最初美方同意的公卖利益比现在协议的数字高；但是要求不能有广告方面的限制，我方担心在强力促销下，会使青少年吸烟人口大增，因此坚持不能大作广告，经反复磋商，双方各让一步。”云云，听来不胜好笑。查国民党禁刊李敖和党外书刊的广告，一声令下，各报纷纷拒登，既然行政命令如此方便，为什么不对“美国爸爸”来这么一招呢？何苦以“计价方面让步”，换取广告数量的减少呢？由此一事，可见国民党的本领全是“家里光棍”，一出了门，就被人揍得鼻青眼肿。古今汉奸政权多矣，但对内内行对外外行如国民党者，未之有也！（1986年12月9日）,096.广告成问题吗？.txt,2,《大李敖全集6.0》分章节/006.沉思日记类/007.李敖札记/096.广告成问题吗？.txt,"广告,烟酒谈判,法权",LAT049-072
LAT049-063,李敖札记,校对轮,已校对,政治,党外正统,唐朝玄武门之变，李世民的哥哥李建成、弟弟李元吉都被杀。唐高祖问左右意见，萧瑀、陈叔达说：“建成、元吉本不预义谋，又无功于天下。”无功如此，竟想夺权，自然招祸。今天的所谓民进党新贵，大都也是“不预义谋，又无功于天下”的党外投机者，这种人篡夺党外正统，一如当年蒋介石篡夺国民党正统，对党而言，绝非佳兆也。（1986年12月9日）,097.民进党绝非佳兆也.txt,2,《大李敖全集6.0》分章节/006.沉思日记类/007.李敖札记/097.民进党绝非佳兆也.txt,"民进党,党外,政治",LAT049-073
LAT049-064,李敖札记,校对轮,已校对,写作,白话前三,1979年6月，远景出版社沈登恩为我印《独白下的传统》。我在扉页里自我歌颂，说：“五十年来和五百年内，中国人写白话文的前三名是李敖，李敖，李敖，嘴巴上骂我吹牛的人，心里都为我供了牌位。”——这几句“复出题辞”，看过的人，震于气魄者固多，骂我吹牛者亦不少。殊不知《释常谈》中记谢灵运的话，比我还吹得凶。谢灵运说：“天下才一石，曹子建独占八斗，我独得一斗，天下共分一斗。”可见我只要前三名而已，谢灵运和曹植却要十分之九呢！（1987年2月6日）,099.只要前三名还算客气的呢！.txt,2,《大李敖全集6.0》分章节/006.沉思日记类/007.李敖札记/099.只要前三名还算客气的呢！.txt,"白话文,散文,写作",LAT049-074
LAT049-065,李敖札记,校对轮,已校对,知识,历史识见,最近为伊朗秘密军售案，里根总统瞒着国务卿舒尔茨，全美为之震惊。其实美国总统私下瞒着国务卿办事，所在多有，尼克松总统进军入柬境，国务卿罗杰斯就被瞒着。人不知历史，故常大惊小怪也。（1987年2月6日）,100.美国总统专瞒国务卿.txt,2,《大李敖全集6.0》分章节/006.沉思日记类/007.李敖札记/100.美国总统专瞒国务卿.txt,"历史,总统,知识",LAT049-075
LAT049-066,李敖札记,校对轮,已校对,法权,禁书漏网,下午消息：前天晚上，“陈守山上将”在夜市私访，看到李敖著《蒋介石研究续集》一册，昨天一早开会，大发雷霆，责手下查禁不力，李敖的禁书竟有漏网！10点钟起，各路人马分批倾巢而出，约五十余人，到各书摊反复做地毯式搜查，闹到夜深方停。,103.警备总司令大发雷霆.txt,2,《大李敖全集6.0》分章节/006.沉思日记类/007.李敖札记/103.警备总司令大发雷霆.txt,"禁书,警备总司令,法权",LAT049-077
LAT049-067,李敖札记,校对轮,已校对,法权,延宕快意,哈姆雷特（Hamlet）把“法律的延宕”（the law’s delay）列为人生苦痛之一，但对我说来，却觉得延宕之中，也别有一种凌迟敌人的战斗风味。洋人谚语说：“Sow the wind and reap the whirlwind．”（恶有加倍恶报；恶事之报，果大于因，为恶者终食更恶之果。）看到在延宕中，敌人一个个遭到加倍恶报，不亦快哉！（1987年3月8日）,104.法律延宕也别有好处.txt,2,《大李敖全集6.0》分章节/006.沉思日记类/007.李敖札记/104.法律延宕也别有好处.txt,"法律延宕,报应,法权",LAT049-078
LAT049-068,李敖札记,校对轮,已校对,政治,动武无知,这个岛上的一切都不够看，即使在议会动武亦复如此。议会中偶有一点动武场面，大家就大惊小怪、一再称道、喊万岁，其实那又算什么！看看北洋时代的议员吧，北洋时代的议员，为了指斥议长任期已满、要改选，动武的程度，是痰盂与墨盒齐飞，拳打共脚踢一色，绝不像国民党和它的民进党这样小场面。总之，这岛上多是没见过市面的，大家引为洋洋自得者，其实都是无知自大耳！（1987年3月8日）,105.动武不够看.txt,2,《大李敖全集6.0》分章节/006.沉思日记类/007.李敖札记/105.动武不够看.txt,"议会,动武,政治",LAT049-079
LAT049-069,李敖札记,校对轮,已校对,政治,老兵一榻,胡虚一先生算是“大有为政府”肯照料的老退伍军人之一，前些日子他被恩准有终老之所，他兴致冲冲，跑去一看，原来终老之所竟是一间房中许多榻榻米中的一块榻榻米！国民党如此待遇大陆老兵，真堪令人痛恨！宋人笔记《邵氏闻见录》记宋太祖冒风雪夜访赵普，说：“吾睡不着，一榻之外，皆他人家也。”宋太祖的意思是敌国未灭、天下犹非我所有之意，如今天下非国民党所有，所以一榻之内，即他人家矣！（1987年4月13日）,107.一榻内外.txt,2,《大李敖全集6.0》分章节/006.沉思日记类/007.李敖札记/107.一榻内外.txt,"老兵,国民党,政治",LAT049-080
LAT049-070,李敖札记,校对轮,已校对,政治,地方骑民,国民党是中国人，它都要骑在自己人民头上；台湾人即使不是中国人，它不朝自己人民的头上骑吗？独立了又怎样？看到目前这些政治杂碎的嘴脸，可以断言的是：他们骑自己人民的作风，跟国民党别无二致，他们是同样货色啊！（1987年8月11日）,115.同样货色的党、同样货色的骑.txt,2,《大李敖全集6.0》分章节/006.沉思日记类/007.李敖札记/115.同样货色的党、同样货色的骑.txt,"地方政治,独立,政治",LAT049-082
LAT049-071,李敖札记,校对轮,已校对,人格,敌无生死,当年蒋介石在庐山谈话时，说“如果战端一开，那就地无分南北，人无分老幼”，都要迎战。如今我却以为，要再加上“敌无分生死”，才能更尽此义。例如我对蒋氏父子，便是如此。对死者鞭尸、对生者追击，这才是复仇者的公理啊！（1987年9月23日）,117.“敌无分生死”.txt,2,《大李敖全集6.0》分章节/006.沉思日记类/007.李敖札记/117.“敌无分生死”.txt,"复仇,敌人,人格",LAT049-083
LAT049-072,李敖札记,校对轮,已校对,写作,谤书对书,在所谓党外人士、所谓民进党员印行“李敖死了”谤书的时候，在所谓无党无派独立经营的国民党同路人刊出“李敖死了”广告大为宣传的时候、我却夷然出版“蒋经国死了”（《蒋经国研究》）的书。谁的境界高、谁的胆量大、谁的枪口真正对外，明眼人一看便知矣！（1987年9月23日）,118.从“李敖死了”到“蒋经国死了”.txt,2,《大李敖全集6.0》分章节/006.沉思日记类/007.李敖札记/118.从“李敖死了”到“蒋经国死了”.txt,"诽谤,出版,写作",LAT049-084
LAT049-073,李敖札记,校对轮,已校对,法权,小偷诉苦,王小痴告人盗印他的文章成书，被告当庭陈述，反倒责怪王小痴说：“原告方面太不体谅人了，他不知道我们印这些书，半夜里搬来搬去多辛苦！”云云。所有小偷都是半夜不能睡觉，出门辛苦的，这样说来，他们不但没罪，还该慰劳呢！（1988年3月4日）,119.小偷的逻辑.txt,2,《大李敖全集6.0》分章节/006.沉思日记类/007.李敖札记/119.小偷的逻辑.txt,"盗印,法庭,法权",LAT049-085
LAT049-074,李敖札记,校对轮,已校对,法权,被告喊累,我告康宁祥等诽谤案，被告之一王杏庆（南方朔）当庭陈述，说他们八名被告要一再出庭，出得好累，他们才是被害人云云。这样说来，他们也该慰劳呢！这种人有工夫诽谤人，却没工夫出庭，可真怪哉！（1988年3月5日）,120.被告的逻辑.txt,2,《大李敖全集6.0》分章节/006.沉思日记类/007.李敖札记/120.被告的逻辑.txt,"诽谤,出庭,法权",LAT049-086
LAT049-075,李敖札记,校对轮,已校对,文化,关系可耻,一切要靠“拉关系”、要靠人际关系好才能办事的现象，是可耻的！因为它把“人情”高过“是非”，又违反公平原则。中国人最犯此病。结果人的精神、时间都花在做公关、交朋友、拍肩捏臂、酒食征逐上面，一切都讲关系才能过关了，这成什么话啊！（1988年3月5日）,121.斥公关（公共关系）.txt,2,《大李敖全集6.0》分章节/006.沉思日记类/007.李敖札记/121.斥公关（公共关系）.txt,"公共关系,公平,文化",LAT049-087
LAT049-076,李敖札记,校对轮,已校对,知识,双料不懂,陈鼓应讲尼采，不懂德文；讲庄子，不懂古文，却在大陆冒充学者，真替台湾丢人也！（1988年5月30日）,123.双料不懂.txt,2,《大李敖全集6.0》分章节/006.沉思日记类/007.李敖札记/123.双料不懂.txt,"陈鼓应,学者,知识",LAT049-088
LAT049-077,李敖札记,校对轮,已校对,人格,双料伪善,西藏佛棍口口声声不用农药、不杀生，但是却大吃牛羊肉，若问这不是杀生吗？他们却说：“不是我杀的。”他们同时还最看不起屠夫，此真双料伪善矣！（一九八八年五月三十日）,124.双料伪善.txt,2,《大李敖全集6.0》分章节/006.沉思日记类/007.李敖札记/124.双料伪善.txt,"伪善,宗教,人格",LAT049-089
LAT049-078,李敖札记,校对轮,已校对,知识,无脊梁学人,所谓海外自由学人，其实正是国民党不给人自由的人证。试看国民党一再不准丘垂亮等人入境，他们一再受挫受辱，却在海外“感皇恩”不绝，以便再获入境作秀。这种知识分子既无聊又无脊梁，连自己所受的不自由待遇，都不敢奋起抗争，若叫他们为苦难同胞奋起抗争，岂可得乎？随手翻看Ralph Buchsbaum Anlmals Without Backbones，我想作者若晚五十年再写这部书，一定为所谓海外自由学人加一章矣！（1988年6月7日）,125.海外自由学人的嘴脸.txt,2,《大李敖全集6.0》分章节/006.沉思日记类/007.李敖札记/125.海外自由学人的嘴脸.txt,"海外自由学人,自由,知识",LAT049-090
LAT049-079,李敖札记,校对轮,已校对,知识,末代样品,“末”是中国传统的戏剧脚色名目，一般演中年以上男子。元曲中本以“末”与“旦”为当场正角，到了传奇至昆曲，又以“生”“旦”对立为正角，但以“末”开场。所以从字面上看，“末”像收尾，但其作用，又是开场。末代皇帝溥仪这个人，是中国帝王之“末”，但又何尝不是中国平民之“末”？此人的象征意义，真是古之所无、今之绝有。他从帝王转为囚犯、再从囚犯转为平民的过程，最富传奇性。研究这一个人，无异研究了最好的取样，他是人类浮沉对比最强烈的缩影。（1988年6月7日）,126.末.txt,2,《大李敖全集6.0》分章节/006.沉思日记类/007.李敖札记/126.末.txt,"溥仪,历史,知识",LAT049-091
LAT049-080,李敖札记,校对轮,已校对,写作,右派左拉,我是随时随地利用零碎时间的，今天刮脸时想起：我为张学良、孙立人辩冤白谤，其实和左拉（Emile Zola）写《我控诉》（J’accuse）又有什么不同？我为所谓张学良、孙立人叛国事件辩冤白谤，其实无异左拉为所谓德雷夫斯事件（The Dreyfus Affair）辩冤白谤一样。整天所做的，是把右派朝左拉而已。（1988年11月26日）,127.左拉与我.txt,2,《大李敖全集6.0》分章节/006.沉思日记类/007.李敖札记/127.左拉与我.txt,"左拉,辩冤,写作",LAT049-092
LAT049-081,李敖札记,校对轮,已校对,法权,自限尺度,极权国家的言论尺度不是一个，而是两个。一个是官方允许的尺度，一个是因恐惧官方而自我设限的尺度，后者其实比前者还严。前者的尺度是“剃刀”，后者的尺度是“剃刀边缘”，为了跟剃刀保持一点安全距离，所以不能紧逼边缘，而要留点空间。这一空间，就使上限更下降了。按说言论的尺度是要愈来愈突破它的，可是国民党极权下的知识分子没胆量，却愈来愈躲开它，结果“君子自重”的自我设限，比官方允许的极限还要低，官方高枕大乐矣！（1988年11月26日）,128.极权国家的言论尺度.txt,2,《大李敖全集6.0》分章节/006.沉思日记类/007.李敖札记/128.极权国家的言论尺度.txt,"言论尺度,自我设限,法权",LAT049-093
LAT049-082,李敖札记,校对轮,已校对,法权,国代疑点,本月9日，张俊宏、许荣淑请晚饭。许荣淑助理吕金霙问国大选举内幕资料，我说可查《国民大会实录》，并“指示”她哪里可以找到。十天后见报，知道张俊宏主持的台湾政治经济研究室公布报告，共计有四〇九名老国代是非法当选的。报告指出至少有三大疑点：一、当年选举时全国已有七百零二个县市（包括蒙古七盟旗在内）沦陷匪区，其选举系由设在各地的“绥靖公署”负责登记该沦陷区的难民，而由难民互选，各地“绥靖公署”登记的难民多则数百人，少则仅五六人，但也能选出代表其原籍的“中央民代”。据调查，至少有八百零六位国代属于这种“难民民代”或“旅客民代”；二、由国民党与民社党、青年党协商造成“保障当选”、“定量分配”、“各自伪造”的恶例，也迫使许多高票当选人“退让”给落选人，而造成许多荒唐的选举纠纷；三、1986年，内政部说国大代表递补为三百九十人，国民大会实录记载四百零一人，中华民国实录记载为四百九十八人，合法递补人数到底有多少？张俊宏毕竟是细腻的人，他处理问题，比其他民进党员用心多了。其他民进党员多是毛糙之徒，不读书的。（1989年1月19日）,132.非法当选的首届国代.txt,2,《大李敖全集6.0》分章节/006.沉思日记类/007.李敖札记/132.非法当选的首届国代.txt,"国民大会,选举,法权",LAT049-096
LAT049-083,李敖札记,校对轮,已校对,文化,军纪小事,耿荣水来，为诽谤我事，向我道歉，并缴付罚金十七万五千元给我。双方宣称言归于好。他说祖父告诉他，过去日本兵拿老百姓鸡鸭，临走丢下几文钱意思意思；中国兵拿老百姓鸡鸭，临走什么也不给。由此小事，可见日本兵对台湾人犹优于中国兵。荣水说他的祖先是同郑成功一起来台的。（一九八九年二月四日）,133.从拿鸡鸭看军纪.txt,2,《大李敖全集6.0》分章节/006.沉思日记类/007.李敖札记/133.从拿鸡鸭看军纪.txt,"军纪,台湾,文化",LAT049-097
LAT049-084,李敖札记,校对轮,已校对,情爱,性是前奏,北京举行大规模的人体油画展了，一张门票二元，是平均每日工资的一半，一个星期天，就有一万五千人去参观；一本画册四十元，是平均每月工资的三分之一，一下子就销售一空。两年前，大陆国家出版署通知各出版机构，说有三个题材尽可能不予出版：一是有关“反右”的；二是有关“文革”的；三是有关“性”的，可见中共对“性”忌讳之深。事实上，“性”的开放是争取自由的一种前奏，而裸体艺术又是“性”的开放的张本。一般浅人不知道此中奥妙，徒以假道学与真教条钳制有关“性”的一切，真笨蛋哉！（1989年2月27日）,135.裸画与自由.txt,2,《大李敖全集6.0》分章节/006.沉思日记类/007.李敖札记/135.裸画与自由.txt,"性开放,裸体艺术,情爱",LAT049-098
