id,book,round,status,category,title,description,source_file,source_paragraph,source_path,keywords
LAT071-001,读史指南,提取轮,待校对,方法,四部对照以备要为主,此对照表分二部，上列四部备要，下列四部丛刊，下随上而排列，故以四部备要为主。,001.四部备要暨四部丛刊书目対照表例.txt,2,《大李敖全集6.0》分章节/009.历史文化类/002.读史指南/001.四部备要暨四部丛刊书目対照表例.txt,"方法,四部对照以备要为主,四部备要暨四部丛刊书目対照表例"
LAT071-002,读史指南,提取轮,待校对,知识,四部要籍是国学精华,〔附记〕四部要籍乃吾国学术之精华，然其量也，浩如烟海，坊肆流传之籍，棼若乱丝，别择选购，甚为艰苦，幸于此时有1926年始全部预约之四部备要（中华版）〔中以五开大本最佳，计成书三百五十一种，一万一千余卷，二千五百册，大洋九百元，此帙随铅字之大小引用二、三、四等号及长体印行，故能将木版原书五千余册缩成二千五百册〕，它有1920年始发售之四部丛刊（商务版）〔计成书三百二十三部，八千五百四十八卷，二千一百册，但更佳者为重印之帙，计成书如上，有八千五百七十三卷，二千一百一十二册，时为民国十八年〕，补此缺憾，二者虽未臻极理想之境，然亦差强人意矣。,001.四部备要暨四部丛刊书目対照表例.txt,529,《大李敖全集6.0》分章节/009.历史文化类/002.读史指南/001.四部备要暨四部丛刊书目対照表例.txt,"知识,四部要籍是国学精华,四部备要暨四部丛刊书目対照表例"
LAT071-003,读史指南,提取轮,待校对,方法,两帙互补成国学藏书,今将二帙对照，俟他日有能力时可择购其一，而以其一之不足，以另一补之，并博采二帙中未录之书，并成一总帙，则予国学之藏书一愿，庶几致之矣。,001.四部备要暨四部丛刊书目対照表例.txt,530,《大李敖全集6.0》分章节/009.历史文化类/002.读史指南/001.四部备要暨四部丛刊书目対照表例.txt,"方法,两帙互补成国学藏书,四部备要暨四部丛刊书目対照表例"
LAT071-004,读史指南,提取轮,待校对,人格,早年功力连贯后来成绩,我在三十年后发表这些早年的成绩，证明给大家看：李敖对中国文化的研究，远在三十年前十七岁时候，就已达到什么水准了。我当年的功力和用功，和我今天的功力和成绩，显然有着因果的连贯，我的敌人、我的朋友，都该注意这一点。,001.四部备要暨四部丛刊书目対照表例.txt,533,《大李敖全集6.0》分章节/009.历史文化类/002.读史指南/001.四部备要暨四部丛刊书目対照表例.txt,"人格,早年功力连贯后来成绩,四部备要暨四部丛刊书目対照表例"
LAT071-005,读史指南,提取轮,待校对,知识,古今图书集成是书中之王,其中百科全书项下，《古今图书集成》千古独步，字数高达一亿四千四百万，是书中之王。,002.《古今图书集成》研究.txt,13,《大李敖全集6.0》分章节/009.历史文化类/002.读史指南/002.《古今图书集成》研究.txt,"知识,古今图书集成是书中之王,古今图书集成研究"
LAT071-006,读史指南,提取轮,待校对,方法,中国人缺读书工具,百科全书相当于古人的类书与辞书。中国人向来不太考究读书的方法与工具，最缺乏类书与辞书。偶尔有的，也太简略、陈旧，像：,002.《古今图书集成》研究.txt,14,《大李敖全集6.0》分章节/009.历史文化类/002.读史指南/002.《古今图书集成》研究.txt,"方法,中国人缺读书工具,古今图书集成研究"
LAT071-007,读史指南,提取轮,待校对,知识,百科材料一检即得,《古今图书集成》包罗万象，举凡天文、历法、地理、政治、经济、交通、人事、艺术、博物、文学、理学以及礼、乐、兵、刑、工、语文、思想、医药、农业等等，在六千一百一十七部中，一检即得。,002.《古今图书集成》研究.txt,19,《大李敖全集6.0》分章节/009.历史文化类/002.读史指南/002.《古今图书集成》研究.txt,"知识,百科材料一检即得,古今图书集成研究"
LAT071-008,读史指南,提取轮,待校对,方法,大书来龙去脉值得研究,这部大书的来龙去脉，很值得研究研究。,002.《古今图书集成》研究.txt,61,《大李敖全集6.0》分章节/009.历史文化类/002.读史指南/002.《古今图书集成》研究.txt,"方法,大书来龙去脉值得研究,古今图书集成研究"
LAT071-009,读史指南,提取轮,待校对,方法,从版本问题开始论列,叶德辉这段简介，提到了这部一万卷的大书的作者、内容、版本等问题，但是他语焉不详。我在本文中，先就版本问题加以论列。,002.《古今图书集成》研究.txt,75,《大李敖全集6.0》分章节/009.历史文化类/002.读史指南/002.《古今图书集成》研究.txt,"方法,从版本问题开始论列,古今图书集成研究"
LAT071-010,读史指南,提取轮,待校对,知识,真正编者是陈梦雷,《古今图书集成》的编者，一般说法是清圣祖（康熙〕敕撰、蒋廷锡等奉世宗（雍正）敕重编的。这是很不正确的说法。这部书的真正编者乃是含冤莫白的陈梦雷。,002.《古今图书集成》研究.txt,77,《大李敖全集6.0》分章节/009.历史文化类/002.读史指南/002.《古今图书集成》研究.txt,"知识,真正编者是陈梦雷,古今图书集成研究"
LAT071-011,读史指南,提取轮,待校对,人格,陈梦雷苦命中编成巨著,陈梦雷可说是苦命的人，他在三藩之乱时被靖南王耿精忠胁迫造反；造反失败，又被他的好朋友李光地出卖——不肯证明他的清白；又被误会成“行贼伪命”的陈昉，所以罪上加罪，被发配到东北做奴隶。后来康熙皇帝东巡，把他召回来，叫他陪皇帝的第三个儿子诚亲王读书，在优游的岁月里，他“目营手检，无间晨夕”，终于编出了这部中国有史以来最伟大的百科全书。这个故事的始末，陈梦雷在他的《松鹤山房集》文集卷二《进汇编启略》里说得很明白：,002.《古今图书集成》研究.txt,78,《大李敖全集6.0》分章节/009.历史文化类/002.读史指南/002.《古今图书集成》研究.txt,"人格,陈梦雷苦命中编成巨著,古今图书集成研究"
LAT071-012,读史指南,提取轮,待校对,知识,四年半编成万卷巨书,根据这段自述，我们很清楚的知道这部书是于18世纪的第一年——康熙四十年（1701)十月开始缮写的，至四十五年（1706）四月完工，一共花了四年半的时间，当然陈梦雷在这四年半以外，还有“读书五十载”做底子的。,002.《古今图书集成》研究.txt,80,《大李敖全集6.0》分章节/009.历史文化类/002.读史指南/002.《古今图书集成》研究.txt,"知识,四年半编成万卷巨书,古今图书集成研究"
LAT071-013,读史指南,提取轮,待校对,政治,雍正序抹去陈梦雷,这三点伏笔，在四年以后，完完全全暴露了真面目。四年以后是雍正四年（1726），这个善用特务的阴险皇帝，在这年九月二十七日，写了一篇《御制古今图书集成序》，在这序里，他把陈梦雷三个字一脚踢开了，只字不提了，他写道：,002.《古今图书集成》研究.txt,90,《大李敖全集6.0》分章节/009.历史文化类/002.读史指南/002.《古今图书集成》研究.txt,"政治,雍正序抹去陈梦雷,古今图书集成研究"
LAT071-014,读史指南,提取轮,待校对,政治,蒋廷锡奉命掠美,雍正序里提到的蒋廷锡是江苏常熟人，是雍正贴身的人，这次被叫来“重加编校”，自然是一种“奉命掠美”的行为。雍正三年（1725）十二月二十七日，蒋廷锡等上表文，说“奉敕恭校圣祖仁皇帝钦定古今图书集成告竣”，也坦白承认是“校”，不是辑或编。蒋廷锡等在表文中又记述“校”的情形说：,002.《古今图书集成》研究.txt,96,《大李敖全集6.0》分章节/009.历史文化类/002.读史指南/002.《古今图书集成》研究.txt,"政治,蒋廷锡奉命掠美,古今图书集成研究"
LAT071-015,读史指南,提取轮,待校对,知识,掠美者不配纂修之名,但是，就算这些“厘定”与“增删”是确实的，雍正皇帝跟蒋廷锡等这些掠美者也不配拥纂修之名。因为《古今图书集成》原书有一万卷，掠美者充其量不过“厘定三千余卷”：原书有一亿四千四百万字，掠美者充其量不过“增删数十万言”。两者比起来，掠美者之“功”，实在有限。,002.《古今图书集成》研究.txt,99,《大李敖全集6.0》分章节/009.历史文化类/002.读史指南/002.《古今图书集成》研究.txt,"知识,掠美者不配纂修之名,古今图书集成研究"
LAT071-016,读史指南,提取轮,待校对,方法,校订不是原编纂,万国鼎又根据雍正皇帝的序和蒋廷锡等的表，证明“廷锡系校订之人，绝非原编纂者明矣。”这是很简明的考证。,002.《古今图书集成》研究.txt,102,《大李敖全集6.0》分章节/009.历史文化类/002.读史指南/002.《古今图书集成》研究.txt,"方法,校订不是原编纂,古今图书集成研究"
LAT071-017,读史指南,提取轮,待校对,政治,除名是权力掠夺成果,关于梁章钜这段文字的措辞，显然的，他不敢违忤清朝政府。在他们眼中，陈梦雷当然是一个蒙羞而死的叛徒。但是凡读过雍正上谕的人，都会明白的看出，这部书在康熙去世之前就已经完成，不仅原稿已经完成待印，就是字模也做好了。然而我们无法确知印书的工作是否已经开始。但我们很容易了解，雍正皇帝之所以及早除去陈梦雷，其目的在使他的仇敌的姓名不得流传后世，同时跟康熙时代最有价值的巨著所关联。他的目的在当时虽然达到了，但值得注意的是，迟至1845年，关于这部书的编者实际上是陈梦雷的传说依然存在。现在需要几个替身去正式宣布这件工作的完成了，于是蒋廷锡便被任命为新的编辑。蒋廷锡是一个在学术和政治方面颇有声名的人物，年轻时以长于作诗和善画花卉闻名。上谕中所称的“润色”（polish）工作就由他去执行。然而对于这部书内容方面的润色是很有限的，因为书中的章句全都本是逐字在原著中抄录。所以我们可以假定，他的主要职责是蒙蔽人们的视线，并且将时间一直延迟到1726年，那时已经拖延了相当长的一段时间，人们思想上的“错误”也已经被改正了，这部书才终于获准问世。,002.《古今图书集成》研究.txt,107,《大李敖全集6.0》分章节/009.历史文化类/002.读史指南/002.《古今图书集成》研究.txt,"政治,除名是权力掠夺成果,古今图书集成研究"
LAT071-018,读史指南,提取轮,待校对,知识,铜活字集成是印刷大业,所以，康熙年间的铜活字古今图书集成，可说是中国铜刻活字印刷史上空前绝后的大事业，与后来的木刻活字聚珍版丛书，同是中国活字印刷史上的双璧。正如《中华文化集成》首辑第五册《版刻》所说的：,002.《古今图书集成》研究.txt,125,《大李敖全集6.0》分章节/009.历史文化类/002.读史指南/002.《古今图书集成》研究.txt,"知识,铜活字集成是印刷大业,古今图书集成研究"
LAT071-019,读史指南,提取轮,待校对,政治,皇权攫取编纂成果,1726年（雍正四年）陈梦雷用新制的铜活字，排印了六十四部古今图书集成。每部一万零四十卷，五千零二十册。这是从未有的大百科全书，也是历史上规模最大的一次金属活字版印刷工作。后被清帝加上了一篇序，攫为己有。这批活字也被没收到了皇帝宫中去，慢慢的被监守者盗卖。乾隆初年，又把这一批活字销毁了铸钱。,002.《古今图书集成》研究.txt,128,《大李敖全集6.0》分章节/009.历史文化类/002.读史指南/002.《古今图书集成》研究.txt,"政治,皇权攫取编纂成果,古今图书集成研究"
LAT071-020,读史指南,提取轮,待校对,知识,原始文件揭示印刷情况,从这件最早的原始文件，我们不难知道这部大书的最早印刷情况。印了六十四部是无疑的，“官役人等，就版私行刷印”的情形也是可能的，不过数目一定有限。据蒋复璁《古今图书集成的前因后果》中的回忆：,002.《古今图书集成》研究.txt,140,《大李敖全集6.0》分章节/009.历史文化类/002.读史指南/002.《古今图书集成》研究.txt,"知识,原始文件揭示印刷情况,古今图书集成研究"
LAT071-021,读史指南,提取轮,待校对,知识,铜活字完整本极稀少,全世界现存这种铜活字版的《古今图书集成》，完整无缺的不会超过十一套。,002.《古今图书集成》研究.txt,167,《大李敖全集6.0》分章节/009.历史文化类/002.读史指南/002.《古今图书集成》研究.txt,"知识,铜活字完整本极稀少,古今图书集成研究"
LAT071-022,读史指南,提取轮,待校对,方法,版本说法须辨误,按光绪朝的《古今图书集成》版本，就只是上面所述的两种，范希曾《书目答问补正》卷三类书条下说：“清代官修类书以古今图书集成为最巨，凡一万卷。有乾隆间铜活字本，光绪间影印石印排印三本。”这都是错误的。,002.《古今图书集成》研究.txt,195,《大李敖全集6.0》分章节/009.历史文化类/002.读史指南/002.《古今图书集成》研究.txt,"方法,版本说法须辨误,古今图书集成研究"
LAT071-023,读史指南,提取轮,待校对,知识,集成珍贵到求见不得,从上面张廷玉和刘声木的记录里，我们知道《古今图书集成》在当时珍贵的情况是“宇内读书人求一见不可得”！是“汉人受赐者，海内不过数家”！这是何等珍贵！,002.《古今图书集成》研究.txt,214,《大李敖全集6.0》分章节/009.历史文化类/002.读史指南/002.《古今图书集成》研究.txt,"知识,集成珍贵到求见不得,古今图书集成研究"
LAT071-024,读史指南,提取轮,待校对,知识,集成价值在百科规模,《古今图书集成》的价值，乃在于它是中国有史以来最伟大的一部百科全书，它的字数有一亿四千四百万字，比三千八百万字的《大英百科全书》（Encyclopaedia Britannica）几乎要多四倍，而在体积上，几乎又多五倍。它正如L·翟理思所谓的，是一部“确属惊人的”（truly stupendous）的“中国百科全书”（Chinese Encyclopaedia）。,002.《古今图书集成》研究.txt,245,《大李敖全集6.0》分章节/009.历史文化类/002.读史指南/002.《古今图书集成》研究.txt,"知识,集成价值在百科规模,古今图书集成研究"
LAT071-025,读史指南,提取轮,待校对,方法,加编索引是划时代贡献,十、加编索引——这是文星版古今图书集成最划时代的贡献。它附有“索引”一册（第一百本）里面项目繁多，且有英文部分的索引，适合汉学研究及一般检寻。,002.《古今图书集成》研究.txt,256,《大李敖全集6.0》分章节/009.历史文化类/002.读史指南/002.《古今图书集成》研究.txt,"方法,加编索引是划时代贡献,古今图书集成研究"
LAT071-026,读史指南,提取轮,待校对,方法,浩瀚类书必须有索引,关于这项索引的特点，我要特別加以说明：《古今图书集成》是中国最大的一部“类书”，是全世界最大的一部“百科全书”(Encyclopaedia)，它的重点是摭拾群书、以类相从。因为它的内容浩瀚，包括一万卷、六汇编、三十二典、六千一百一十七部，所以若没有一个方便的索引以助检查，简直难以应用。中国古代的读书人不太有治学方法的观念，他们不但不会编制索引，甚至看不起“类书”，他们有的讥称“类书”是“兔园册子”，而他们所通用的读书方法，是由头到尾的死记，或是各人个别下同样的笨功夫，所以虽然坐拥百城，白首穷经，实际上却往往事倍而功不半。,002.《古今图书集成》研究.txt,257,《大李敖全集6.0》分章节/009.历史文化类/002.读史指南/002.《古今图书集成》研究.txt,"方法,浩瀚类书必须有索引,古今图书集成研究"
LAT071-027,读史指南,提取轮,待校对,方法,目录不能替代现代索引,《古今图书集成》这部书，虽然编者是一个有摭拾群书、以类相从观念的人，可是因为他没有现代化的索引（Index）观念，所以只能给这部书编了一套繁琐冗赘的目录，光是这个目录，就有四十卷，按目查书，极不方便。有人有鉴于此，也不乏就这个目录稍微加工的。例如俞照编的《图书集成编目》（青梅版），日本文省部图书局编的《古今图书集成分类目录》（明治四十五年发行），不过做得都不理想。,002.《古今图书集成》研究.txt,258,《大李敖全集6.0》分章节/009.历史文化类/002.读史指南/002.《古今图书集成》研究.txt,"方法,目录不能替代现代索引,古今图书集成研究"
LAT071-028,读史指南,提取轮,待校对,方法,索引整理校正二百五十年错误,《古今图书集成》自陈梦雷编纂以来，都记载着六千一百零九部，谁都不会怀疑这个纪录是有错误的。殊不知在文星索引小组的整理下，居然发现了两百五十年来中外人士所不能发现的大错误——原来《古今图书集成》所包括的部数并非六千一百零九部，而是六千一百一十七部。换句话说，《古今图书集成》自从编纂以来，在两个半世紀的长久时间里，人人都把它少算了八部，而这个错误，又从来是人云亦云的相沿不改，没有人发现出来。,002.《古今图书集成》研究.txt,268,《大李敖全集6.0》分章节/009.历史文化类/002.读史指南/002.《古今图书集成》研究.txt,"方法,索引整理校正二百五十年错误,古今图书集成研究"
LAT071-029,读史指南,提取轮,待校对,知识,索引有益今人与后人,上面这个例子，足以说明文星版《古今图书集成》索引在“中有苦心”和“中有调剂”方面的过程与成绩，它不但有益于今人和后人，并且校正了前人。它的功德，由此可见一斑。,002.《古今图书集成》研究.txt,310,《大李敖全集6.0》分章节/009.历史文化类/002.读史指南/002.《古今图书集成》研究.txt,"知识,索引有益今人与后人,古今图书集成研究"
LAT071-030,读史指南,提取轮,待校对,知识,文星版集成是最大百科,文星版《古今图书集成》是中国有史以来最大的百科全书，也是全世界有史以来最大的百科全书。比世界驰名的《大英百科全书》（Encyclopedia Britannica）在字数和册数上多四倍，在体积上多五倍。全书一万卷，一亿四千四百万字，在质量上，先从这些统计数字，你就不难了解它的惊人程度了！,003.介绍世界最大的百科全书.txt,2,《大李敖全集6.0》分章节/009.历史文化类/002.读史指南/003.介绍世界最大的百科全书.txt,"知识,文星版集成是最大百科,介绍世界最大的百科全书"
LAT071-031,读史指南,提取轮,待校对,方法,古籍研究常无从下手,中国由于文化悠久，古代的典籍，愈累积愈多。格于经济、交通、战乱、印刷技术、保存方法等种种之限制，对庞大的中国典籍想有所钻研，学者每感无从下手之苦，至于费时费力，事倍功半，当然更不在话下。,003.介绍世界最大的百科全书.txt,3,《大李敖全集6.0》分章节/009.历史文化类/002.读史指南/003.介绍世界最大的百科全书.txt,"方法,古籍研究常无从下手,介绍世界最大的百科全书"
LAT071-032,读史指南,提取轮,待校对,方法,既有索引仍不足用,例如想从十三经中找材料，你除了翻遍十三经没有别的法子（《十三经索引》等书是不够用的）；又如你要想从二十一史中找材料，你除了翻遍二十一史，也没有别的法子（《廿四史传目引得》《二十五史索引》等书也是不够用的）。这些还都是普通的容易找到的古书；至于一些专门的不易搜求到的古书，你应用起来困难的程度也就更形增加，你想搜求的材料，也就更深藏不显了！,003.介绍世界最大的百科全书.txt,4,《大李敖全集6.0》分章节/009.历史文化类/002.读史指南/003.介绍世界最大的百科全书.txt,"方法,既有索引仍不足用,介绍世界最大的百科全书"
LAT071-033,读史指南,提取轮,待校对,知识,陈梦雷分类重编古籍,文星版《古今图书集成》是清朝大学者陈梦雷的毕生杰作，他“读书五十载”“涉猎万余卷”，利用清朝皇太子一万五千多卷的珍本藏书，把它们全部分类重编，构成了一部完整的巨著——分类式的百科全书。中国浩如烟海的古代典籍，全部都在陈梦雷的吸收消化下，有系統的归进了这些项下：,003.介绍世界最大的百科全书.txt,6,《大李敖全集6.0》分章节/009.历史文化类/002.读史指南/003.介绍世界最大的百科全书.txt,"知识,陈梦雷分类重编古籍,介绍世界最大的百科全书"
LAT071-034,读史指南,提取轮,待校对,方法,分类汇编省去穷搜旁讨,这样处理下的中国古代书籍，对从事中国文化研究的人，实在提供了极大的方便。例如你研究中国的“土地问题”，你根本不需要在十三经、二十一史中穷搜旁讨了，也不必翻寻管子等十三经、二十一史以外的有关典籍了，因为文星版《古今图书集成》已早就为你把大量你想到的和想不到的材料，摆在一起，你只要一翻就得了。,003.介绍世界最大的百科全书.txt,19,《大李敖全集6.0》分章节/009.历史文化类/002.读史指南/003.介绍世界最大的百科全书.txt,"方法,分类汇编省去穷搜旁讨,介绍世界最大的百科全书"
LAT071-035,读史指南,提取轮,待校对,方法,治学缺陷在不会编索引,以上所举运用文星版《古今图书集成》的奇效，运用之妙，存乎一把钥匙，这就是文星版《古今图书集成索引》。原来中国古代的读书人，对治学方法上，有很大的缺陷。他们不但不会编制索引，甚至看不起“类书”，他们有的讥称“类书”是“兔园册子”，而他们所通用的读书方法，是由头到尾的死记或是各人个别下同样的笨功夫，所以虽然坐拥百城、白首穷经，实际上却往往事倍而功不半。,003.介绍世界最大的百科全书.txt,23,《大李敖全集6.0》分章节/009.历史文化类/002.读史指南/003.介绍世界最大的百科全书.txt,"方法,治学缺陷在不会编索引,介绍世界最大的百科全书"
LAT071-036,读史指南,提取轮,待校对,方法,死编书不能活用书,他们之中，即使高明到会编类书的人，也由于不会编索引，弄得只会死编书，而不会活用书。试以一万卷的《古今图书集成》而论，在过去有过的四种版本中，最多的有五千零四十四册，最少的也有八百零八册，其中光是“目录” 所占的比例，就有百分之一，查考起来，简直无从下手。,003.介绍世界最大的百科全书.txt,24,《大李敖全集6.0》分章节/009.历史文化类/002.读史指南/003.介绍世界最大的百科全书.txt,"方法,死编书不能活用书,介绍世界最大的百科全书"
LAT071-037,读史指南,提取轮,待校对,方法,文星索引弥补无从下手,对这部书有一个索引的构想与编制，是1911年以后的事。1911年以后，中外学人如L·翟理思、桑原隲藏、胡适、梁启超、俞照、泷泽俊亮、牟润孙等等，都曾从事这部索引或近似索引性质的构想或编制，可惜他们都未能为我们做出一部满意的索引来。直到文星版《古今图书集成》出来，才弥补了这种无从下手的毛病。首先，文星版把原版五十万页缩成了只有五万页，然后，舍去落伍而不方便的原有目录，从十二个“着手”处，重新处理这部大书。文星的“着手”处是第一百册的文星版《古今图书集成索引》，它帮助你按图索骥，任何材料，你都一检可得。现试分十二类介绍文星索引的优点：,003.介绍世界最大的百科全书.txt,25,《大李敖全集6.0》分章节/009.历史文化类/002.读史指南/003.介绍世界最大的百科全书.txt,"方法,文星索引弥补无从下手,介绍世界最大的百科全书"
LAT071-038,读史指南,提取轮,待校对,知识,百科全书是知识万宝囊,文星版《古今图书集成》既然是百科全书，当然内容包罗万象，是知识上任你取求的一部万宝囊。它不但可供研究中国文化学者的专题作业，并且可供社会上三百六十行到三千六百行的需要。试举例如下：,003.介绍世界最大的百科全书.txt,39,《大李敖全集6.0》分章节/009.历史文化类/002.读史指南/003.介绍世界最大的百科全书.txt,"知识,百科全书是知识万宝囊,介绍世界最大的百科全书"
LAT071-039,读史指南,提取轮,待校对,文化,妇女地位材料可供研究,十一、例如你想研究中国妇女的地位，以及妇女的悲惨遭遇（如娼妓之类），文星版《古今图书集成》有“闺媛典”和“艺术典”中娼妓的部分可供参考。,003.介绍世界最大的百科全书.txt,50,《大李敖全集6.0》分章节/009.历史文化类/002.读史指南/003.介绍世界最大的百科全书.txt,"文化,妇女地位材料可供研究,介绍世界最大的百科全书"
LAT071-040,读史指南,提取轮,待校对,法权,祥刑典保存法制史资料,十九、例如法律学家、法制史家，他不会不去检查文星版《古今图书集成》中的“祥刑典”的丰富资料，律令、盗贼、牢狱、听断、刑制、赦宥等等法学项目，一样也不少。,003.介绍世界最大的百科全书.txt,58,《大李敖全集6.0》分章节/009.历史文化类/002.读史指南/003.介绍世界最大的百科全书.txt,"法权,祥刑典保存法制史资料,介绍世界最大的百科全书"
LAT071-041,读史指南,提取轮,待校对,知识,工具书价值显见,等学科，都不得不有赖于它的资料，以为参考。文星版《古今图书集成》的工具书价值，于此更可显见。,003.介绍世界最大的百科全书.txt,62,《大李敖全集6.0》分章节/009.历史文化类/002.读史指南/003.介绍世界最大的百科全书.txt,"知识,工具书价值显见,介绍世界最大的百科全书"
LAT071-042,读史指南,提取轮,待校对,方法,旧史分类浩繁难读,光照旧式的史部分类，历史书就有十五种：正史类（像十七史到二十五史）；编年类（像《资治通鉴》）；记事本末类（像《通鉴记事本末》）；别史类（像《通志》）；杂史类（像《战国策》）；诏令奏议类（像《历代名臣奏议》）；传记类（像《朱子年谱》）；史钞类（像《两汉博闻》）；载记类（像《吴越春秋》）；时令类（像《荆楚岁时记》）；地理类（像《太平寰宇记》）；职官类（像《历代职官表》）；政书类（像《通典》）；目录类（像《崇文总目》）；史评类（像《史通》），这些“汗牛充栋”的历史书，绝非一般人所能领教。有心人看到这种现象，就提议挑着看。张之洞主张“全史浩繁，从何说起”，还是“四史为最重要”，四史只不过正史的五分之一，但光就这五分之一，读起来也大不容易，不做“集解”“精华”“白话”等功夫，一般人还是不能领教。,004.中国历史演义总说.txt,24,《大李敖全集6.0》分章节/009.历史文化类/002.读史指南/004.中国历史演义总说.txt,"方法,旧史分类浩繁难读,中国历史演义总说"
LAT071-043,读史指南,提取轮,待校对,方法,历史进入民间要高明法子,结果是，中国历史书虽然丰富，可是没人读得懂、读得完、读得下去，要想把中国历史进入民间，还得另想高明的法子。,004.中国历史演义总说.txt,25,《大李敖全集6.0》分章节/009.历史文化类/002.读史指南/004.中国历史演义总说.txt,"方法,历史进入民间要高明法子,中国历史演义总说"
LAT071-044,读史指南,提取轮,待校对,文化,说书兼有教育娱乐,最早的法子是“我看你听”。由看过部分中国历史书的知识分子，看过以后，放下书本，用会说故事的一张嘴，走进群众，向群众“说书”。说书的人不但嘴巴说，还有基本动作、有表演，使围观的群众喜怒哀乐，如痴如狂。所以，比喻的说，说书实在是一个人的闭路电视，它的教育意义与娱乐意义，在中国古代实在重大。,004.中国历史演义总说.txt,26,《大李敖全集6.0》分章节/009.历史文化类/002.读史指南/004.中国历史演义总说.txt,"文化,说书兼有教育娱乐,中国历史演义总说"
LAT071-045,读史指南,提取轮,待校对,写作,各朝需要有趣历史教科书,这是对“演义”——《三国演义》——的最明白的肯定。遗憾的是《三国演义》这类讲史的书，被注意到的只是这么一部，中国其他朝代却缺乏一部一部“趣味浓厚，看了使人不肯放手的教科书”被注意到。为了补救这个缺憾，一套包括历朝名代的《中国历史演义全集》，也就成为出版业多年向往的主题。,004.中国历史演义总说.txt,31,《大李敖全集6.0》分章节/009.历史文化类/002.读史指南/004.中国历史演义总说.txt,"写作,各朝需要有趣历史教科书,中国历史演义总说"
LAT071-046,读史指南,提取轮,待校对,写作,通俗历史帮助中国人寻脉络,根据估计，中国过去的书籍有二十五万种，其中五分之三毁于战乱，剩下的十万种，不论长篇短帙，无一不是史料、无一不是文言。想从其中理出一个头绪，完成一部通俗历史，给中国人有趣味的去寻脉络，《中国历史演义全集》是值得推荐的。只有这样的全集、这样的写作，才能在当前的时代，把源远流长的中国历史导入远流。,004.中国历史演义总说.txt,51,《大李敖全集6.0》分章节/009.历史文化类/002.读史指南/004.中国历史演义总说.txt,"写作,通俗历史帮助中国人寻脉络,中国历史演义总说"
LAT071-047,读史指南,提取轮,待校对,方法,读东周可以上会古人,糟糕的是，古代历史书都太深了、太杂了、太片断了，现代人简直看不懂。这段东周的五个世纪历史，除非专家，谁也搞不清。幸亏有这部《东周列国志》出来，使我们能够读到简明有趣的中国多彩多姿时代的历史，从这部一百零八回的名著里，所有秦朝以前的古人古事都一一亮相；褒姒的笑、管仲的智、齐桓的信、曹沫的无赖、晏蛾儿的愚忠、介子推的清高、晏子的识大体、伍子胥的鞭尸、苏秦的合纵、蔺相如的完璧归赵……都包罗无遗。他们的存亡觉梦，都可以胜数；看了这些存亡觉梦，我们可以上会古人，然后引古证今，得到意想不到的好处。,004.中国历史演义总说.txt,56,《大李敖全集6.0》分章节/009.历史文化类/002.读史指南/004.中国历史演义总说.txt,"方法,读东周可以上会古人,中国历史演义总说"
LAT071-048,读史指南,提取轮,待校对,方法,读秦汉须均衡衡古论今,秦朝的强大，从它三十万人北伐匈奴、五十万人南征百越、七十万人盖阿房宫修骊山坟几点上，都可看出来。虽然它亡于平民革命，但是汉朝强大的规模与基础，却是它开山的。读秦汉历史的中国人，应该特別从这个角度来衡古论今，才会均衡、才会正确。,004.中国历史演义总说.txt,61,《大李敖全集6.0》分章节/009.历史文化类/002.读史指南/004.中国历史演义总说.txt,"方法,读秦汉须均衡衡古论今,中国历史演义总说"
LAT071-049,读史指南,提取轮,待校对,政治,光武推崇不合作知识分子,后汉开国的光武帝，是中国水准最高的皇帝，他出身太学，知道民间疾苦，也知道气节与知识分子的重要。他推崇不合作的知识分子，不论生死，都不例外：卓茂、谯玄不跟王莽合作，他推崇他们；但严光不同他自己合作，他也照样推崇不误，仍让严光回去披羊皮钓鱼。,004.中国历史演义总说.txt,67,《大李敖全集6.0》分章节/009.历史文化类/002.读史指南/004.中国历史演义总说.txt,"政治,光武推崇不合作知识分子,中国历史演义总说"
LAT071-050,读史指南,提取轮,待校对,文化,佛教谶纬深刻影响思想,另一方面，佛教的输入，在中国思想上，也造成波谰壮阔；加上原有阴阳谶纬的迷信，对日后中国人的思路，影响极为深远。这种影响，伴同着笔墨纸砚的流行，更形激荡，一直到今天。,004.中国历史演义总说.txt,69,《大李敖全集6.0》分章节/009.历史文化类/002.读史指南/004.中国历史演义总说.txt,"文化,佛教谶纬深刻影响思想,中国历史演义总说"
LAT071-051,读史指南,提取轮,待校对,文化,三国演义塑造民间信仰,当然，《三国演义》这种作用，不限于唐突历史方面，它在思想上、信仰上、教育上、文字上……也发挥了广大的影响。例如关羽在中国民间有那样“关老爷”的神明，就是《三国演义》的杰作，历史上的关羽实在并没什么；又如曹操在中国民间有那样“大白脸”的罪过，也是《三国演义》的杰作，历史上的曹操实在不是那样的人物。从杜甫的《丹青引》里面，我们可以看到他对曹操和曹操子孙的肯定，这种肯定，反证了曹操在唐朝并没被谑画。曹操北定中原却终身为汉臣，比起赵匡胤北定中原却篡夺故主来，的确高得太多。可是一般人却骂他而捧宋太祖，公道何在呀？,004.中国历史演义总说.txt,76,《大李敖全集6.0》分章节/009.历史文化类/002.读史指南/004.中国历史演义总说.txt,"文化,三国演义塑造民间信仰,中国历史演义总说"
LAT071-052,读史指南,提取轮,待校对,方法,三国演义要会读,总之，读《三国演义》，要会读它。会读就可得其利，不见其害。中国人多年错读《三国演义》，实在应该改过来。,004.中国历史演义总说.txt,77,《大李敖全集6.0》分章节/009.历史文化类/002.读史指南/004.中国历史演义总说.txt,"方法,三国演义要会读,中国历史演义总说"
LAT071-053,读史指南,提取轮,待校对,政治,疑天下导致五胡乱华,“五胡乱华”的远因，主要就在这里。——在自私的统治者妄想万世一系，一切都要“疑天下”的缘故。晋朝统治者削天下的兵备，在灭吴那一年（公元280），大郡只有武吏一百人，小郡只有五十人，把自西汉以来，地方行政的基础，弄得不伦不类。结果闹得一切兵备内斗有余，外斗不足；信同姓而召来同室操戈，疑异姓而惹来异族横行。中国之事，毁于一族一姓一念之私，真是千古谑画！,004.中国历史演义总说.txt,82,《大李敖全集6.0》分章节/009.历史文化类/002.读史指南/004.中国历史演义总说.txt,"政治,疑天下导致五胡乱华,中国历史演义总说"
LAT071-054,读史指南,提取轮,待校对,文化,民族文化大融合形成中国,在你杀我砍的南北朝时代里，有两个“光明的后遗症”倒值得大书特书：一个是“非我族类”的大融合，大家都“杂种”起来，从而凝成广大深厚的中华民族；另一个是华夷文化的大融合，大家都“汉化”“胡化”起来，从而凝成广大深厚的新时代文化。这种大融合，是广义的，不限于五胡，是有世界性的。北魏时候，西域僧人到洛阳的，就有三千多；南朝四百八十寺是小意思，北魏佛寺 竟高达三万所！这样排山倒海的西化势力，正是当时中国民族文化大融合的最大特色，读中国史的人应该特别注意。,004.中国历史演义总说.txt,89,《大李敖全集6.0》分章节/009.历史文化类/002.读史指南/004.中国历史演义总说.txt,"文化,民族文化大融合形成中国,中国历史演义总说"
LAT071-055,读史指南,提取轮,待校对,文化,唐朝开放成就多彩文化,唐朝的盛世，又跟它“对老外的态度”有密切的关系。唐太宗的妈妈就是胡人，严格说来，他是杂种。他对中土的和四边的，“视之如一”。老外到中国来，可以一同上朝、一起做生意、一起开胡姬压酒的酒吧。这种自信与度量，使唐朝文化多彩多姿，十分“西化”。,004.中国历史演义总说.txt,92,《大李敖全集6.0》分章节/009.历史文化类/002.读史指南/004.中国历史演义总说.txt,"文化,唐朝开放成就多彩文化,中国历史演义总说"
LAT071-056,读史指南,提取轮,待校对,政治,唐朝文武分离,相对方面，唐朝因为先天不足，也极易跟胡人纠缠不清。唐高祖打天下的时候，曾向胡人借兵。这种模式，引出了用回纥平安史之乱；用沙陀平黄巢之乱，以至于亡国。结论是：唐朝在文化上能够大力胡化，但在武力上未能力大化胡，这倒是一个“文武分离”的好例子。,004.中国历史演义总说.txt,94,《大李敖全集6.0》分章节/009.历史文化类/002.读史指南/004.中国历史演义总说.txt,"政治,唐朝文武分离,中国历史演义总说"
LAT071-057,读史指南,提取轮,待校对,人格,唐太宗以度量待人才,唐朝的另一大手笔是它“对人才的态度”。唐太宗的自信与度量，使他不但对外头人休休有容，对里面人也汪汪叔度，他对异己的优容、对人才的重视，使他不但马上得天下，并且马上治天下。这种流风，甚至在武则天接班时，仍旧相沿不替。武则天看到“叛乱犯”骆宾王骂她的文字，就感慨这样的人才我们没争取到，是宰相之过也！这是何等大度！何等人才至上！,004.中国历史演义总说.txt,95,《大李敖全集6.0》分章节/009.历史文化类/002.读史指南/004.中国历史演义总说.txt,"人格,唐太宗以度量待人才,中国历史演义总说"
LAT071-058,读史指南,提取轮,待校对,政治,人才态度导致科举取士,唐朝“对人才的态度”，导致了科举取士。唐太宗接见进士以后，兴高采烈地说：“天下英雄，尽入我彀中矣！”虽然是一种治术，却是一种高明的，何况考试方法比后代实际得多。魏元旷《蕉厂随笔》说：“唐时才士，无不遇之叹。”可见唐朝的人才政策，当时是成功的。,004.中国历史演义总说.txt,96,《大李敖全集6.0》分章节/009.历史文化类/002.读史指南/004.中国历史演义总说.txt,"政治,人才态度导致科举取士,中国历史演义总说"
LAT071-059,读史指南,提取轮,待校对,文化,唐朝文化面万古长存,读唐朝历史，应该特别注意它的文化面。唐朝在文化上为旧中国转型，为“可怜‘玉环’倚新装”。如今唐朝已经“内库烧为锦绣灰”了，但它的文化面却万古长存，我们忘不掉。,004.中国历史演义总说.txt,97,《大李敖全集6.0》分章节/009.历史文化类/002.读史指南/004.中国历史演义总说.txt,"文化,唐朝文化面万古长存,中国历史演义总说"
LAT071-060,读史指南,提取轮,待校对,文化,五代民族混同壮大中国,“五代”是中国的乱世，前后五十三年间，更历五朝八姓。形式上，它接续了唐朝的天下，但实际辖区上，只有黄河南北而已。这五个朝代——梁、唐、晋、汉、周，多者十余年，少者四年。从汉族眼光看，统治者五分之三是胡人：从中国民族史立场看，这是又一次民族大混同，有助于中国的壮大。,004.中国历史演义总说.txt,99,《大李敖全集6.0》分章节/009.历史文化类/002.读史指南/004.中国历史演义总说.txt,"文化,五代民族混同壮大中国,中国历史演义总说"
LAT071-061,读史指南,提取轮,待校对,政治,内战使百姓吃尽苦头,综合“五代”“十国”的大局，可称得上是中原残破、民不聊生。内战使中国百姓吃尽苦头。例如朱全忠为了抵制李克用，竟决黄河来淹对方，受害最多的，是老百姓；又如契丹灭晋，军队没有补给，每日数千骑，分道抢掠，称为“打草谷”，受害最深的，是老百姓；又如“五代”国都，四个在汴梁（开封），一个在洛阳，当时洛阳已经残破不堪，居民不满百户，成了“瓦子堆”。全国人口，比唐朝末年少了三分之一。受害最惨的，又是老百姓。到了“五代”结束，宋朝一统天下的时候，中国的战乱，自黄巢以来，恰好已一百年。老百姓受害一受就是一世纪，这一惨相，说明了做中国人是多么不容易！,004.中国历史演义总说.txt,102,《大李敖全集6.0》分章节/009.历史文化类/002.读史指南/004.中国历史演义总说.txt,"政治,内战使百姓吃尽苦头,中国历史演义总说"
LAT071-062,读史指南,提取轮,待校对,政治,宋朝对内神气对外窝囊,宋朝是一个对内神气对外窝囊的朝代，也就是一个“在羔羊前是勇士、在勇士前是羔羊”的朝代。,004.中国历史演义总说.txt,105,《大李敖全集6.0》分章节/009.历史文化类/002.读史指南/004.中国历史演义总说.txt,"政治,宋朝对内神气对外窝囊,中国历史演义总说"
LAT071-063,读史指南,提取轮,待校对,政治,宋代削弱宰相尊严,不但在名义和实权方面神气，甚至礼貌上，也大动手脚。宋太祖即位的第二天，就向宰相说：“朕目昏，持文字近前。”等宰相手持文件走近榻前，给皇帝过目后，回头一看，座位却给撤走了！从此“坐而论道”的局面，就改为“立而奏事”了。降至明清，甚至要四拜三叩头以至三跪九叩头了，一切都以“奴才跪对”出之，这真是中国的大不幸！,004.中国历史演义总说.txt,107,《大李敖全集6.0》分章节/009.历史文化类/002.读史指南/004.中国历史演义总说.txt,"政治,宋代削弱宰相尊严,中国历史演义总说"
LAT071-064,读史指南,提取轮,待校对,政治,重文轻武留下外患,宋朝虽然对内内行，对外却实在外行。对内内行，使它重文轻武，保持政权的安定，要求骄兵悍将“积金帛田宅以遗子孙，蓄歌儿舞女以终天年”，这样的军人岂能打仗？宋太宗对曹翰，公然有“卿，武人也”之讥；宋仁宗的文臣韩琦，公然给大将狄青好看，都是“胜之不武”的流风。内行的结果，如邵康节所说，“内无大臣跋扈”了、“外无藩镇专横”了，可是却“独夷狄为可虑”了。,004.中国历史演义总说.txt,108,《大李敖全集6.0》分章节/009.历史文化类/002.读史指南/004.中国历史演义总说.txt,"政治,重文轻武留下外患,中国历史演义总说"
LAT071-065,读史指南,提取轮,待校对,方法,元史不该窄解,“元朝”的字面意义是元世祖忽必烈入主中原后，定国号为“元”的朝代，事实上却不该弄得这样窄。元朝实应包括元太祖成吉思汗、太宗阿阔台、定宗贵由、宪宗蒙哥等未定中国的前期历史，和建立汗国的全部历史才对。元史专家屠寄感到元朝历史太窄了，特别用《蒙兀儿史记》来补救这一窄化，其实不必这么麻烦。只要不以辞害义，只要从宽解释就行了。,004.中国历史演义总说.txt,112,《大李敖全集6.0》分章节/009.历史文化类/002.读史指南/004.中国历史演义总说.txt,"方法,元史不该窄解,中国历史演义总说"
LAT071-066,读史指南,提取轮,待校对,文化,元朝不能被种族曲解,元朝在中国史上，曾被严重的曲解。首先是种族上的曲解，一开始就以“汉人”的眼光，把“蒙古人”当“异族”看。其实“汉人”的本身，早已是异了又异了。当时的汉人，就包括北方汉化的契丹人、女真人；南方的汉人，反不叫汉人而叫“南人”。今天我们回顾元朝历史，必须注意摆脱名词的纠缠，而该中华民族一家人式的，以博大观点，谈古论今。,004.中国历史演义总说.txt,114,《大李敖全集6.0》分章节/009.历史文化类/002.读史指南/004.中国历史演义总说.txt,"文化,元朝不能被种族曲解,中国历史演义总说"
LAT071-067,读史指南,提取轮,待校对,政治,元朝政治也有光明面,事实上，元朝历史中有许多光明面——至少比较说来，是光明面。例如元朝在刑狱方面，从来没有过文字狱一类的大狱，承平时期处决的人也比较少；在财政方面，元朝只有正税，没有苛捐杂税。正税也不算高，商税只三十取一。……大体说来，元朝政治相当宽。所以明太祖征召元朝故臣时，马翌的对话是：“元有天下，以宽得之，亦以宽失之。”足见元朝并不“黑暗”。,004.中国历史演义总说.txt,116,《大李敖全集6.0》分章节/009.历史文化类/002.读史指南/004.中国历史演义总说.txt,"政治,元朝政治也有光明面,中国历史演义总说"
LAT071-068,读史指南,提取轮,待校对,政治,明太祖建立特工政治,明太祖朱元璋是平民皇帝，也是恶棍皇帝。他在平天下后第二年（洪武十五年），就正式成立了“锦衣卫”，这是他御用的强大特工机构，专门用来整肃异己或战友。帮他打天下的如李善长、胡惟庸、蓝玉、傅友德、冯胜等等，都在“锦衣卫”成立先后给宰掉。明太祖以强大的特工政治维持政权，导致了明朝政权的先天恶性膨胀——特工膨胀，自明太祖时的五百人，直到达日后的十六万人！掌管这些贴身007的，都是贴身的太监，所以明朝的宦官007，变得空前绝后，这是明朝政治的一大特色。,004.中国历史演义总说.txt,119,《大李敖全集6.0》分章节/009.历史文化类/002.读史指南/004.中国历史演义总说.txt,"政治,明太祖建立特工政治,中国历史演义总说"
LAT071-069,读史指南,提取轮,待校对,政治,明朝是皇帝独夫集权,这种特色的起因，是明太祖起，厉行中央集权。一般说中央集权，是中央政府集权；明朝的中央集权，却是皇帝一个人集权，是中央独夫集权。明太祖连象征性的权力都不愿给丞相，他废掉丞相，直接以皇帝带各部会，政府的体制给弄乱了，自然就因不是大臣当国而是小人当道，而闹出无法无天的闹剧。,004.中国历史演义总说.txt,120,《大李敖全集6.0》分章节/009.历史文化类/002.读史指南/004.中国历史演义总说.txt,"政治,明朝是皇帝独夫集权,中国历史演义总说"
LAT071-070,读史指南,提取轮,待校对,政治,明朝政治闹剧是耻辱,看明朝历史的人，必须特别注意明朝政治的闹剧一面，他们是中华民族的大耻辱，中华儿女们别忘了老祖宗们做的孽！,004.中国历史演义总说.txt,122,《大李敖全集6.0》分章节/009.历史文化类/002.读史指南/004.中国历史演义总说.txt,"政治,明朝政治闹剧是耻辱,中国历史演义总说"
LAT071-071,读史指南,提取轮,待校对,方法,读清史要取消种族偏见,清朝是满人的朝代，对清朝的论定，自辛亥革命以来，由于“种族”的偏见，未免有太多汉人本位的错误，就像明朝汉人论定元朝蒙人的错误一样。这种偏见，是应该取消的。读清朝历史的人，先得注意这一点。,004.中国历史演义总说.txt,124,《大李敖全集6.0》分章节/009.历史文化类/002.读史指南/004.中国历史演义总说.txt,"方法,读清史要取消种族偏见,中国历史演义总说"
LAT071-072,读史指南,提取轮,待校对,政治,清朝税制改革惠及百姓,康、雍、乾三朝都有库存，自二千四百万到六七千万不等。康熙五十一年起，宣布所有新增人口永不加赋，是对以人头为计算标准的“丁赋”，有革命性的改革。乾隆又对“田赋”普免多次。这些直接使老百姓受好处的措施，在历史上，是值得注意的。,004.中国历史演义总说.txt,126,《大李敖全集6.0》分章节/009.历史文化类/002.读史指南/004.中国历史演义总说.txt,"政治,清朝税制改革惠及百姓,中国历史演义总说"
LAT071-073,读史指南,提取轮,待校对,方法,评清须看未有变局强敌,可是，一切都太邪门了一点，中国人简直不太能应付这种新局面，其困难情形，恰如李鸿章说的，一方面是“数千年未有之变局”；一方面是“千年来未有之强敌”。这种“变局”和“强敌”，都被清朝政府倒霉碰上，结果只好丢人现眼。现在我们看清朝历史，在对他们论定的时候，也该注意这一点。,004.中国历史演义总说.txt,129,《大李敖全集6.0》分章节/009.历史文化类/002.读史指南/004.中国历史演义总说.txt,"方法,评清须看未有变局强敌,中国历史演义总说"
LAT071-074,读史指南,提取轮,待校对,政治,逊位诏书扩大民族观点,这四十三天中，南方北方之间达成一项重要的认同，就是民族观点的博大化。2月12日，清朝主政者的逊位诏书里，表明“总期人民安堵，海内乂安，仍合汉满蒙回藏五族领土，为一大中华民国”的观点；三天后，2月15日，临时大总统祭明太祖陵，在对这个“驱逐胡元”的汉族皇帝的祭文中，表明“五大民族，一体无猜”的观点；三天后，2月18日，又发表《孙大总统布告天下电》，表明“合汉满蒙回藏为一家，相与和衷共济”的观点。这些观点，都是很博大的。清朝主政者开始“人心思‘汉’”和民国主政者停止“人心不‘满’”，停止“驱逐鞑虏”的时间性政治性号召，大家以博大观点示人以广，这是民国成立的第一进步。,004.中国历史演义总说.txt,132,《大李敖全集6.0》分章节/009.历史文化类/002.读史指南/004.中国历史演义总说.txt,"政治,逊位诏书扩大民族观点,中国历史演义总说"
LAT071-075,读史指南,提取轮,待校对,政治,和平解决体现政治技术,不错，“亡国未有若此之易者”，但是国“亡”了，旧政权和新政权之间，竟能以“优待条件”达成博大观点的和平解决，这真是中国人的政治技术！,004.中国历史演义总说.txt,134,《大李敖全集6.0》分章节/009.历史文化类/002.读史指南/004.中国历史演义总说.txt,"政治,和平解决体现政治技术,中国历史演义总说"
LAT071-076,读史指南,提取轮,待校对,知识,历史一词显示文化交流,“历史”两个字，不是中国的原装货，而是日本移来的名词。中国记录中，最早出现在清朝光绪二十九年到三十一年（1903-1905），改革学制的时候。中国过去称历史做“史”、做“书”、做“志”、做“记”等等，从不将“历史”两字连用，这种连用，显然是“东洋化”的结果。现在我们约定俗成，用惯了这种词儿，应该给自己来番“机会教育”，告诉自己：中国历史的远流是多么复杂，小自一个名词的变幻，都有它的文化交流、有它的来龙去脉，中国人要弄清自己的历史，是何等不容易！,004.中国历史演义总说.txt,137,《大李敖全集6.0》分章节/009.历史文化类/002.读史指南/004.中国历史演义总说.txt,"知识,历史一词显示文化交流,中国历史演义总说"
LAT071-077,读史指南,提取轮,待校对,方法,会读演义少力大得,有了演义以后，这种困难，总算得到主要的解决，因此我说：“会读历史演义的人，会用最少的精力，得到最大的好处。”我又说：,004.中国历史演义总说.txt,138,《大李敖全集6.0》分章节/009.历史文化类/002.读史指南/004.中国历史演义总说.txt,"方法,会读演义少力大得,中国历史演义总说"
LAT071-078,读史指南,提取轮,待校对,方法,三国之外还须全史演义,几千年中国历史中，《三国演义》所占的，不过只六十年，你爱看《三国演义》，一看再看，也只能了解东周以来历史的四十六分之一，其他四十六分之四十五，你要想三国演义化，就必须看这部——《中国历史演义全集》。,004.中国历史演义总说.txt,141,《大李敖全集6.0》分章节/009.历史文化类/002.读史指南/004.中国历史演义总说.txt,"方法,三国之外还须全史演义,中国历史演义总说"
LAT071-079,读史指南,提取轮,待校对,写作,校订演义中有苦心调剂,《二十五史演义》，以广益版的原书为基础，配上舒屋山人《新编二十六史通俗演义》的四十七回以后，恰好达成了这一需要。这种校订的功夫，正是清朝史学家章学诚所谓的“中有苦心而不能显”“中有调剂而人不知”，绝不是一般浅人所能深察的。,004.中国历史演义总说.txt,143,《大李敖全集6.0》分章节/009.历史文化类/002.读史指南/004.中国历史演义总说.txt,"写作,校订演义中有苦心调剂,中国历史演义总说"
LAT071-080,读史指南,提取轮,待校对,知识,预言性演义可成历史文献,七十八年过去了！如今是1980年了！七十八年前预言性的演义，时过境迁，竟变成先知型的文献。《新中国未来记》预言理想国号是没有帝制的大中华民主国，后来成为事实；预言到十年后民国成立，后来成为事实；甚至预言到开国伟人名叫黄克强，后来也成为事实……这种演义体的奇迹，岂不是“青年心死秋梧悴，老国魂归蜀道难”时代的最好读物吗？因此我说：,004.中国历史演义总说.txt,147,《大李敖全集6.0》分章节/009.历史文化类/002.读史指南/004.中国历史演义总说.txt,"知识,预言性演义可成历史文献,中国历史演义总说"
LAT071-081,读史指南,提取轮,待校对,人格,历史演义可养成理智爱国,有了这部大书，你可以翘起两脚，读得津津有味；你可以纵横上下，把古往今来从头说起；你可以变成渊博的人，加入“白头宫女谈天宝”“古董山人说晚明”的行列；你可以变成理智的爱国者——因为你真的透过它，了解了中国！,004.中国历史演义总说.txt,148,《大李敖全集6.0》分章节/009.历史文化类/002.读史指南/004.中国历史演义总说.txt,"人格,历史演义可养成理智爱国,中国历史演义总说"
