id,source_id,book,sequence,title,category,description,source_location,source_file,source_path,keywords,round,status
LAT096-001,LAT096-001,李敖送电集,,政治欲望被压制后会反弹,政治,台湾是一个奇怪的地方。被日本人统治了五十年，由于日本的压制，使我们这个岛的人发生一个现象，就是政治欲望被打压，所以要反弹。在1945年以后，台湾由国民党统治，带来很多职位，台湾人高兴了，可以满足政治欲望；就是今天看到的一个明显现象，台湾这地区“政治挂帅”，只要有政治气氛就可以炒得很热，为了政治可以花多少钱。像李远哲说过，台湾的选举经费比美国多二十五倍，因为大家都在搞政治肯花钱，这是台湾的一个怪现象。,,001.2000年2月1日.txt,《大李敖全集6.0》分章节\011.李敖电子报\003.李敖送电集\001.2000年2月1日.txt,台湾;政治欲望;日本统治,校对轮,已校对
LAT096-002,LAT096-002,李敖送电集,,专业越界政治会危害人,政治,在日本压制台湾的时候，还有一个怪现象，因为政治上的不满足，很多优秀的台湾人开始学医，所以台湾有个特色，就是医生特别多，医师在台湾近代历史占了重要的地位；而这批医生到了今天，还有这种喜欢做官或搞政治的观念。医生不作本行作政治活动，严格说起来是学非所用，有的人学非所用会出事的。《西游记》里猪八戒骂人说“庸医杀人”，可是对良医我们一定要问，至少在这里我要问：“会杀人吗？会不会误事？”“也会！”因为好的医生如果不能做好本行，而要改行越界做别的事，做不好的时候，他会危害人。,,001.2000年2月1日.txt,《大李敖全集6.0》分章节\011.李敖电子报\003.李敖送电集\001.2000年2月1日.txt,医生;专业;政治,校对轮,已校对
LAT096-003,LAT096-003,李敖送电集,,代议民主不能没有议会,政治,在1919年五四前后，有一个新文化运动，当时提倡新思想，有一个人后来变成有名作家，名字叫做鲁迅；他在日本学医，后来离开医界变成作家，他《阿Q正传》还是写得非常好，可是这个人谈起政治来，脑筋就不够了。在五四时代，鲁迅一方面提议德先生，就是民主，一方面要把议会限制住；我们知道，民主政治如果只有代议而没有议会，这是假的，可是鲁迅不晓得，他是以医生的观点来看，结果就闹了这个笑话。,,001.2000年2月1日.txt,《大李敖全集6.0》分章节\011.李敖电子报\003.李敖送电集\001.2000年2月1日.txt,鲁迅;民主;议会,校对轮,已校对
LAT096-004,LAT096-004,李敖送电集,,台独被枪毙少因玩假,政治,在我们看起来这根本是笑话。国民党办我们这些“叛乱犯”，从来不用《刑法第一百条》，因为判太轻、判太慢，他们是用《惩治叛乱条例》第二条第一款来判。那时候已经没有任何危险了，李镇源和一些政治上的投机分子搞运动，就是要废除《刑法第一百条》，让我们觉得很好笑。现在资料出来了，白色恐怖时代枪毙的人，罪名统统都是共产党，真正台独被枪毙的只有一人；搞共产党的成千上万被枪毙，因为搞共产党的是玩真的，为什么搞台独枪毙的只有一位？“搞台独的人都是玩假的！”,,001.2000年2月1日.txt,《大李敖全集6.0》分章节\011.李敖电子报\003.李敖送电集\001.2000年2月1日.txt,白色恐怖;台独;共产党,校对轮,已校对
LAT096-005,LAT096-005,李敖送电集,,政治专业不能交给外行,政治,政治是专业问题，不是医生说几句话就可以的。在二次大战刚胜利后，美国发现制造原子弹的秘密泄漏到苏联去。美国就调查，为什么这些忠于美国的一流科学家甘心卖国，把原子弹秘密交给苏联，后来国务卿杜勒斯研究清楚，当时美国在太平洋占领了日本的一些小岛，而美国总统罗斯福倡议联合国，联合国一个重要的观念，就是使独立地区的人们独立，可是美国的军方说，我们要让这些小岛为美国所控制，拥有战略据点；所以美国就违反联合国宪章，不让这些小岛独立。这时引起美国这些科学家不满，觉得美国军方、政府太虚伪了，就将原子弹秘密送给苏联来报复。杜勒斯在书中讲到，这就证明美国的军人不懂政治，他们不应该影响罗斯福总统坚持控制这些小岛，造成美国国防上的大漏洞。所以美国人看了这本书，现在都是文官做国防部长，偶尔例外。,,001.2000年2月1日.txt,《大李敖全集6.0》分章节\011.李敖电子报\003.李敖送电集\001.2000年2月1日.txt,政治专业;科学家;国防,校对轮,已校对
LAT096-006,LAT096-006,李敖送电集,,两岸关系被误导会失机会,政治,而今天台湾，在李登辉当政十一年下来，我们很多好机会没有了。在十一年前，陈立夫建议用二百亿援助大陆，换取中国大陆对我们的和平、好感；那时候我们还有机会，到大陆先驰得点、占尽便宜，今天没有这个机会了，因为他的经济起飞比我们还快，台湾变弱势了。并且现在，我们每年赚大陆二百亿美金，可今天我们占便宜还骂人家，拼命地挑拨两岸政策；一个地震救灾，我们感谢每一国政府，而中国大陆提都不提，北京大学学生辛苦捐钱也不提。为什么这样？告诉各位，我们被挑拨了，台湾和大陆的关系被某些人有意的误导；告诉各位，不要再相信他们，要相信海峡两岸的和平关系对我们最有利。,,001.2000年2月1日.txt,《大李敖全集6.0》分章节\011.李敖电子报\003.李敖送电集\001.2000年2月1日.txt,两岸;和平;机会,校对轮,已校对
LAT096-007,LAT096-007,李敖送电集,,清明判断才能保护安全,政治,今天的结论就是，不要再相信外行人来谈台湾的政治问题，也不要再相信外行人来挑拨，我们自己要把握住清明的想法，来保护我们的安全，这才是聪明的台湾人。（整理／新党新月刊编辑部）（2000/2/1）,,001.2000年2月1日.txt,《大李敖全集6.0》分章节\011.李敖电子报\003.李敖送电集\001.2000年2月1日.txt,外行;安全;清明,校对轮,已校对
LAT096-008,LAT096-008,李敖送电集,,个人一生不能轻易献祭,人格,我李敖本身是一个叛乱份子，当年我们一共八位，分别被判了十年到十五年徒刑，后因蒋介石去世而获得减刑，坐了五年八个月牢就出来了。今天我们在写革命传记时，赞美了温生才，也赞美了孙中山，可是仔细想想，一个人一生只活一次，到底应不应该为了全体而牺牲自己呢？,,002.2000年2月2日.txt,《大李敖全集6.0》分章节\011.李敖电子报\003.李敖送电集\002.2000年2月2日.txt,牺牲;革命;个人,校对轮,已校对
LAT096-009,LAT096-010,李敖送电集,,反省牺牲同样值得尊重,人格,以前人说拋头颅、洒热血、横尸法场、坐穿牢底、为了我们下一代牺牲自己，才是英雄人物，这也是共产主义的教条，大家都认为很正确。现在人比以前进步了，人们会反省，我只能活一次，为什么要牺牲我？我觉得有这样反省的人生观，同样值得我们这样的英雄人物尊重。,,002.2000年2月2日.txt,《大李敖全集6.0》分章节\011.李敖电子报\003.李敖送电集\002.2000年2月2日.txt,牺牲;反省;人生观,校对轮,已校对
LAT096-010,LAT096-011,李敖送电集,,投降有时保留机会,政治,今天台湾出现一种人，他们说为了台湾是一个主权独立的国家，为了台湾人的尊严，万一中共打过来，宁可被打死也不要屈服。我要说我们的尊严有这么重要吗？英国哲学家罗素讲过一段动人的话：英国和苏联作战时，假如英国战败要被苏联消灭，在毁灭与投降之间，我要选择投降，为什么呢？因为投降才有机会，如果还要保持尊严，不自由毋宁死，那就完全没有机会了。,,002.2000年2月2日.txt,《大李敖全集6.0》分章节\011.李敖电子报\003.李敖送电集\002.2000年2月2日.txt,尊严;罗素;机会,校对轮,已校对
LAT096-011,LAT096-012,李敖送电集,,拖延也是一种胜利,方法,我告诉各位，这种只要我不死的拖延法，是一种了不起的战术。1949年当时在台湾的共产党员被抓后，整天在牢里唱马赛曲，意思就是台湾很快就会被解放了，可是台湾还没有被解放，这些共产党员都被枪毙了。宋朝的天下是三百零六年，他的敌人契丹辽国，宋朝不敌，结果答应送钱并叫辽国为叔叔。可是辽国拖了四十九年就灭亡了。后来金国也是同样情况，宋朝打不过金，成为对峙局面，又称金为叔叔，叫了四十二年，把金国也拖垮了。所以敌人被你拖垮，也是胜利的一种，虽然是阿Ｑ战略。,,002.2000年2月2日.txt,《大李敖全集6.0》分章节\011.李敖电子报\003.李敖送电集\002.2000年2月2日.txt,拖延;战术;宋朝,校对轮,已校对
LAT096-012,LAT096-013,李敖送电集,,中华民国亡国后尊严成骗局,政治,孙中山民生主义中讲的涨价归公，可是没有说跌价归谁？所以说这是闭门造车，不可能实行的。我坐牢时他们不准我看书，经过我要求给了我《三民主义》、《国父全集》、《蒋总统全集》，在《蒋总统全集》中我看到一个秘密，1950年3月13日，蒋介石在阳明山一次国民党高干秘密谈话中说：中华民国在去年（1949年）已经没有了，在整个谈话中有四次提到中华民国已经亡国了。这整个是一个骗局，到今天我们还赞美“两国论”中的中华民国。现在的国际法除了国家、领土、主权、人民之外，还要有一个重要的条件，那就是要人家承认你。今天台湾得不到国际的承认，整个欧洲只有罗马教廷承认我们，可是这么多年来他们不派大使、公使、领事、代办，派来一个临时代办，最近还抽调回去换了一个职员，我们哪里有尊严呢！,,002.2000年2月2日.txt,《大李敖全集6.0》分章节\011.李敖电子报\003.李敖送电集\002.2000年2月2日.txt,中华民国;亡国;国际承认,校对轮,已校对
LAT096-013,LAT096-014,李敖送电集,,谈判程序才能取得利益,政治,今天在台湾动辄给人戴帽子，说新党是中共同路人、认同大陆、不爱台湾；说台湾人不是被吓大的，台湾人要打、要制裁你们这些台奸。大家有没有想过，如果我们爱台湾的方法不正确，会给台湾带来什么？我在台湾住了五十年，当年有暴君不准我们讲话，现在有暴民，有不同意见就给你戴帽子，这太恐怖了！我李敖觉得要为我们下一代争取五十年的空间，让他们来决定未来的前途。新党的李庆华把我推出来，我第一个口号就是“出卖台湾，买回大陆”，我认为不能打，要争取谈判的空间，经过谈判的程序，才能取得台湾的利益。（整理／新党新月刊编辑部）（2000/2/2）,,002.2000年2月2日.txt,《大李敖全集6.0》分章节\011.李敖电子报\003.李敖送电集\002.2000年2月2日.txt,谈判;台湾利益;戴帽子,校对轮,已校对
LAT096-014,LAT096-015,李敖送电集,,爱真理甚于吾师,人格,我在台大曾是这样的学生，最后，我骂了教授、文学院院长、台大校长，我离开了，原因就是我真正做到孔子所说的“当仁不让于师”，也就是亚里士多德说的，我爱柏拉图甚于许多东西，可是我爱真理甚于吾师柏拉图。当我批评台大的时候，我历史系陈姓、吴姓两位学长合写一封信向学校建议，我笑他们是“陈胜、吴广起义”，结果每人被记一大过。后来我跟学校翻脸，正式办杂志写文章、公开骂校长，就是现在国民党监察院长小官僚钱复的爸爸，钱校长不敢惹我，也不敢开除我，跑到教育部告我状，教育部长黄季陆跟钱校长说，李敖你们不敢惹他，我们也不敢惹他。今天我站在这里跟大家讲这段话，意思就是说台湾大学曾经出现过这样叛徒型的人物。,,003.2000年2月3日.txt,《大李敖全集6.0》分章节\011.李敖电子报\003.李敖送电集\003.2000年2月3日.txt,台大;真理;反叛,校对轮,已校对
LAT096-015,LAT096-017,李敖送电集,,追问第二命题防止空想,方法,这意思就是我们面对一个问题，怎么样选择我们的一个方向，就是今天我所讲的题目“台大人的第二命题”。我和台大人讲话，比较不像普通的讲演，因为你们是我的小学弟；我跟你们谈的一点就是，我们常常总是第一命题过去了，忽略第二命题。我讲过，好比说第一命题是，“台湾是主权独立国家，两国论好不好”，“好”，第一命题通过了；然后，没有人提出第二命题，就是“两国论可能引发海峡两岸战争，你愿不愿意”，第一命题提出来大家谈得很高兴，以为不会发生第二命题，第二命题会发生的。,,003.2000年2月3日.txt,《大李敖全集6.0》分章节\011.李敖电子报\003.李敖送电集\003.2000年2月3日.txt,第二命题;两国论;战争,校对轮,已校对
LAT096-016,LAT096-018,李敖送电集,,不求甚解不是钻牛角尖,方法,后来我们才知道没有什么了不起，以前帮罗斯福总统竞选的总干事高雷，他是可口可乐的老板，能叫出三万个人的名字，这么天才、好的记忆力，我非常羡慕。悟性高就是你讲什么话，我很准确明白你的意思，陶渊明写的《五柳先生传》有句话，“好读书，不求甚解”，不求甚解是不钻牛角尖，就是恰如其分，不把不该有的意思强加进去。,,003.2000年2月3日.txt,《大李敖全集6.0》分章节\011.李敖电子报\003.李敖送电集\003.2000年2月3日.txt,悟性;不求甚解;恰如其分,校对轮,已校对
LAT096-017,LAT096-019,李敖送电集,,判断爱台不能偷换标准,方法,今天我们发生逻辑层次问题，宋楚瑜说他在台湾住得久，陈水扁说：不能以住得久不久来评论你爱不爱台湾，如果以住得久不久做为评判标准的话，那么年纪最大的人就是他最爱台湾。就好象中国古代的故事，大使去了以后，对方嫌大使年纪小，说他没有胡子；大使说，你要胡子，下次我派只山羊过来，山羊的胡子最长。,,003.2000年2月3日.txt,《大李敖全集6.0》分章节\011.李敖电子报\003.李敖送电集\003.2000年2月3日.txt,逻辑;爱台湾;标准,校对轮,已校对
LAT096-018,LAT096-020,李敖送电集,,族群投票逻辑不通,政治,上次陈水扁竞选的时候说“台湾人要投台湾人”，意思就是说台湾人不投外省人，因为外省人来的时间比台湾人晚，不过来了五十年，而台湾人可能来了四、五代，或二百年；这意思就隐含了我来得久就比你正常、比你吃得开。同样的逻辑，当你否定宋楚瑜的逻辑关系时，陈水扁、李鸿禧这些人说“台湾人要投台湾人”就不成立，这逻辑关系是不通的。当年李鸿禧在台大，我们同样住在温州街，就在我对面，他是个很用功、很笨的学生，后来台大出来变成名教授，他上课时告诉学生，说当时台大有出名的“二李”，一是李敖，一是李鸿禧；我可以告诉你们，李鸿禧完全捏造历史，当时台大只有“一李”，就是我李敖。,,003.2000年2月3日.txt,《大李敖全集6.0》分章节\011.李敖电子报\003.李敖送电集\003.2000年2月3日.txt,台湾人;外省人;逻辑,校对轮,已校对
LAT096-019,LAT096-021,李敖送电集,,背叛错误对象未必错误,方法,现在讲逻辑关系，陈水扁谈到宋楚瑜背叛蒋家、又背叛李家，背叛了李登辉、蒋家父子；这个逻辑如果成立时，我会提出另外一个问题，就是如果蒋家不对、李家不对，宋楚瑜背叛了他对不对？“对啊！”如果他继续忠于蒋家、李家，难道你陈水扁赞成这个事实吗？所以他背叛了他们，在逻辑上是成立的。,,003.2000年2月3日.txt,《大李敖全集6.0》分章节\011.李敖电子报\003.李敖送电集\003.2000年2月3日.txt,背叛;蒋家;逻辑,校对轮,已校对
LAT096-020,LAT096-022,李敖送电集,,大学生要有不被骗的顿悟,人格,台大在台湾应该是一个领导性、指标性的学术单位，它的同学应该站在第一线，带领台湾群众走政治的路线，可是今天显然没有做到这一点。你们小朋友那么聪明、天真，可是很不幸，你们在成长过程里面被污染了，很多事情你们觉得你们在反叛，事实上想法都被人给设定好了；就是政客要你们怎么样，你们就怎么样。当然，我不能要求你们像我在台大那样凶悍，可是，你们至少可以做到一点，就是知道什么是真的，有这种顿悟的能力。很可能就在今夜，你们听了这个演讲以后，从此不再被人家骗了。（整理/新党新月刊编辑部） （2月3日）,,003.2000年2月3日.txt,《大李敖全集6.0》分章节\011.李敖电子报\003.李敖送电集\003.2000年2月3日.txt,大学生;污染;顿悟,校对轮,已校对
LAT096-021,LAT096-023,李敖送电集,,绝不肯有一点特权,人格,上面这件事，当然是我跟你提到“绝不可以扰民”以前发生的事，并且绝对是你手下小朋友们对我爱护保护的好意行为，但既有这种事发生，我很不安，特别再申前请，请你委婉严申：“李先生绝不肯有一点特权，绝对不要妨碍了别人。”,,004.2000年2月10日.txt,《大李敖全集6.0》分章节\011.李敖电子报\003.李敖送电集\004.2000年2月10日.txt,特权;扰民;保镖,校对轮,已校对
LAT096-022,LAT096-025,李敖送电集,,仇恨也是正义反应,人格,又如侈言“教训要记取、仇恨要遗忘”的，可曾知道仇恨是一种正义的反应与追偿？有仇不报有恨不平的民族，其实是一种伪善的民族、一种懦种、贱种的民族，貌似对敌人宽大，实际却对自己残忍。,,004.2000年2月10日.txt,《大李敖全集6.0》分章节\011.李敖电子报\003.李敖送电集\004.2000年2月10日.txt,仇恨;正义;民族,校对轮,已校对
LAT096-023,LAT096-026,李敖送电集,,史料突破重开大屠杀研究,知识,六十年前的南京大屠杀，是日本人暴行中最大规模的一次。自1937年12月13日到1938年1月的四十几天的“血海”里，三十万的中国人惨遭牺牲。可怪的是，这一千古未有的大屠杀，却一直不像德国人屠杀犹太人或美国人丢原子弹炸日本人那样广为人知。十年来，这方面史料的发掘和史书的论述，大多成绩不彰，并难得突破。但是，在南京大屠杀近六十年后的前夜，奇迹出现了。旅美华裔作家张纯如女士，以她的锲而不舍和匠心独运，终于发现了尘封六十年的“拉贝日记”，使南京大屠杀的研究，在史料上顿时突破；而张纯如女士自己，又有《被遗忘的大屠杀——1937南京浩劫》出版，在史书上又见新献。六十年过去了，竟在六十年后，得见史料出土、史书出版，此正古人所谓“文物有灵”也，丑陋的日本人，又哪里逃！,,004.2000年2月10日.txt,《大李敖全集6.0》分章节\011.李敖电子报\003.李敖送电集\004.2000年2月10日.txt,南京大屠杀;史料;拉贝日记,校对轮,已校对
LAT096-024,LAT096-029,李敖送电集,,放弃台独族群才可合作,政治,答：没有改变！他们说本来要批扁打连，是我否认的。因为12月3日《台湾时报》有一个整版的谈话说，李敖搜集资料是世界级的，是世界一流的，这是阿扁赞美我的话，因为我公布了宋楚瑜过去打压我的秘密文件。其实我也可以公开挺陈水扁，如果他愿意放弃台独党纲，并且放弃挑拨族群的意识。他最严重的一次是对于二二八的谈话，二二八纪念馆里面实在是太荒谬，里面给人的印象全部都是外省人杀台湾人，那个陈仪的录音谈话根本是假的，找个浙江人冒充陈仪，怎么可以用捏造假的证据来凸显族群的冲突？如果阿扁能澄清对族群、对统独的态度，我就挺他，没什么了不起的。问题是阿扁他哪一个族群都不敢得罪，每个牌他都要打，像变形虫。尤其在这次课征证所税的风波可以看得出来，廿四小时以内有三次变化，从要课征证所税、到配套课征、到不征，他这样子叫人民如何信任他？,,005.2000年2月11日.txt,《大李敖全集6.0》分章节\011.李敖电子报\003.李敖送电集\005.2000年2月11日.txt,陈水扁;台独;族群,校对轮,已校对
LAT096-025,LAT096-030,李敖送电集,,高难证据支撑揭发黑暗,方法,答：今天不能给你们我的秘密档案。我告诉你我握到什么程度，李登辉在瑞士银行的帐号都在我手里，你看我多厉害！二次大战以后德国的纳粹战犯有很多钱存在瑞士银行，这些钱是从以色列人那儿抢过来的，连以色列政府都查不到，而我就有办法查得到，由此观之，我要把李登辉关起来绝对不是一件困难的事。,,005.2000年2月11日.txt,《大李敖全集6.0》分章节\011.李敖电子报\003.李敖送电集\005.2000年2月11日.txt,瑞士银行;证据;李登辉,校对轮,已校对
LAT096-026,LAT096-032,李敖送电集,,改变一厢情愿的思考,方法,答：我想，这次我站出来参选总统，最重要的就是想要改变台湾人民的思考方法，因为台湾人民长久以来，所习惯的思考方法就是“一厢情愿”的思考方法，台湾人民老是关着门，自己窝在一个岛上，把我们的希望，当成是一个结果，这就是我们在思考方法上，一个很严重的错误，所以，我才会说，我们自己空有一个主张是不行的，重要的是要怎么样去实行。,,006.2000年2月14日.txt,《大李敖全集6.0》分章节\011.李敖电子报\003.李敖送电集\006.2000年2月14日.txt,思考方法;主张;实行,校对轮,已校对
LAT096-027,LAT096-033,李敖送电集,,政见缺实现路径就是空谈,方法,现在大家在台湾都是只会提出一个主张，像民进党总统参选人陈水扁，三天两头就一套白皮书，而这些白皮书也都只是主张，却没有想过要怎么去实现这些主张，如果不能实现，就要想想该如何去规划，大家可以再看看陈水扁公布的“中国政策白皮书”，厚厚的一本，而第一页就明言台湾与中国大陆的关系，就是两国的特殊国与国关系，请问，在这样一个大前提下，两岸之间有可能坐下来对谈吗？有可能进行任何意见交流吗？因为陈水扁有这样的前提，大陆根本不可能跟你坐下来谈，既然两岸没得谈，那么你后面的那一大堆计划，就都成了空谈，就全是空的了，大家应该想想，与大陆合作的第一步，就是大家要先坐下来好好的谈，但本来大陆海协会会长汪道涵都要来了，结果台湾这边一下七块论，一下两国论，他马上就不来了，就不愿跟你谈了，两岸的关系因此就变得紧张，其实坐下来谈就是第一步，可是从连战的政策来看，或是陈水扁的政策，乃至于宋楚瑜的政策，我们都看不出来，大陆方面看了他们的政策，会愿意坐下来跟你谈，甚至陈水扁还说，当他当选总统之后，将以总统身份访问大陆，可是前提是，那边不会同意让你去，所以我认为，他们这些人的理论，都缺乏真正的可行性。,,006.2000年2月14日.txt,《大李敖全集6.0》分章节\011.李敖电子报\003.李敖送电集\006.2000年2月14日.txt,白皮书;可行性;两岸,校对轮,已校对
LAT096-028,LAT096-034,李敖送电集,,空主张没有意义,方法,我再举一个很好玩的例子，我说我李敖主张，我要跟黛安娜王妃上床，大家一听就会笑，为什么呢？因为我李敖五十年不离开台湾，黛安娜王妃她也不来，这种主张有什么意义，并且，就算我们两个碰上了，来不来电又是另外一回事，不来电，那这个主张也是空谈，就算来电，黛安娜王妃也死掉了，我要跟鬼上床。所以呢，你的主张如果是空的，就没可行性，我们要知道，陈水扁这么多白皮书，连战这么多政见，包括宋楚瑜的，都是没有可行性的空话，骗一骗选票可以，没有可行性都是空谈，这是我不会做的事情，因为我头脑好，没有可行性的政见我是不提的。,,006.2000年2月14日.txt,《大李敖全集6.0》分章节\011.李敖电子报\003.李敖送电集\006.2000年2月14日.txt,主张;可行性;空谈,校对轮,已校对
LAT096-029,LAT096-035,李敖送电集,,幻想不能当成结果,方法,现在的教育政策，教科书内容，都是很乏味的，都是死背的，所以教育出来的学生，当然也都是失败的，所以我就从最根本的问题来解决，就是要先修改教科书，可是这些人都看不到这样的问题。可以说，我所提出来的方法都是具体可行的，而这些人所说的却都是空话，再回到之前我说的，在台湾这块岛上，大家就是习惯把幻想当主张，把主张当结果，好比说要进联合国，民进党的吕秀莲每年都说台湾要进联合国，每年都要说，但是就是进不去，大家也明明知道台湾进不了联合国；另外，台湾要成为主权独立国家也是啊，你要独立，同样要得到国际社会的认同才行，但是，实际上没有人要承认我们，联合国进不去，大国也不承认我们，最后只有不断花钱，买到了二十几个小国，我想请问，台湾有谁听过亚洲有个诺鲁共和国，它有七万八千人口，二十一点二平方公里，比台湾日月潭大一点点的国家，这种国家的确是承认我们，但这样象话吗？不如我们把台湾分成好几块，台北市一块，高雄市一块，其它各县市也都各自独立，然后大家互相承认算了，这样是很爽，我们就分个嘉义国、台南国，至少都比诺鲁共和国大，所以我说台湾老百姓长久以来，一直都是受骗的。,,006.2000年2月14日.txt,《大李敖全集6.0》分章节\011.李敖电子报\003.李敖送电集\006.2000年2月14日.txt,教育;联合国;主权,校对轮,已校对
LAT096-030,LAT096-037,李敖送电集,,先上谈判桌才有和平,政治,答：第一点，就是我所强调的可行性，两岸第一个要面对的就是谈判问题，如果双方剑拔弩张，是谈不上会有和平的，所以最重要的是要先能坐上谈判桌，才有机会谈细节的事，一国两制是中国大陆提出来的，如果我们接受这个模式，中国大陆就没有理由不坐下来跟我们谈，现在我们不接受这个模式，中国就到处跟美国人讲，说我们是麻烦制造者，但是要是我们接受了，大家就可以坐下来谈判，我们就可以提出我们的要求，也向他们开出条件，到时候如果他们不接受，那就可以轮到我们说他们是麻烦制造者了，可以向国际社会说，中国是以大欺小，欺负台湾。,,006.2000年2月14日.txt,《大李敖全集6.0》分章节\011.李敖电子报\003.李敖送电集\006.2000年2月14日.txt,一国两制;谈判;和平,校对轮,已校对
LAT096-031,LAT096-038,李敖送电集,,谈判技术要抓对方弱点,方法,不接受中国一国两制的条件，我们已是理屈了，更何况在谈的过程中，我们也可以提出我们的条件，大家都忽视了一点，以为他大你小，我们就一定吃亏，他们就一定占便宜，谈判是需要技术的，因为他大有大的苦恼，他不希望台湾独立，希望台湾能给他面子，他也不希望打仗，五十年、一百年不变他都可以接受，但你就是不要挑衅，他也有他的弱点，他为了要让经济赶紧起飞，并不想要统治台湾，更不会想要占领台湾，只要我们不要给他难堪，好比说一个中国，是邓小平提出来的，他也没有说一定要是中华人民共和国，因为可以各自表述，你说是中华人民共和国也可以，但我说是中华民国，你也不要过分干涉我，这就是各自表述，其次就是“两制”，台湾也没有反对两制，台湾从来没有反对一国两制，台湾反对的只是一国，如果说五十年不变，各自执行各自的政治制度，五十年后再比较看看谁好谁坏，有什么不可以呢？（待续）（2000/2/14）,,006.2000年2月14日.txt,《大李敖全集6.0》分章节\011.李敖电子报\003.李敖送电集\006.2000年2月14日.txt,谈判技术;弱点;一个中国,校对轮,已校对
LAT096-032,LAT096-044,李敖送电集,,选举也是思想活动,文化,答：依我看来，我并没有投入选举活动，我是在进行思想活动，透过选举六个月的时间，我可以透过政治的手段来宣传我的思想，这跟我的晚节是一贯的，我一路走来始终如一，活在台湾做我自己。我不希望一个人落选之后，没地方去，我想恢复平静的生活，因此我现在每天也都还在写作，平均每天约写二千字，上两个电视节目与办一家电子报。,,008.2000年2月16日.txt,《大李敖全集6.0》分章节\011.李敖电子报\003.李敖送电集\008.2000年2月16日.txt,选举;思想;写作,校对轮,已校对
LAT096-033,LAT096-046,李敖送电集,,黑金要从制度面消灭,法权,答：这应该从制度面着手，例如日本政府也承认山口组，但是黑金不能进到中央来，意大利黑手党也一样，不进入中央来，蒋介石时代也是一样，黑金不能进入中央党部，中常委不可有黑金，但是可以有党棍，因此应从制度面消灭，若有任何请托，都要第三者在场监督。（2000/2/16）,,008.2000年2月16日.txt,《大李敖全集6.0》分章节\011.李敖电子报\003.李敖送电集\008.2000年2月16日.txt,黑金;制度;监督,校对轮,已校对
LAT096-034,LAT096-047,李敖送电集,,文化水平可见于小动作,文化,有人说李登辉是“文化总统”，但他的文化层面，除了会看三流画展和办三流的所谓“总统府音乐会”外，毫无文化水平。他偶尔还写毛笔字，但拿毛笔的方法都不对，正确的方法是笔要垂直的，能垂直才能有笔法，唐朝柳公权对皇上说：“心正则锋正，锋正乃可法矣”。但李登辉的笔和心都是歪的，写出来的毛笔字不是立在那儿而是趴在那儿，像张民进党立委沈富雄的那张脸——像个癞虾蟆，于是所谓的全部文化，也就“青草池塘处处蛙”了。,,008.2000年2月16日.txt,《大李敖全集6.0》分章节\011.李敖电子报\003.李敖送电集\008.2000年2月16日.txt,文化总统;书法;李登辉,校对轮,已校对
LAT096-035,LAT096-048,李敖送电集,,审美污染会传给大学生,文化,李登辉以外，所谓其它总统候选人也好不到哪儿去，连战字“永平”，可解读成“永远达不到水平”，他连眼镜都不会戴，难怪看走了眼，讨到那样没有文化的老婆；宋楚瑜写“天道酬勤”四个毛笔字，像是鬼画符，也看不出什么文化；至于陈水扁，更是要命，他推出京戏中店小二或武大郎戴的扁帽给年轻的大学生戴，这些大学生们不知其丑，还戴得洋洋得意，毫无审美观念，大学生被污染至此而不自知，他们的书，真白念了。结论是：“青草池塘处处蛙”，青草池边，没有文化。,,008.2000年2月16日.txt,《大李敖全集6.0》分章节\011.李敖电子报\003.李敖送电集\008.2000年2月16日.txt,审美;扁帽;大学生,校对轮,已校对
LAT096-036,LAT096-050,李敖送电集,,公帑游说可由文件拆穿,方法,"以上秘件中提到的向美国方面进行的游说作业，是由国安局隶属的国关中心（主任为卸职新闻局长邵玉铭）委托个人公司“Halpern Associates”的Mr. Peter Halpern着手规划，该公司成立于1986年，系向美国法务部注册登记有案之“美国政策顾问业”，营业项目是中国事务之研究与提供有关中国咨询等业务，去年曾收受台湾官方付与之444,878美元（约合新台币一千二百五十万元）顾问费。而该公司在四月间提出的“李登辉总统如何争取诺贝尔和平奖的策略与企画案（NOBEL ON THE PRIZE）”，就是拿我们人民的钱替李登辉办事的一部分，我特别注明如上。（2000/2/17）",,009.2000年2月17日.txt,《大李敖全集6.0》分章节\011.李敖电子报\003.李敖送电集\009.2000年2月17日.txt,国安局;公帑;诺贝尔和平奖,校对轮,已校对
LAT096-037,LAT096-053,李敖送电集,,民主政治以人民为主,政治,民主政治是以一般人民为主的政治，不是以贵族为主的政治，以贵族为主的政治，可以进入近古史、可以进入上议院，但在现代史中和现代议会中，贵族要靠边站，要去他妈的贵族！,,010.2000年2月18日.txt,《大李敖全集6.0》分章节\011.李敖电子报\003.李敖送电集\010.2000年2月18日.txt,民主;贵族;人民,校对轮,已校对
LAT096-038,LAT096-058,李敖送电集,,英勇人物可被历史出局,知识,当时新党和民进党还曾举办一个有名的辩论会，新党方面是由李庆华主辩。在这修改的教科书里，“罗福星”三个字不见了，这样一位英勇抵抗日本人、表现台湾人尊严的人，被历史出局、整个抹杀掉。显然是为了配合李登辉亲日、媚日的政策，而发生这现象。,,011.2000年2月21日.txt,《大李敖全集6.0》分章节\011.李敖电子报\003.李敖送电集\011.2000年2月21日.txt,罗福星;教科书;历史,校对轮,已校对
LAT096-039,LAT096-059,李敖送电集,,族群认同被政治需要操纵,政治,民进党口口声声说台湾独立建国之父是郑南榕，他是福建人，并且是外省第二代，他的父亲是抗战时到台湾来的；但是他们一谈郑南榕，他就算是台湾人，而不是外省人。今天台湾的族群认同，居然以政治上的需要为标准，政治上需要你是哪里人，你就是哪里人，政治上不需要你时，你就不是这里的人。这种认证方法不是很可笑吗？,,011.2000年2月21日.txt,《大李敖全集6.0》分章节\011.李敖电子报\003.李敖送电集\011.2000年2月21日.txt,族群;郑南榕;认同,校对轮,已校对
LAT096-040,LAT096-064,李敖送电集,,言论围杀曾打到戒严解除,法权,在十六、七年前的党外时代，我带头以言论围杀国民党，带出大量的党外刊物前仆后继，那时我出钱交给我的追随者郑南榕、登记杂志，由李敖挂帅做总监、叶菊兰做发行人、陈水扁做社长、颜锦福林世煜做副社长、余陈月瑛施性忠等做社务委员、郑南榕做总经理、魏廷昱做总编辑（后来周伯伦做总经理、郑南榕做总编辑），浩浩荡荡、轰轰烈烈，对国民党展开斗争。那时杂志是周刊，每周都在封底上印出“争取100%自由”的红框大字，并附加标题“为你争取百分之百的言论自由”，前后多年，成绩非凡，直打到国民党解除戒严，躺在地上哼哼为止。,,012.2000年2月22日.txt,《大李敖全集6.0》分章节\011.李敖电子报\003.李敖送电集\012.2000年2月22日.txt,党外;言论自由;戒严,校对轮,已校对
LAT096-041,LAT096-065,李敖送电集,,捡战利品会背叛党外理想,人格,在党外时代，陈水扁参与政治活动，由于在为美丽岛事件辩护得到大利多，自此平步青云，别人在战场上作战时，他一路捡战利品，一捡二十年，至今未已，并且在做了大官以后拋弃党外理想，一路堕落，实在令人看不起他。他不但拋弃党外理想，并且还出卖这一理想，给他所讨好的集团。以《自由时报》为例，陈水扁以台北市市长之尊，公然为这家格调不高的国民党财阀报纸打歌，由该报印行大量传单，上面刊出陈水扁照片，和“强力推荐”的全文，极尽肉麻之能事，陈水扁说：,,012.2000年2月22日.txt,《大李敖全集6.0》分章节\011.李敖电子报\003.李敖送电集\012.2000年2月22日.txt,党外;陈水扁;理想,校对轮,已校对
LAT096-042,LAT096-066,李敖送电集,,自由口号不可献给财阀,法权,把上面这段话，对照起当年我们党外杂志所揭橥的“争取100%自由”的神圣指标，我们难道不觉得陈水扁太过分了吗？《自由时报》这种国民党财阀的御用报纸，哪一点在“坚守”“良知”、“不畏权势”或“深具正义感”等项目上达到我们的指标了呢？用当年我们伟大崇高的指标，奉承国民党财阀的烂报纸，这就是今日陈水扁出卖党外的真面目，他出卖我们“争取100%自由”的理想，却“争取100%的《自由时报》”，他太可耻了！,,012.2000年2月22日.txt,《大李敖全集6.0》分章节\011.李敖电子报\003.李敖送电集\012.2000年2月22日.txt,自由时报;党外;言论自由,校对轮,已校对
LAT096-043,LAT096-068,李敖送电集,,受难叙事要受文证检验,方法,此外，书中附录一“回首来时路”中说李登辉1969年被捕时，来的是“四、五个穿着制服的宪兵”的“警总人员”，这种陈述，我们真政治犯和“警总人员”都会笑起来，因为“警总人员”抓人时都穿便衣，即使抓现役中将吴石那次，都派的不是“穿着制服的宪兵”，李登辉何德何能、又非军人，竟被这样宪兵伺候？冒充政治受难者，也不能这样离谱啊！何况，依据“国家安全局”印“机密”文件《历年办理匪案汇编》第二辑第186页到190页，我们可以看到“匪台湾省工委会台大法学院支部叶城松等叛乱案”，这个案子，共有叶城松（三十一岁）、张璧坤（三十岁）、胡沧霖（三十一岁）、赖正亮（三十一岁）、吴玉成（二十六岁）五人判死刑，在1955年4月29日被枪决。而在“案情摘要”中，第一段赫然就是“叶城松于卅六年十月间，由奸匪李登辉介绍参加匪帮，受杨匪廷椅领导，担任台大法学院支部书记。”可见“奸匪李登辉”逍遥法外，事出有因。因为同案中，除五人死刑外，蔡耀景（三十五岁）判无期，李显章（三十八岁）、钟茂春（三十四岁）、池仁致（三十三岁）、李显玉（二十八岁）、王新德（二十一岁）、黄其德（六十岁）六人判十年，黄顶（四十一岁）判七年，黄青松（二十七岁）判五年，吴长流（六十四岁）判二年。但原始介绍人“奸匪李登辉”，却未闻有法办之事。他占了便宜还卖乖，今天还冒充政治受难者，真太离谱了。（1999年5月21日）,,012.2000年2月22日.txt,《大李敖全集6.0》分章节\011.李敖电子报\003.李敖送电集\012.2000年2月22日.txt,政治受难;警总;文证,校对轮,已校对
LAT096-044,LAT096-070,李敖送电集,,英雄是在挣扎中成长,人格,今天我们看到这些问题，知道人不是一开始就是英雄、就是豪杰，在过程中是经过很多的变化。例如圣女贞德，她原来被抓时有一段时间是投降悔过的，后来知道错误又重新把自己撑起来，最后成为烈士。再例如《宋史》的《文天祥传》中说，文天祥原是花花公子，做了丞相后变成一个爱国者，最后被元朝俘掳，把他关在黑牢里逼他投降，并说，只要他投降立刻给他做元朝的丞相，这是多么大的考验，只要一点头，荣华富贵就到手，对文天祥而言，内心是多么的痛苦，从他的正气歌“悠悠我心悲，苍天曷有极，哲人日已远，典刑在夙昔。”中可以看出他的挣扎，最后高段的境界压过低段的矛盾而成功了。这个故事告诉我们，有的人经过挣扎而上升、有的人是下坠堕落的。,,013.2000年2月23日.txt,《大李敖全集6.0》分章节\011.李敖电子报\003.李敖送电集\013.2000年2月23日.txt,圣女贞德;文天祥;挣扎,校对轮,已校对
LAT096-045,LAT096-071,李敖送电集,,人生走势可分上升下滑,人格,我常拿两个人做比喻，宋楚瑜原来是坏人，做台湾省长后努力挣扎作好人；有的人是一路走来下滑的，就如陈水扁一样；另外一个是一路走来始终如一、活在台湾做我自己，就是我李敖，甚至顽固到今天还没有加入新党。今天我要向各位解释一下，第一、证明我一辈子没有加入任何政党，第二，证明新党有这个肚量，第三、按照新党的党章，凡不便登记为新党党员，但认同并支持新党者，都是精神党员。新党党员现有六万七千人，但是精神党员估计超过一百万人。,,013.2000年2月23日.txt,《大李敖全集6.0》分章节\011.李敖电子报\003.李敖送电集\013.2000年2月23日.txt,宋楚瑜;陈水扁;始终如一,校对轮,已校对
LAT096-046,LAT096-073,李敖送电集,,清楚头脑才能解开两岸困扰,方法,所以结论是，只有我们保持清楚的头脑，快乐的头脑、丰富的知识（包括历史的知识），才能把任何使我们困扰的问题很清楚的解开，把两岸困难的问题和平解决。事实上，我认为中华民国可以在中国大陆活起来，如果我们这样解读，我们就会变得很快乐，不必自寻烦恼。最后在总统竞选时，我还是要说：我们不说选什么人，而要劝你不要选连战、不要选阿扁。（新党编辑部整理）（2000/2/23）,,013.2000年2月23日.txt,《大李敖全集6.0》分章节\011.李敖电子报\003.李敖送电集\013.2000年2月23日.txt,头脑;知识;两岸,校对轮,已校对
LAT096-047,LAT096-075,李敖送电集,,追求真相才算思想新,方法,追求真相是很重要的标准，认定事实时在表面看不出，可是追求下去后，就会有新的真相出来，我认为大学生若没有追求真相的本领，思想就是旧的。今天我以“世新新不新”的题目向各位挑战，就是认为虽然你们年龄小，但是思想却不新。在我大学一年级刚过二十岁生日的第二天，我父亲就过世了，那时我觉得中国的丧礼不人道也不近人情，在赶回台中时就当着二千人的面前改革丧礼，所以我在二十岁时就有改革的勇气，人要一路走来始终如一，相信自己认定的真理，才是知识分子的最高境界。,,014.2000年2月24日.txt,《大李敖全集6.0》分章节\011.李敖电子报\003.李敖送电集\014.2000年2月24日.txt,真相;思想;改革,校对轮,已校对
LAT096-048,LAT096-076,李敖送电集,,洞察人情也是学问,方法,做一位大学生的首要标准是追求真相，我认为思想要新的话，首先要辨别什么是真理？其次，就是要洞察人情，中国有句话“世事洞明皆学问，人情练达即文章”，就是指能了解世事、人情练达的人，会是成功的。一位有名的黑人歌星玛丽安德森，她有次到个小镇唱歌，在演唱完后正好听到小镇中有位歌迷，因工作关系而无法听她唱歌，玛丽安德森就请司机开车到歌迷工作的地方，在门口就唱歌给这位歌迷听，唱完后就坐车回去了。这种人情练达是多么重要的一点，可是台湾今日已完全没有这种人情味了，演变成的尽是粗糙的人际关系；人与人间应有相当的含蓄和保留。,,014.2000年2月24日.txt,《大李敖全集6.0》分章节\011.李敖电子报\003.李敖送电集\014.2000年2月24日.txt,真相;人情;大学生,校对轮,已校对
LAT096-049,LAT096-077,李敖送电集,,信用要看任内行为,方法,有的人一路走来在走下坡，就像陈水扁当年和我们一起在党外办杂志，我们有共同的理想，阿扁在当台北市长后就变了，他在当选前说在选上市长后，要将李登辉霸占的巷道收回，不让国民党侵占人民财产的中央党部过关，并表示要收回给人民使用，结果当选后不但没收回巷道，还让其合法化，中央党部不但让其过关，也没收回给人民使用，他是不守信用的政客。,,014.2000年2月24日.txt,《大李敖全集6.0》分章节\011.李敖电子报\003.李敖送电集\014.2000年2月24日.txt,陈水扁;信用;中央党部,校对轮,已校对
LAT096-050,LAT096-078,李敖送电集,,细读能拆穿流行误解,方法,大家应学到追求真相、洞察人情，才能辨别什么是真理。现在四处充满错误的讯息让你们学习，就像常说“越王勾践卧薪尝胆”，大家可以查史记看什么时候勾践卧过薪？只是尝胆没卧过薪，因为宋朝苏东坡用孙权口气写一篇开玩笑的文章中，多了卧薪两个字，才变成了后来的“卧薪尝胆”，这种例子一定要读书很细心的人才察觉得到，这种方法是可以学的，首先要从你们的烂中文开始学习。,,014.2000年2月24日.txt,《大李敖全集6.0》分章节\011.李敖电子报\003.李敖送电集\014.2000年2月24日.txt,卧薪尝胆;读书;中文,校对轮,已校对
LAT096-051,LAT096-079,李敖送电集,,好中文以具体表达抽象,写作,我在中学写情书一写八十六页，现在我怀疑你们会写很好的情书，恐怕连一页甚至一行都写不好，只能写“我爱你”三个字，有人“爱”字不好意思写，就写“我×你”，所以各位一定要花时间学好中文，学好中文的要件是要用具体表达抽象，其次再将抽象当动词来用又是好的中文。好的中文是要经过多少千锤百炼的选择，才能看到好的文章，现在你们只有看李敖写的书，才是能写出好中文、好情书的速成方法。（2000/2/24）,,014.2000年2月24日.txt,《大李敖全集6.0》分章节\011.李敖电子报\003.李敖送电集\014.2000年2月24日.txt,中文;情书;表达,校对轮,已校对
LAT096-052,LAT096-081,李敖送电集,,仕途会腐蚀知识分子,人格,以上告诉各位两件事情，第一、我的中文多么好，中学就可以写这样深的文章；第二、我的胆子多么大，正式以李敖为名发表文章。我举例，后来有人看了《大学教育的悲哀》文章后，写了一篇《一个大学生的信念与看法》，笔名杨正民，他不敢用真名，真名是施启扬（前司法院长），文章里口号喊得很响“大学教育应从国民党观点解脱出来，以探求知识，追求真理”，讲得非常正确、头头是道，可是他到德国留学回来，就投奔了国民党，做到教育部次长、法务部长、司法院长，一路下来跟着国民党堕落。,,015.2000年2月25日.txt,《大李敖全集6.0》分章节\011.李敖电子报\003.李敖送电集\015.2000年2月25日.txt,施启扬;真理;堕落,校对轮,已校对
LAT096-053,LAT096-083,李敖送电集,,理想会在考验中变节,人格,当时有名的一个口号叫“吹台青”，就是影射会吹牛的台湾青年人，国民党专门提拔“吹台青”，所以施启扬就跟着国民党一直到现在，最后被李登辉赶走了。整个过程四十年下来，我们追求我们的理想，施启扬和我是台中一中的同班同学，可是在追求理想的过程里，本来大家方向一致，都是反对国民党的，追求自由民主开明进步，可是碰到厉害的时候，这个人慢慢会堕落变节，四十年以后变得不成人形，做了一辈子官得到什么呢？我认为他真的失落了。,,015.2000年2月25日.txt,《大李敖全集6.0》分章节\011.李敖电子报\003.李敖送电集\015.2000年2月25日.txt,理想;施启扬;变节,校对轮,已校对
LAT096-054,LAT096-084,李敖送电集,,兴趣选择需要付代价,人格,谈到为什么大学教育构成悲哀，因为我们那一时代的大学教育比你们成功，我们还看过一些人、一些书；和我同届的李远哲，他的例子告诉我们，一个人会为了他的兴趣，完全不考虑爸爸妈妈、女朋友的意见，和未来的出路，他变为成功者，当然成功要有很多机缘，他也可能成为失败者（今天还是国中化学老师的李远哲），可是你们有没有这一种气魄？为了理想兴趣不考虑一切，现在这样的人已经很少了，因为不愿意付很多代价。,,015.2000年2月25日.txt,《大李敖全集6.0》分章节\011.李敖电子报\003.李敖送电集\015.2000年2月25日.txt,大学教育;兴趣;李远哲,校对轮,已校对
LAT096-055,LAT096-085,李敖送电集,,追求真理可牺牲一切,人格,我们对人生有很多选择，我几十年来最重视的标准，就是追求是非真理，在是非真理面前可以把一切撇开，就像亚理士多德表示的“吾爱吾师，吾尤爱真理”，在真理面前，我会牺牲朋友、打击敌人，甚至牺牲我的机会、幸福，追求真理是一种很大的快乐，过程要讲究很多的方法，并且会开始了解很多背景。,,015.2000年2月25日.txt,《大李敖全集6.0》分章节\011.李敖电子报\003.李敖送电集\015.2000年2月25日.txt,真理;是非;快乐,校对轮,已校对
LAT096-056,LAT096-086,李敖送电集,,思考要会串联与劈开,方法,现在我是台湾最聪明的男人，但是本来并不聪明，完全是硬训练出来的，方法可以告诉你们，就是串联式的。《战国策》里，秦始皇送给齐皇太后一个玉连环，用一块玉打造的，根本解不开，齐太后拿锤子把它敲碎，告诉秦始皇说她打开了；当亚历山大东征时，在庙里看到有名的戈登结，谁都解不开，他拔剑一劈就把结分为两段，别人都用手去解，可是皇帝会用刀把它劈开。,,015.2000年2月25日.txt,《大李敖全集6.0》分章节\011.李敖电子报\003.李敖送电集\015.2000年2月25日.txt,串联;战国策;亚历山大,校对轮,已校对
LAT096-057,LAT096-088,李敖送电集,,读书无方法就是浪费,方法,读书要读得活，否则就没有用。我曾写文章挖苦我的恩师姚从吾，他要写一部中国通史，把计划给我看，我说老师你要活到八百岁，才能写完这部书，因为动作太慢了，怎么写得完？原因就是他没有方法。你们读书就是如此，读了一本书不会读或方法不好，读第二本以后，跟第一本渐行渐远，到第七本时，第一本完全印象模糊，花的时间都浪费掉，这是不能念书的。,,015.2000年2月25日.txt,《大李敖全集6.0》分章节\011.李敖电子报\003.李敖送电集\015.2000年2月25日.txt,读书;方法;记忆,校对轮,已校对
LAT096-058,LAT096-090,李敖送电集,,黑社会结构不能用文明方式理解,政治,我在四十五年前学过经济学，当时老师是王作荣，我学的经济学已经太老了，所以和大家谈谈我的感觉，因为当感觉出来时，你会发现有很多的判断是正确的。好比说当宋楚瑜、李登辉的问题出现时，我是第一位讲长辈就是李登辉的，后来宋楚瑜在事后的记者会中证实了这件事。我常讲国民党是个黑社会的结构，是无法用现在文明方式来了解的，我曾问老同学刘泰英为何不将党产还给人民？他告诉我若党产一曝光，民进党就会当选了，这就是国民党的黑金结构。宋楚瑜就是看到这点，所以有些内幕不能曝光，而和它的关系像“月朦胧，鸟朦胧”一样，这种朦胧的关系若撕破就很糟糕。,,016.2000年2月28日.txt,《大李敖全集6.0》分章节\011.李敖电子报\003.李敖送电集\016.2000年2月28日.txt,国民党;黑金;党产,校对轮,已校对
LAT096-059,LAT096-091,李敖送电集,,自设高标准会反噬,方法,李登辉是位不入流的政客，因为政客间有很多事是不能揭发的，就像在妓院中，妓女们可以骂来骂去，可是不能骂“你不守贞节”。今天李登辉揭发丑相而不肯隐瞒，一定会造成恶劣的结果，而宋楚瑜的错误就是在做了几年省长后，将自己诉诸高标准，而当人民把你放在高标准时，就会更严格来要求你，到时就容易出事，我的老朋友林清玄就是典型例子，他书中谈的是最高标准，结果因为离婚手续没和太太办好，就让支持者失望而使林清玄声望开始下滑，所以我们要看什么人提出什么样的标准来，大家就会如何来要求你，就像黄任中可以扯女人，神父和和尚就不能扯女人的道理是一样的。,,016.2000年2月28日.txt,《大李敖全集6.0》分章节\011.李敖电子报\003.李敖送电集\016.2000年2月28日.txt,标准;宋楚瑜;林清玄,校对轮,已校对
LAT096-060,LAT096-092,李敖送电集,,政治人物要有幽默和风度,人格,台湾没有政治家只有政客，大家已看不到真正的政治人物表达言论或风采，民主国家的政治人物要有亲和力、幽默感和民主风度，要看起来很舒服，可是台湾的政治人物都缺乏幽默感和智慧，所以和他们处在一起会很不愉快。,,016.2000年2月28日.txt,《大李敖全集6.0》分章节\011.李敖电子报\003.李敖送电集\016.2000年2月28日.txt,政治人物;幽默;风度,校对轮,已校对
LAT096-061,LAT096-094,李敖送电集,,洞明世事需要清楚思路,方法,中国有句“事事洞明皆学问，人情练达即文章”的老话，意思是我们对事能很细腻、通情了解的人，就是有学问、会作文章的人。宋朝儒者讲了一句话“我虽然一个字也不认识，可是我还能堂堂正正的做人”，原因是他们能洞澈人世间复杂的现象，来判断人与人之间的关系，其中有个重要的条件就是思路要清楚，若不清楚时你就会以随波逐流的方式处理事情，无法进步。,,016.2000年2月28日.txt,《大李敖全集6.0》分章节\011.李敖电子报\003.李敖送电集\016.2000年2月28日.txt,世事洞明;人情练达;思路,校对轮,已校对
LAT096-062,LAT096-095,李敖送电集,,第二命题拆穿第一命题,方法,你们常会被问题的第一命题所骗（如是否赞成台湾独立），从不深入考虑第二命题（如赞成独立时是否愿意让你的家人、爱人去打仗），“政治硬梆梆，毫无弹性”就是今天台湾政治的悲剧，任何人提出主张时，立刻就会被戴上帽子（如中共的代言人、你不爱台湾等），使得大家不敢讲真话。今天对外（被第一命题所骗）和对内（用粗糙的方式掀对手的底牌，而不考虑互相斗臭的结果）的政治都是硬梆梆的，成为政治上坏的示范。,,016.2000年2月28日.txt,《大李敖全集6.0》分章节\011.李敖电子报\003.李敖送电集\016.2000年2月28日.txt,第一命题;第二命题;戴帽子,校对轮,已校对
LAT096-063,LAT096-096,李敖送电集,,经济政策不能一味讨好农民,政治,台湾由于土地少，以农业起家的历史背景已不再适合，今天可清楚看出再走农业将会是死路一条，任何有农业政策国家的农民都要靠政府贴补，今天台湾有百分之六十的杂粮靠进口，我们的农业还有前途吗？如今之计只有牺牲农业来促进工业、商业的发展，才是应该做的事，而非一味讨好农民不敢说真话，之前口蹄疫的发生，正好是使台湾养猪业告一段落的机会，可是李登辉为了选票坚持要支持养猪业，让不景气的养猪业至今仍在死拖活拉，这些都是经济上某种程度的自杀政策，若台湾经济垮掉了，我们会全都完蛋。今天政府已被掏空没有钱，台湾政府的经济已垮了，经济还能存在的原因是民间还有钱，若民间有一天也没钱时我们就惨了，所以选总统时最重要、关键的政见应是经济问题，台湾的经济问题和两岸问题有绝对关系，因为台湾经济发展要靠腹地，而腹地不在南方在中国大陆，我们每年还赚大陆二百亿美元的外汇，所以海峡两岸的和谐关系很重要，我认为台湾的经济问题不解决，永远都是软趴趴，而经济和政治问题息息相关，政治观念的僵化会影响经济上的僵化，若持续如此下去我们会整个崩盘，我在此要警告大家一定要选出稳健的领导人，不要因为错误选择而害了自己。（2000/2/28）,,016.2000年2月28日.txt,《大李敖全集6.0》分章节\011.李敖电子报\003.李敖送电集\016.2000年2月28日.txt,农业;经济;养猪业,校对轮,已校对
LAT096-064,LAT096-098,李敖送电集,,主张不是结果,方法,刚才连战在他的讲话里面，讲“我们要”讲了一百二十六次，这代表什么？代表是他的一个愿望，政治人物他的愿望跟他能兑现的愿望是有差距的，每个人都可以发表他的主张，可是我们大家在思想上和在方法上都犯了一个普遍的错误，就是把主张当成结果，有人提出主张写出书来，好比说李登辉的《台湾的主张》，主张里面讲了很多天花乱坠的理论，究竟里面有多少能实行呢？看不到。这时我们就可以表示质疑。,,017.2000年2月29日.txt,《大李敖全集6.0》分章节\011.李敖电子报\003.李敖送电集\017.2000年2月29日.txt,主张;政见;结果,校对轮,已校对
LAT096-065,LAT096-099,李敖送电集,,不能实行的政见就是空的,方法,表达的重点就是我们不要相信主张，其它候选人谈的政见就是主张的一种，政见如果不能实行，政见就是空的。,,017.2000年2月29日.txt,《大李敖全集6.0》分章节\011.李敖电子报\003.李敖送电集\017.2000年2月29日.txt,政见;实行;空话,校对轮,已校对
LAT096-066,LAT096-100,李敖送电集,,检验政见先看前瞻性,方法,判别政见的第一条就是要看有没有前瞻性。举例来说，陈水扁发表的科技政策白皮书说，我们要为科技政策立个法，可是他忘记我们已经有这个法，就是《科学技术基本法》，陈水扁居然不知道，这种主张我们敢信吗？这样不准确的白皮书，你敢信吗？,,017.2000年2月29日.txt,《大李敖全集6.0》分章节\011.李敖电子报\003.李敖送电集\017.2000年2月29日.txt,政见;前瞻性;白皮书,校对轮,已校对
LAT096-067,LAT096-101,李敖送电集,,台湾已经在联合国问题里,政治,有的人说我们要参加联合国，我告诉各位，在联合国的2758号决议文里面，告诉我们台湾现在还在联合国里面，台湾并没有被赶出来，决议文写得很清楚，赶出来的是蒋介石他的代表和他的集团。台湾如果做为中国的一个省，现在还在联合国里面。台湾既然还在联合国里面，我们还说要加入联合国不是很奇怪吗？,,017.2000年2月29日.txt,《大李敖全集6.0》分章节\011.李敖电子报\003.李敖送电集\017.2000年2月29日.txt,联合国;2758号;台湾,校对轮,已校对
LAT096-068,LAT096-102,李敖送电集,,检验政见还看一致性,方法,谈政见，除了检验前瞻性外，还要看有无一致性。陈水扁做了很多白皮书，其中财经政策白皮书说：“我们要恢复课征证所税”，但公布以后外面反应不好。阿扁立刻就宣布所谓恢复课征证所税是指有配套措施，但外面反应仍不好。过了几个小时，阿扁又说绝不征证所税。这个故事告诉我们，同一个陈水扁在二十四小时以内有三次改变他的政见，我们敢相信这个白皮书吗？,,017.2000年2月29日.txt,《大李敖全集6.0》分章节\011.李敖电子报\003.李敖送电集\017.2000年2月29日.txt,政见;一致性;证所税,校对轮,已校对
LAT096-069,LAT096-103,李敖送电集,,检验政见终看可行性,方法,第三个部分还要看政见的可行性，能不能实行。再举个陈水扁的例子，陈水扁的中国、国防、外交白皮书。中国政策白皮书中指出，台湾和中华人民共和国是两个互不隶属、互不统治、互不管辖的国家。如果阿扁当选，阿扁引用李白的诗：“两岸猿声啼不住，轻舟已过万重山”，我现在把它改写成“两岸枪声关不住，扁舟难过万重山”，因为两国论要中共怎么跟他谈判？,,017.2000年2月29日.txt,《大李敖全集6.0》分章节\011.李敖电子报\003.李敖送电集\017.2000年2月29日.txt,政见;可行性;两国论,校对轮,已校对
LAT096-070,LAT096-105,李敖送电集,,政见也要看人是否可信,方法,听政见，还要看讲的人是不是可信的人？举阿扁的例子，阿扁在竞选时曾公开说：“国民党中央党部大楼如果盖起来，我绝对要依法征收、依法拆除，把那块土地作为市民广场，我绝对在光天化日下拆给大家看。”大家看到了吗？他当选台北市长后，还是让它通过，合法使用了。这就告诉我们，阿扁说他当选后要清查国民党党产，我们能相信吗，他在竞选台北市长时连拆大楼的单项承诺都做不到，当了总统以后，我们能相信吗？建国党也批评阿扁没有政治格调，对国民党中央党部放水。,,018.2000年3月1日.txt,《大李敖全集6.0》分章节\011.李敖电子报\003.李敖送电集\018.2000年3月1日.txt,信用;承诺;陈水扁,校对轮,已校对
LAT096-071,LAT096-107,李敖送电集,,口蹄疫后该让落后产业转业,政治,民国八十三年，台湾养猪业收入有七百五十三亿，是种稻米的一倍，所以大家拼命养猪，但为何不买便宜三倍的美国猪呢？然后用破坏生态的方法鼓励养猪，结果便宜卖给日本，到最后卖出了口蹄疫。口蹄疫发生后就应该赶快停止落后的养猪业，政府赶快帮他们转业，这就是政策。连战刚刚讲的农业政策，做到是害我们的农业政策。,,018.2000年3月1日.txt,《大李敖全集6.0》分章节\011.李敖电子报\003.李敖送电集\018.2000年3月1日.txt,养猪业;农业;政策,校对轮,已校对
LAT096-072,LAT096-108,李敖送电集,,台湾前途离不开大陆腹地,政治,如何解决台湾的问题？过去李登辉讲的我们要以中国大陆为腹地台湾才有前途，现在都不讲了，台湾的前途和命运都和中国大陆有关。可是连宋扁三人的大陆政策都没有可行性。你要请中共坐下来，才有可行性，但他拿着枪不肯坐下来谈。因为你台湾翻来覆去，老说台湾和中国大陆是两个国家，是事实的描述；我告诉各位，这不是事实的描述，因为1912年的中华民国包含大陆全体，1949年的中华民国已丢千分之九百九十七的领土。中华民国政府到台湾，但领土没有到台湾。只剩下千分之三，中华民国在历史上是个偏安政权，不是一个完整的国家。,,018.2000年3月1日.txt,《大李敖全集6.0》分章节\011.李敖电子报\003.李敖送电集\018.2000年3月1日.txt,大陆;经济;两岸,校对轮,已校对
LAT096-073,LAT096-109,李敖送电集,,一国两制对台湾有利,政治,我在《邓小平论一国两制》文中曾指出，虽然台湾不接受一国两制，甚至只要主张就认为是中共同路人，不爱台湾。但这是错的，一国两制是对台湾最有利的。邓小平生前从没说过一国是什么国，就像第一次辜汪会谈双方面同意的“一个中国，各自表述”，我们可以描述为中华民国，他们可以描述为中华人民共和国。在一个中国前提下，海峡两岸维持五十年不变，没有战争。对我们有什么害处？五十年不变，用制度来和他们比赛，五十年以后，我们制度赢他，不就赢了吗？邓小平说，台湾可以保留军队、司法，甚至特务，比香港优待多了。大陆不派任何一个人到台湾来，而台湾人可以到大陆去做他们的统治者。,,018.2000年3月1日.txt,《大李敖全集6.0》分章节\011.李敖电子报\003.李敖送电集\018.2000年3月1日.txt,一国两制;五十年;台湾,校对轮,已校对
LAT096-074,LAT096-110,李敖送电集,,用对方标准谈才有基础,方法,所以我们如果愿意用“一国两制”跟共产党谈，他们就必须坐下来谈。连战提出的十点，第一点是以汪道涵来访为基础，他不来你有何基础？若我们愿意用一国两制谈就有这个基础。我李敖提的大陆政策才有可行性。,,018.2000年3月1日.txt,《大李敖全集6.0》分章节\011.李敖电子报\003.李敖送电集\018.2000年3月1日.txt,谈判;一国两制;基础,校对轮,已校对
LAT096-075,LAT096-111,李敖送电集,,选总统要看能干稳健,政治,如果用选圣人的严格标准，管仲就不会出现。因为齐桓公用管仲，管仲就是又贪财又好色，可是他又能治国。除非不要选了，如果选总统，你们不能选最好的李敖和冯沪祥，我告诉你们一个标准，撇开A钱不A钱，什么好色不好色，完全针对这个人能不能干？勤勉不勤勉？能不能稳健的不闯大祸的，替我们台湾做一点实际的事情，这才是今天选总统唯一的标准。,,018.2000年3月1日.txt,《大李敖全集6.0》分章节\011.李敖电子报\003.李敖送电集\018.2000年3月1日.txt,总统;标准;能干,校对轮,已校对
LAT096-076,LAT096-112,李敖送电集,,放弃台独族群才值得支持,政治,大家以为我李敖在替宋楚瑜打歌，错了，我最支持的是一个肯转变的阿扁。阿扁如果他公开放弃台独，明明就是台独嘛！讲了半天，转了半天还是台独。若他放弃他的台独理论，不再挑起族群的斗争，你搞二二八和平公园和纪念馆做什么？二二八到3月10日是本省人杀外省人都不提，这不是造成族群冲突？到今天阿扁还讲台湾人团结起来，意思就是说有的人不是台湾人。,,019.2000年3月2日.txt,《大李敖全集6.0》分章节\011.李敖电子报\003.李敖送电集\019.2000年3月2日.txt,台独;族群;陈水扁,校对轮,已校对
LAT096-077,LAT096-114,李敖送电集,,选项要按危险程度判断,方法,你不愿意接受，我们才不得已而求其次，在整个局面里我们才说我们要选一个稳健的人，而避免选一个危险的人。阿扁是危险的，连战是不长进的，许信良是过分理想的，宋楚瑜是比较稳健的，虽然他有很多缺点，我李敖是伟大的，你们会选伟大的吗？,,019.2000年3月2日.txt,《大李敖全集6.0》分章节\011.李敖电子报\003.李敖送电集\019.2000年3月2日.txt,危险;稳健;选择,校对轮,已校对
LAT096-078,LAT096-115,李敖送电集,,只有聪明台湾人与笨台湾人,人格,可是我有我的路，我活在台湾做我自己，这是我最后一次跟你们做智慧性的劝告，没有什么本省人、外省人、男人、女人、老人、少人、好人、坏人，只有聪明的台湾人和笨台湾人，你要选哪一个？我劝你做聪明的台湾人，而我已经做聪明的世界人了。我被诺贝尔提名，我已经走向世界，不会局限在岛上，不是我不爱台湾。,,019.2000年3月2日.txt,《大李敖全集6.0》分章节\011.李敖电子报\003.李敖送电集\019.2000年3月2日.txt,台湾人;世界人;智慧,校对轮,已校对
LAT096-079,LAT096-116,李敖送电集,,坏人不能加省籍标签,政治,那些说我们不爱台湾的人，在我们和国民党打拼时都在美国，像沈富雄、陈唐山都是美国人，所以我现在要站在这里很神气的说，我们绝不接受这种罪名，你可以说他是坏人，但不可以说他是外省的坏人，谁在挑拨族群我们就要声讨他。,,019.2000年3月2日.txt,《大李敖全集6.0》分章节\011.李敖电子报\003.李敖送电集\019.2000年3月2日.txt,省籍;族群;坏人,校对轮,已校对
LAT096-080,LAT096-117,李敖送电集,,敢说立场就不怕戴帽子,人格,我提出我的立场给大家看，告诉大家台湾也有这种人，敢公开表达我们的立场，不怕屈辱、不怕暴民、不怕别人给我们戴帽子，今天这个人就站在你们面前。（原载于《自由时报》）（2000/3/2）,,019.2000年3月2日.txt,《大李敖全集6.0》分章节\011.李敖电子报\003.李敖送电集\019.2000年3月2日.txt,立场;暴民;戴帽子,校对轮,已校对
LAT096-081,LAT096-118,李敖送电集,,害台湾的人格先要检验,人格,这问题显示出：这个人今天口口声声谈台独，当年却是被台独系统开除、认为他是有问题的人；今天他又出来宣传台独，他的话我们敢信吗？他在广告上说，现在是台湾独立最好的时候，说如果独立，美国会保护我们，我认为他登这种广告不是爱台湾而是害台湾。所以我先把他身份确定，他是背叛台独、投靠国民党的分子，这种人的人格、言论，值得我们重视吗？,,020.2000年3月3日.txt,《大李敖全集6.0》分章节\011.李敖电子报\003.李敖送电集\020.2000年3月3日.txt,台独;人格;辜宽敏,校对轮,已校对
LAT096-082,LAT096-119,李敖送电集,,投机者会接收打拼资源,人格,为什么我谈一个理论之前先把这个人毁掉呢？因为我们就不要浪费时间了。譬如说，民进党的沈富雄、蔡同荣、陈唐山、张灿鍙这些人早年都做美国人，为什么我们在跟国民党打拼、坐牢时，他们爱台湾却不回来，像张灿鍙过去也和彭明敏水火不容，互相骂对方是叛徒；等今天国民党被我们摆平，台湾安定不会坐牢了，这些人跑回来说大话，接收过去政治犯打拼的资源。所以谈到这些人，我先把他们身份描写出来，就是你要不要相信他们，这些人是投机份子。,,020.2000年3月3日.txt,《大李敖全集6.0》分章节\011.李敖电子报\003.李敖送电集\020.2000年3月3日.txt,投机;政治犯;资源,校对轮,已校对
LAT096-083,LAT096-120,李敖送电集,,冒充政治犯也是欺骗,知识,陈水扁那本《台湾之子》，第一页就是王永庆替他撒的谎话，阿扁跟他说，我是政治犯，请你在序里面写陈水扁是政治犯。阿扁从来不是政治犯，他是一个司法上诽谤罪的犯人，坐牢八个月。请注意，施明德坐牢二十六年；昨天我在台北讲演，碰到了林书扬，他罪名是共产党，坐了三十四年牢。想想看，阿扁坐八个月牢还要冒充政治犯，我们怎能不讲话呢？,,020.2000年3月3日.txt,《大李敖全集6.0》分章节\011.李敖电子报\003.李敖送电集\020.2000年3月3日.txt,陈水扁;政治犯;诽谤罪,校对轮,已校对
LAT096-084,LAT096-121,李敖送电集,,历史不可以被投降者赖掉,知识,所以只要看他这书就可以看出他怎样骗我们，明明坐八个月牢他说坐一年，明明是普通刑事案件他说是政治犯，证明我们被骗了。为什么今天徐先生请来李先生，要证明你李登辉赖不掉，当年我们介绍你加入共产党的，我们坐了牢你投降，你变成了国民党的大当家，然后赖得一干二净，历史怎么可以这样改写呢？这意思就是我们要讲清楚，李登辉是共产党；说明白，李登辉是共产党的叛徒，比共产党还坏。,,020.2000年3月3日.txt,《大李敖全集6.0》分章节\011.李敖电子报\003.李敖送电集\020.2000年3月3日.txt,李登辉;共产党;历史,校对轮,已校对
LAT096-085,LAT096-122,李敖送电集,,福利承诺必须问财源,政治,现在到处听到的都是混话，譬如他们的政见；我这本书政见部分很少，因为谈空话没有用。前些天阿扁说，六十五岁以上老人发年金每月三千元，满六十五岁老人听得很高兴，愿意选阿扁。可是你查查看，民进党过去在选举时，都说老人年金要发，结果没一个人发到底的，包括阿扁的台北市，发七个月不发了。因为没有钱，吹牛的就耍赖了；只有新竹县长范振宗咬牙发到底，其它的统统跳票。,,020.2000年3月3日.txt,《大李敖全集6.0》分章节\011.李敖电子报\003.李敖送电集\020.2000年3月3日.txt,老人年金;政见;财源,校对轮,已校对
LAT096-086,LAT096-123,李敖送电集,,军事术语不清会闹政见笑话,知识,“发展长程飞弹就等于发展核子武器”，可以打到很远，消灭一个城市；如果长程飞弹不用核子弹，飞到像莫斯科那么远，打下来炸一个洞，这是神经病、浪费钱啊！所以美国怀疑你搞核子弹。长程飞弹在军事术语有固定定义，我们这位连战，连什么是长程飞弹都搞不清楚，就开始发表当他政见，你不觉得很好笑吗？,,020.2000年3月3日.txt,《大李敖全集6.0》分章节\011.李敖电子报\003.李敖送电集\020.2000年3月3日.txt,长程飞弹;军事;政见,校对轮,已校对
LAT096-087,LAT096-124,李敖送电集,,国防花钱不等于爱台湾,政治,过去德国皇帝威廉二世本来是强国，他要发展海军和英国竞赛，花了很多经费，结果在海上打不过英国，陆军也吃了亏；就是国防政策错误时，会害到自己。二次大战前，日本也发生这种问题，发展海军造了武藏丸等二艘大船，要跟美国打，结果还没见到美国的船，就被美国飞机炸沉。所以不是花了国防经费，我们就爽了，就表示爱台湾；真的爱台湾的人会知道，我们不要花五千亿去浪费给美国的军火商。,,020.2000年3月3日.txt,《大李敖全集6.0》分章节\011.李敖电子报\003.李敖送电集\020.2000年3月3日.txt,TMD;国防;军火商,校对轮,已校对
LAT096-088,LAT096-125,李敖送电集,,美国不可靠有历史前例,政治,我们的未来不在美国人手里，可是像辜宽敏这些人说，我们的未来在美国人手里，“不可以的，太危险了”。如果美国这样可靠，国民党怎会到台湾来，因为被美国出卖了，蒋介石才来到台湾。美国《华盛顿邮报》社长前几天到我家，就跟我发生争执，我说美国不可靠，他说怎么不可靠？我就拿书给他看，在1945年《雅尔塔密约》时，罗斯福总统和斯大林、丘吉尔签约，这本书作者李海是美国参谋首长联席会议主席，他就问罗斯福，把外蒙古独立给了苏联，“这样不是出卖中国吗？”罗斯福说，他没有办法，为了保护美国利益，使美国少死几个人。外蒙古有台湾的四十五倍大，结果从此离开中国，美国是不可靠的。,,020.2000年3月3日.txt,《大李敖全集6.0》分章节\011.李敖电子报\003.李敖送电集\020.2000年3月3日.txt,美国;雅尔塔;台湾,校对轮,已校对
LAT096-089,LAT096-126,李敖送电集,,台湾尊严没有国际市场,政治,谈“台湾尊严”都是撑出来的，没有国际市场。两岸目前不能维持现状，打又打不过，要和谈的话，连战的筹码“特殊的国与国关系”、陈水扁的“国与国特殊关系”、宋楚瑜的“准国际关系”，中共统统不跟你谈，不要跟你啰嗦。,,020.2000年3月3日.txt,《大李敖全集6.0》分章节\011.李敖电子报\003.李敖送电集\020.2000年3月3日.txt,尊严;两国论;和谈,校对轮,已校对
LAT096-090,LAT096-128,李敖送电集,,自欺中共不会打会害死人,政治,换言之，这两个观念不下于共产党对我们的危害。因为使我们自欺欺人，以为中共不会打我们、打我们美国会帮忙，这会害死我们。有人说中共实力不够，要打则公元2005年才能准备完全；中共那么笨吗？他不用打我们任何一个人，只要飞弹过来打中七千九百四十一个铁塔之一，让台湾轮流停电，台湾经济、人心就垮了，何必等十年后TMD完成，他才打我们呢？所以，今天辜宽敏还登这种广告来骗我们，说这种话的人，就是害我们的人。,,020.2000年3月3日.txt,《大李敖全集6.0》分章节\011.李敖电子报\003.李敖送电集\020.2000年3月3日.txt,中共;飞弹;自欺,校对轮,已校对
LAT096-091,LAT096-129,李敖送电集,,选人看能干不看圣贤,政治,今天群众的智慧都被污染了，从五十年前被国民党的政权污染到今天被坏的李登辉污染，所以3月18日是重要的选择，我们到底要选什么样的人；我们不要选圣人，也不要选好人，因为台湾（政坛）没有圣人、好人。看汉武帝、曹操下的求贤令，曹操说我选能干的、能为我服务的人，这人A不A钱、操行佳不佳都不在乎，我要能干的人为我服务。今天我们需要一个能干的人，这能干的人，被我李敖看到，你们考虑选那个人就对了。（整理 / 新党月刊编辑部）（2000/3/3）,,020.2000年3月3日.txt,《大李敖全集6.0》分章节\011.李敖电子报\003.李敖送电集\020.2000年3月3日.txt,曹操;能干;选举,校对轮,已校对
LAT096-092,LAT096-131,李敖送电集,,关怀弱势要见之行动,人格,虽然如此，我仍要在和新党愉快合作的尾声，勉为其难，举办第三次义卖，内容以我几十年来收藏的珍本图书为主，辅以新近收藏的一大批中西绘画精品，以为对弱势团体的真正关怀。托诸空言不如见之行事，那些以关怀政见为白皮书的人，不妨用红脸蛋想一想。（义卖展览3月7日起二十天，在台北市忠孝东路四段218号阿波罗大厦C栋11楼，郁芳画廊，参观时间：每周二至周日，上午10:00至下午9:30，每周一休馆。咨询电话：（02-27731703）,,021.2000年3月6日.txt,《大李敖全集6.0》分章节\011.李敖电子报\003.李敖送电集\021.2000年3月6日.txt,义卖;弱势;行动,校对轮,已校对
LAT096-093,LAT096-132,李敖送电集,,总统不能逞匹夫之勇,政治,有位朋友在网站上给我一封信，他问我，如果你是电影《空军一号》中被劫持的美国总统，你会怎么做？我看过这部电影的感想是，当美国总统被挟持时，他有机会离开这架飞机，可是电影中这位总统在弹出时藏在机身中，一个人与暴徒搏斗，最后把暴徒制服了。可是如果是我，我会跑掉！因为一国的总统怎么可以逞匹夫之勇呢？总统要关心整个族群、整个国家，一个人跟暴徒拼命太危险了，真正作总统的人不能这样干，我跑掉之后还有机会可以抓到这个暴徒，否则我殉职了，冯沪祥就上台了。,,021.2000年3月6日.txt,《大李敖全集6.0》分章节\011.李敖电子报\003.李敖送电集\021.2000年3月6日.txt,总统;勇气;责任,校对轮,已校对
LAT096-094,LAT096-134,李敖送电集,,民主辩论不该退缩,政治,这一期的《新新闻》有一篇文章《同台辩论上不上？三还是五，让连扁很伤神，辩不辩，行不行？》什么是三还是五？就是最后总统、副总统大辩论时，是三组人马、还是五组？有五组人登记，当然是五组啊！可是连战与陈水扁系统反对，他们说最好是三组，为什么呢？因为他们对一个人吃不消，这个人就是我。当然这是很难看的事，口口声声讲公平竞争、言论自由、民主政治，在民主政治最后的辩论比赛表达时，为什么要退缩呢？退缩会被别人看不起的。,,021.2000年3月6日.txt,《大李敖全集6.0》分章节\011.李敖电子报\003.李敖送电集\021.2000年3月6日.txt,辩论;民主;公平,校对轮,已校对
LAT096-095,LAT096-135,李敖送电集,,受气委屈才给人民自由,法权,美国第三任总统杰斐逊，被报纸公开围堵，骂他是与寡妇通奸者、贪污者、不信教者、跟黑女人有关系者，整天在报上骂他，但他都不还嘴，更决不会派出总统发言人出来讲话，别人骂不吭气，就代表民主政治。可是有人会说我为什么要受气、受委屈呢？事实上受气、受委屈就代表你给人民言论自由。,,021.2000年3月6日.txt,《大李敖全集6.0》分章节\011.李敖电子报\003.李敖送电集\021.2000年3月6日.txt,言论自由;总统;杰斐逊,校对轮,已校对
LAT096-096,LAT096-136,李敖送电集,,族群冲突由口号制造,政治,这里有一张1994年11月16日的《联合报》，上面刊登民进党的广告“新党、国民党制造省籍情结，民主进步党尊重族群和谐。”正好相反，是民进党在提倡族群冲突，怎么证明，看去年1999年12月28日的报纸，阿扁、郑邦镇、李镇源、许士凯、彭明敏、蔡同荣，他们在喊“台湾人大团结”，这是什么意思？表示有的人不是台湾人，排斥了其它的人，与他们划清界线。,,022.2000年3月7日.txt,《大李敖全集6.0》分章节\011.李敖电子报\003.李敖送电集\022.2000年3月7日.txt,族群;台湾人大团结;民进党,校对轮,已校对
LAT096-097,LAT096-137,李敖送电集,,爱台资格不该由离台者鉴定,政治,我们再看彭明敏当时竞选时讲：“我公开说我们需要跟中共谈判，我也可以公开邀请江泽民来访。”如果今天是别人讲这话，就是卖台，彭明敏讲就不是卖台。今天我们爱台湾时，他在做美国人，然后他回来决定我们爱不爱台湾。例如民进党的立法委员沈富雄、蔡同荣这些人，我们把战场厘清了，他们回来接收战果。我在台湾连续住了五十年没有离开过台湾，彭明敏有二十二年不在台湾，陈唐山有十九年不在台湾，所以我们不接受他们有资格来鉴定我们，应该是我们来鉴定他们。,,022.2000年3月7日.txt,《大李敖全集6.0》分章节\011.李敖电子报\003.李敖送电集\022.2000年3月7日.txt,爱台湾;美国人;鉴定,校对轮,已校对
LAT096-098,LAT096-139,李敖送电集,,民主趋势不是政党轮替口号,政治,我忍不住要问，政党轮替真的是李远哲说的民主政治的趋势吗？不是的，民主政治的趋势，是有一个强有力的反对党能够制衡执政党，可是民进党今天只是想政党轮替，已经没有发生制衡的作用，这在我们国民大会里看得很清楚，两个党联合起来就可以分肥，两个党联合起来就可以连任。,,022.2000年3月7日.txt,《大李敖全集6.0》分章节\011.李敖电子报\003.李敖送电集\022.2000年3月7日.txt,政党轮替;制衡;民主,校对轮,已校对
LAT096-099,LAT096-140,李敖送电集,,政党轮替不等于指定民进党,政治,政党轮替，台湾有八十八个政党，请问怎么轮替法呢？这个说法是错误的，不应该说政党轮替，应该说“国民党下台”，如果这样说，我们大家就没话说。可是政党轮替，你说的党就是民进党的话，我们忍不住要有意见，李远哲口口声声说是中立的，但他这个作法是中立的吗？一方面说政党轮替，而这个党其实就是民进党，明显是要支持民进党的候选人。,,022.2000年3月7日.txt,《大李敖全集6.0》分章节\011.李敖电子报\003.李敖送电集\022.2000年3月7日.txt,政党轮替;中立;民进党,校对轮,已校对
LAT096-100,LAT096-141,李敖送电集,,知识分子要坚持危险真理,人格,今天下午发生了一件不幸的事情，以前的中央研究院院长吴大猷先生死掉了，为什么我想到这件事情？吴大猷先生曾是我的被告，今天他死了，我要对他做某个程度的赞美，赞美什么？做为一个知识分子，吴大猷在台湾宁可得罪蒋介石，得罪很多所谓爱台湾的人，他坚持一个真理，坚持台湾不要搞核子弹，他聪明得很，清楚得很。,,022.2000年3月7日.txt,《大李敖全集6.0》分章节\011.李敖电子报\003.李敖送电集\022.2000年3月7日.txt,吴大猷;核子弹;真理,校对轮,已校对
LAT096-101,LAT096-142,李敖送电集,,台湾问题根底是中美问题,政治,我们现在看到大陆日前发表的一个中国白皮书，有不少人宣称是为了针对台湾选举，其实是搞错了。在中共的眼中，其实没有台湾问题，只有中美问题，美国问题摆平了，台湾就没有问题，台湾五十年来根本就是靠美国人存在的。中共搞东风飞弹，搞核子潜艇，就是要告诉你美国，整个战略情势其实都在改变，我们可以打到你美国本土。在这种局势下，讨论台湾前途，必须好好地考虑什么是对台湾好的。今天选举，我李敖站出来，就是要防止一些真小人、伪君子，以明的暗的方式支持一个危险的总统，做出对台湾不利的事。（待续）（2000/3/7）,,022.2000年3月7日.txt,《大李敖全集6.0》分章节\011.李敖电子报\003.李敖送电集\022.2000年3月7日.txt,台湾问题;中美;战略,校对轮,已校对
LAT096-102,LAT096-143,李敖送电集,,中立形象也会暗助政治,政治,李远哲是我的老同学，是个很优秀的化学家，李远哲口口声声说自己中立，但是你有在做中立的事吗？我们可以看到，从陈水扁选台北市长开始，就打李远哲牌，你李远哲就跟他眉来眼去。我比喻给大家看，就好象一个男人色狼摸一个女孩子，摸你的时候你应该告诉他，你不可以摸我，或者我报警。可是呢，李远哲碰到色狼陈水扁让他一路乱摸，摸到现在都不吭气，记者问他说有什么意见，他说你去问陈水扁，他是什么意见？什么意思呢？他要去做行政院长了，要去问陈水扁，他不表示说做不做，叫你去问陈水扁。,,023.2000年3月8日.txt,《大李敖全集6.0》分章节\011.李敖电子报\003.李敖送电集\023.2000年3月8日.txt,李远哲;中立;陈水扁,校对轮,已校对
LAT096-103,LAT096-144,李敖送电集,,维持现状其实就是一国两制,政治,我要告诉各位，今天如果李远哲认同邓小平的话，就应该知道，两岸的统一与独立问题，应该避开它，一直拖到下一代去，对台湾最有利。但是要如何拖呢？我们看一些民调宣称台湾反对一国两制的，有百分之七十九，赞成维持现状的有百分之八十六，这好奇怪，因为维持现状其实就是一国两制，但竟然有百分之七十九反对一国两制。一国两制对台湾有什么坏处呢？照共产党原始的构想，就是在一个中国底下，各自表述，然后台湾海峡两岸五十年不变，各自表述，用五十年时间来公平竞争，这样对台湾有什么不好？可以保持五十年和平。,,023.2000年3月8日.txt,《大李敖全集6.0》分章节\011.李敖电子报\003.李敖送电集\023.2000年3月8日.txt,维持现状;一国两制;邓小平,校对轮,已校对
LAT096-104,LAT096-146,李敖送电集,,错误大陆政策耗掉台湾本钱,政治,我们看得很清楚，祸国殃民的李登辉，在台湾搞了十二年的戒急用忍，十二年错误的大陆政策，给台湾带来什么？在经济方面，台湾至少因此损失五千亿，台湾的中小企业跑到大陆去，军事上、外交上损失更不要谈。李登辉口口声声说，我们的局面是好的，但事实上，我们的局面已经赶不上十二年前的了，甚至愈来愈坏。这个时候，我们更需要正确的方向，我认为，有良知的人应该站出来。,,023.2000年3月8日.txt,《大李敖全集6.0》分章节\011.李敖电子报\003.李敖送电集\023.2000年3月8日.txt,戒急用忍;经济;李登辉,校对轮,已校对
LAT096-105,LAT096-147,李敖送电集,,清高学界也会不守法,法权,我举这例子是告诉大家，白道的人、中央研究院的人、清高的人、学界的人，可以公开不守法律。中研院有一栋大楼叫欧美大楼，李远哲行文给总统府，说这个楼要拆掉，说建筑师评估要拆这个楼，所以请求总统府同意拆掉，然后附在后面的报告，我李敖打开一看，建筑师说不是拆掉是要补强，明明是补强，李远哲可以瞒天过海，给总统府行文，可以这样干吗？,,023.2000年3月8日.txt,《大李敖全集6.0》分章节\011.李敖电子报\003.李敖送电集\023.2000年3月8日.txt,中研院;李远哲;法律,校对轮,已校对
LAT096-106,LAT096-149,李敖送电集,,一国两制提供谈判胜算,政治,只有我所谓的一国两制，才能把共产党叫过来，枪放下来，坐下来谈，为什么呢？一国两制是你们提出来的标准，在这个标准下我们才有赢的可能，邓小平说过，在这标准下台湾可保留军队五十年，五十年内中国不派人到台湾做官，但台湾可到中国做江泽民口中的副领导人层级的职务。为了保障台湾安全，我们可以争取做驻联合国大使、国防部长，为了顾及台湾发展，经济部长我们要做，国家部门领导人及副领导人则可以轮流来做。,,023.2000年3月8日.txt,《大李敖全集6.0》分章节\011.李敖电子报\003.李敖送电集\023.2000年3月8日.txt,一国两制;谈判;职位,校对轮,已校对
LAT096-107,LAT096-150,李敖送电集,,两岸和谈可省巨额军费,政治,台海两岸和谈成功后，十年内我们可以省下四兆元新台币，四兆分下来，台湾每个人每个月可多分一千元，现在这些钱却用来给美国的军火商，如现在台湾争取加入飞弹防御系统（TMD），不加入就不爱国，要花五千亿元，十年后完成，但对我们全无好处，因为共产党飞弹照样打下来。为什么呢？因为距离不对，美国可以多次拦截，但因台湾海峡太短了，侦测到飞弹时就已经到台湾领空了，我们的钱不能这样乱花。,,024.2000年3月9日.txt,《大李敖全集6.0》分章节\011.李敖电子报\003.李敖送电集\024.2000年3月9日.txt,和谈;军费;TMD,校对轮,已校对
LAT096-108,LAT096-151,李敖送电集,,买小国承认不是尊严,政治,今天我们骗年轻人，都说台湾是主权独立的国家，两国论是好的，我们才有尊严，但是我们的尊严却是要花钱去买这些小的国家来支持我们，像土瓦鲁这个国家，二十一点二平方公里、人口只有七千八百人，如果真的要买这种国家，我们还不如把台湾分成七块，台南承认台北、台北承认台中，这样子自己组一个联合国，面积人口比他们还大，我们自己过癮就好了，可见不能这样做。,,024.2000年3月9日.txt,《大李敖全集6.0》分章节\011.李敖电子报\003.李敖送电集\024.2000年3月9日.txt,邦交;尊严;主权,校对轮,已校对
LAT096-109,LAT096-152,李敖送电集,,独立代价要落到亲人身上,政治,两国论的前提可能是使台湾面对战争，若以台湾第一勇、台湾的尊严倡导独立，那就看台湾人愿不愿意付出独立的代价，以东帝汶为例，搞了二十五年，死了五分之一人口，台湾就算独立成功了，可能也要死五分之一人口，你的丈夫、你的男朋友、你的爸爸要去死，你干不干？面对亲人朋友的生离死别，个人赞成台独的意愿可能要再重新考虑。,,024.2000年3月9日.txt,《大李敖全集6.0》分章节\011.李敖电子报\003.李敖送电集\024.2000年3月9日.txt,台独;战争;代价,校对轮,已校对
LAT096-110,LAT096-154,李敖送电集,,未来五十年可用资本控制大陆,政治,而当时投降的人在后来五十年后，看到日本人也投降了，他当时虽受到屈辱，但是经过五十年的和平竞争，日本人垮掉了。日本人垮掉后，国民党被共产党打来了，战败政权带着九十二万两黄金来台，台湾因此得以经济起飞，五十年来站起后，为什么不再利用未来的五十年到大陆去，用我们的资本控制大陆经济，像犹太人控制美国人，用经济资本优势控制大陆，进而实施民主化，所以聪明的台湾人应了解到不是要跟大陆相抗，不要再过那一百四十八天的台湾民主国生活，我们要再争取一个一百四十八年的战胜机会。,,024.2000年3月9日.txt,《大李敖全集6.0》分章节\011.李敖电子报\003.李敖送电集\024.2000年3月9日.txt,经济;大陆;五十年,校对轮,已校对
LAT096-111,LAT096-155,李敖送电集,,爱台湾别鼓动不惜一战,政治,所以真正爱台湾的人不要再鼓动两岸不惜一战的观念，前阵子建国党还说要组织台湾义勇军，跟大陆不惜一战，我认为这是错误的，这对台湾一点好处都没有，所以不要选择一个危险的候选人，目前最有利的状况是维持现状，以时间来争取对我们有利的条件。,,024.2000年3月9日.txt,《大李敖全集6.0》分章节\011.李敖电子报\003.李敖送电集\024.2000年3月9日.txt,爱台湾;战争;维持现状,校对轮,已校对
LAT096-112,LAT096-156,李敖送电集,,政治挂帅使全岛疯狂,政治,答：格调很低，而且还不自觉！国民党来到台湾之后，抛出大量的头衔，委员、代表，满足了台湾人的政治欲望。政治欲望也是权力欲望，这是很合理的。可是，现在变畸形了，因为畸形的结果，台湾政治挂帅的情形也过分严重，超级政治挂帅！选一位屁立委，选了一个狗总统，可以搞到整个岛快疯掉了，疯狂一年半载，天天这样疯，需要耗费这么大的人力物力吗？疯狂！,,024.2000年3月9日.txt,《大李敖全集6.0》分章节\011.李敖电子报\003.李敖送电集\024.2000年3月9日.txt,政治挂帅;选举;台湾,校对轮,已校对
LAT096-113,LAT096-157,李敖送电集,,政治冷漠有时才是进步,政治,真正按照民主的标准来看，投票率应该很低，你看美国、英国，投票率都不高。人民对政治冷漠，才表示你的政治进步；人民对政治愈关心，证明你畸形。台湾的政治是畸形的。你看，过去是白色恐怖，现在，查税的动作之快，司法配合之紧密，速度、效率比以前还要厉害，表示台湾这方面的水准愈来愈有问题。,,024.2000年3月9日.txt,《大李敖全集6.0》分章节\011.李敖电子报\003.李敖送电集\024.2000年3月9日.txt,政治冷漠;民主;台湾,校对轮,已校对
LAT096-114,LAT096-158,李敖送电集,,投票应看长期打拼纪录,方法,答：很难！拿我的例子来说，我不是以“李敖”两个字出来跟你竞选，而是靠着我40多年打拼的纪录，抵抗极权、勇于站在第一线，这样来跟你竞选。我的话白纸黑字写了1500万字，我不是投机分子、脱了帽子跟你竞选，所以，你投我票要先看我的书。,,025.2000年3月10日.txt,《大李敖全集6.0》分章节\011.李敖电子报\003.李敖送电集\025.2000年3月10日.txt,投票;纪录;李敖,校对轮,已校对
LAT096-115,LAT096-160,李敖送电集,,岛内自我感觉抵不过国际气候,政治,全世界都说“一个中国”，这是国际气候，克林顿也说得很清楚，吕秀莲却说，“克林顿心里是支持我们的。”这是什么话？你男朋友跟别人结婚了，你却说，“他心里是爱我的，虽然他没有娶我做老婆。”多么无耻的状态！整个岛上的人就是这样关起门来鬼混！,,025.2000年3月10日.txt,《大李敖全集6.0》分章节\011.李敖电子报\003.李敖送电集\025.2000年3月10日.txt,一个中国;国际;台湾,校对轮,已校对
LAT096-116,LAT096-161,李敖送电集,,暴民压力也会压制言论,法权,我觉得台湾最可怕的就是，过去是暴君，像蒋介石，不准说228事件，228事件写出来是×××××五个字，大家不敢讲！现在变成暴民状态，谁讲了话不得了了，因为暴民威胁你不敢讲话。所以，我认为这是台湾很可恶的现象，以前我们受够了暴君的气，现在，他妈的，还要受暴民的气，这还得了啊！台湾只有一个人不受暴民的气，那就是我李敖，他们对我还是怕我三分的。,,025.2000年3月10日.txt,《大李敖全集6.0》分章节\011.李敖电子报\003.李敖送电集\025.2000年3月10日.txt,暴君;暴民;言论,校对轮,已校对
LAT096-117,LAT096-162,李敖送电集,,选人要查过去作为,方法,答：问题是，我们现在选人，不是选昨天出生的人，也不是选今天出生的人，而是要检视你过去那么多年来的行事作为。你是不是稳定的人？你是不是安全的人？你是不是守信的人？因为陈水扁是变量那么强的人，使我们怀疑他。陈文茜这一次在《商业周刊》也讲得很清楚，陈水扁没有决心！如果你很义正辞严地就是“台独万万岁”高喊到底，我们也很佩服你。可是，你到底是什么？他不断地在动摇，很不稳定，不安全。,,025.2000年3月10日.txt,《大李敖全集6.0》分章节\011.李敖电子报\003.李敖送电集\025.2000年3月10日.txt,陈水扁;稳定;守信,校对轮,已校对
LAT096-118,LAT096-163,李敖送电集,,有工具也要等待时机,方法,在台北市阳明山有一个林语堂纪念图书馆，里面有林语堂一辈子想要发明的中文打字机，他许多钱都投资在发明上，由于他的打字观念是以偏旁组合，所以一切投资和努力由于时机不对都失败了。今天我们看到他发明的那些打字机觉得很好笑，孟子有一句话“虽有镃基，不如待时”，意思就是：虽然有种田的锄头，不如等待好的天气、好的季节，因为好的时机带来的收成会超过我们的努力。,,026.2000年3月13日.txt,《大李敖全集6.0》分章节\011.李敖电子报\003.李敖送电集\026.2000年3月13日.txt,林语堂;中文打字机;时机,校对轮,已校对
LAT096-119,LAT096-164,李敖送电集,,中文不是容易废除的文字,文化,中文是一个令我们痛苦的文字，因为它不是进步的文字，是方块字、象形文字，阻碍了文化的发展。像早期的共产党要把方块字废除，他们的方法是“汉字拉丁化”，用英文的拼音法来代表汉字，有一点儿像到台湾乡间宣传基督教用的罗马拼音字，共产党用这个方式努力好久结果失败了，原因是中国的汉字源远流长、基础稳固。大家看世界的古国埃及、巴比伦、亚述现在都没有了，流传的古文字也很少量，只有中国的中文一直延续到现在。中文古书流传下来的有十万种，你们看过的至多四、五种，例如：古文观止、唐诗三百首、四书、红楼梦、水浒传等等，为什么这么少？原因是中文不好学，可是要怎么面对这个问题，全世界有四分之一的人口说中文、用中文，中文以几千年历史基础演变到现在，21世纪如果中国大陆不亡，她的经济成长起来，对全世界是一种挑战。,,026.2000年3月13日.txt,《大李敖全集6.0》分章节\011.李敖电子报\003.李敖送电集\026.2000年3月13日.txt,中文;汉字;拉丁化,校对轮,已校对
LAT096-120,LAT096-165,李敖送电集,,中文语音打破难学迷思,文化,英文在发展过程中会不会抵制中文呢？当然会，因为中文如果不能与英文抗衡，中文也会面临是否为地方语言的困境。由于电脑科技的发展，使中文学习难易度的迷思被打破了，发现如果中文做成电脑语音输入时，由于它是一个字一个音，非常容易输入进去。若只是认中文字来说，繁体字比简体字更容易认，原因繁体字有脉络可循，简体字反倒没有，中华人民共和国在消灭汉字方面是失败了，因为我们不是靠一个字一个字去写它，如果我们不写它只是认它，我们想这是什么世界？,,026.2000年3月13日.txt,《大李敖全集6.0》分章节\011.李敖电子报\003.李敖送电集\026.2000年3月13日.txt,中文;电脑;语音输入,校对轮,已校对
LAT096-121,LAT096-166,李敖送电集,,过度依赖机器会失去本领,方法,去年我跟东森电视台闹得不愉快，王令麟的会计来和我算帐，在算帐的过程中，会计师的计算器坏了，我说没关系我们用笔算，会计师说没有计算器就不会算帐。我有一位好朋友是有名的小儿科医生，他看不起任何出道的小儿科医生，原因是一停电他们就不会看病了，因为他们看病是用电脑。从这两个故事使我联想起来，我们可不可以开发一种中文电脑像笔记本一样大小放在口袋里，口袋电脑一拿出来，我就懂中文、写中文、说中文，如果能做到这一点，中文在学、写方面都变得很简单了。,,026.2000年3月13日.txt,《大李敖全集6.0》分章节\011.李敖电子报\003.李敖送电集\026.2000年3月13日.txt,电脑;计算器;本领,校对轮,已校对
LAT096-122,LAT096-167,李敖送电集,,中文有活用和文法优势,写作,由于现代电脑科技的发展，我们知道中文绝对是可以开发的，中文可以电脑化、中文可以国际化。有人觉得中文不好学，错了！举个例子给你们看，全世界文法最简单的就是中文，譬如拉丁文，一个桌子也分男女、阴阳，那么难！可是中文完全没有这个问题，中文还有一个特色，可以直接把词类变化，例如岳飞的《满江红》中“莫等闲白了少年头”，这个“白”字就是形容词当动词用，变成一个活用的文字；再譬如宋朝人写的词“红了樱桃绿了芭蕉”，也是把形容词直接当动词用；宋朝王安石写过一句诗“春风又绿江南岸，明月何时照我还。”这个“绿”字也是把形容词直接当动词用；如果今天用电脑开发出词库，把每一个好的句子、好的动词、好的形容词排列出来，一按钮就出来最好的字，一个句子、一篇文章由电脑帮你写出来，你的中文可以变得相当好，这是多么了不起的境界。,,026.2000年3月13日.txt,《大李敖全集6.0》分章节\011.李敖电子报\003.李敖送电集\026.2000年3月13日.txt,中文;文法;活用,校对轮,已校对
LAT096-123,LAT096-168,李敖送电集,,中文词汇有精致力量,写作,中文里有很多语言是外国语言所没有的，举例来说：夺门而出、眼泪夺眶而出，这个“夺”字多么生动、有力，可是“夺”字的感觉在西方语言里没有这个字，所以中文的开发是很有趣的，例如：迎刃而解的“迎”、望风而逃的“望”，都有词汇里精致的一面。所以，我们知道开发出好的中文，是需要现代电脑和真正能把中文写得出神入化的人结合，这个人现在就站在你们面前。,,026.2000年3月13日.txt,《大李敖全集6.0》分章节\011.李敖电子报\003.李敖送电集\026.2000年3月13日.txt,中文;词汇;表达,校对轮,已校对
LAT096-124,LAT096-169,李敖送电集,,好文章要消灭同义字,写作,事实上中文有九万字，今天实际运用的只有六千字，所以严格说起来，这六千字排列组合好就是好的文章，排列组合坏就是坏的文章。今天我以专家的身份告诉各位，什么是好的文章？第一要消灭同义字，好的文章只有一个字，没有第二个字可以取代。我们要如何把字斟酌出最好的句子，例如欧阳修的《醉翁亭记》，当时有一句话“临溪而鱼肥，酿泉为酒，泉香而酒冽”，其中“泉香而酒冽”原为“酒冽而泉香”，欧阳修写好后，发现意思一样，而声韵不一样，所以他把已刻好的石碑敲掉重新再刻。而我写完文章后会用嘴巴念，要念起来舒服、音要进来，听的感觉要出现，经过辨识、推敲，这才是好的文章。,,026.2000年3月13日.txt,《大李敖全集6.0》分章节\011.李敖电子报\003.李敖送电集\026.2000年3月13日.txt,文章;同义字;欧阳修,校对轮,已校对
LAT096-125,LAT096-170,李敖送电集,,中文语音开发会改写未来,文化,我认为多则五年少则三年，中文语音输入不知道会在全世界哪一家公司开发出来，那时候我们整个好的中文都会被打败，再也看不到好的中文了，这就是我今天在这里苦口婆心向你们交通大学提出的挑战，你们看看有没有开发这方面的兴趣。（原新党新月刊编辑部整理）（2000/3/13）,,026.2000年3月13日.txt,《大李敖全集6.0》分章节\011.李敖电子报\003.李敖送电集\026.2000年3月13日.txt,中文语音;电脑;未来,校对轮,已校对
LAT096-126,LAT096-171,李敖送电集,,学术机构须守中立分际,法权,就在四年多前，当举岛发狂，大搞选举时候，李远哲以中央研究院院长之尊，正告大家要中立、要冷静、要不介入，他在1995年10月13日《中央研究院周报》第五四八期的“院长专栏”中，以“选前省思”为题，提醒大家：一、“在目前粗糙纷乱的选举文化中”，要知道“如何保持学术研究机构的应有分际”。二、“助选的言论，特别具有较强的排他性，更容易使大众把发言者与中研院连起来，而伤害到本院公正中立的地位”。三、因为“对外发表的，……即使郑重地声明是个人的意见，由于社会的习惯，他还是或多或少的‘代表’了中央研究院。”四、“也就是说，中央研究院的公信力，无可避免的将会受到这些个人意见的影响”。五、“因此，在很多人极易陷入选举激情的时候，中央研究院的同仁更应该表现出一种风范”。六、这种风范，“是追求永恒性价值”和“追求真理的坚持”。七、“不是为短浅的现世利害顺迎鼓噪”。八、“建设一个超越党派成见而气氛和谐的中央研究院”，才“是我们大家共同的愿望”。九、“只有我们站稳了学者公道的立场，才不会招致政治对学术的不当干扰”。十、“也才能在我们得来不易的纯净研究环境中，全力攀登知识的高峰”。,,027.2000年3月14日.txt,《大李敖全集6.0》分章节\011.李敖电子报\003.李敖送电集\027.2000年3月14日.txt,中研院;中立;选举,校对轮,已校对
LAT096-127,LAT096-173,李敖送电集,,清高不能掩盖不中立,人格,如果李远哲支持的人对内会造成混乱、对外会造成危险，我认为李远哲做错了。李远哲口口声声说，他是中立的、是学术的，给我们的印象他们是清高的，可是为什么做出不中立、不学术、不清高的事呢？,,027.2000年3月14日.txt,《大李敖全集6.0》分章节\011.李敖电子报\003.李敖送电集\027.2000年3月14日.txt,李远哲;清高;中立,校对轮,已校对
LAT096-128,LAT096-174,李敖送电集,,政治人物只能检验不能托付,方法,李远哲说陈水扁答应他在国家利益前放弃个人党派利益，李远哲可以要求吗？政治人物是要检验他，不是要求他，所以真正的问题在李远哲用不公道的方法，违背他四年前对中研院全体同仁不可以介入选举的告诫，今天他老兄自己这样做，原因是李远哲充满了伪善，这个伪善是很危险的。,,027.2000年3月14日.txt,《大李敖全集6.0》分章节\011.李敖电子报\003.李敖送电集\027.2000年3月14日.txt,检验;李远哲;陈水扁,校对轮,已校对
LAT096-129,LAT096-175,李敖送电集,,学术权力会打击人才,文化,吴大猷写了一封信，提到王企祥被打压原因是因为人事纠纷，被打压离开清华，然后不能够继续其优异的研究工作。那么好的一个化学家，如今流落在香港，这是培养国家人才吗？这是中央研究院该做的事吗？那封打压信是假信，沈君山的名字是贴上去的，也没有日期，李远哲竟说是真的，这样打击自己老师是怎样的品格呢？（待续）（2000/3/14）,,027.2000年3月14日.txt,《大李敖全集6.0》分章节\011.李敖电子报\003.李敖送电集\027.2000年3月14日.txt,王企祥;李远哲;学术界,校对轮,已校对
LAT096-130,LAT096-179,李敖送电集,,兰屿核废料暴露政府欺骗,政治,台湾原本计划将核废料用海拋方式解决，先放在兰屿，然后再丢到海里面去，结果骗兰屿同胞说要做鱼罐头工厂，兰屿同胞还很高兴可以藉此发展，但是做出来的却是一间暂时性的核废料储置场，又碰到国际管制核废料禁止拋海，到大家抗议了，这条路行不通。十三万桶的核废料基地开始因不稳陷下去，兰屿人也是致癌率最高的族群。,,028.2000年3月15日.txt,《大李敖全集6.0》分章节\011.李敖电子报\003.李敖送电集\028.2000年3月15日.txt,核废料;兰屿;欺骗,校对轮,已校对
LAT096-131,LAT096-180,李敖送电集,,核废料出路要靠两岸谈判,政治,而现在国际又规定核废料禁止运出本国以外，因此台湾核废料出路就只有运到中国去，否则再过不久南台湾也要被污染了。现在核一厂的核废料就存在货柜里外披一层布，这是非常危险的。为了核废料的出路，我们就是要一国两制，跟中国谈判，如新疆省比台湾大四十五倍，请中国运过去，而现在也有人在谈判，我这边有一份秘密文件，八十三年9月29日的经济部秘密公文给台电，要台电协调两岸核废料的处理，要台电秘密去与中共谈判处理核废料。,,028.2000年3月15日.txt,《大李敖全集6.0》分章节\011.李敖电子报\003.李敖送电集\028.2000年3月15日.txt,核废料;大陆;谈判,校对轮,已校对
LAT096-132,LAT096-183,李敖送电集,,本土自大就是关门皇帝,文化,我们现在把台湾看得比天还大，一切都要本土化，变成一个本土式的自大狂，像吴大猷临死前说的，台湾是关着门做皇帝，关着门做自大狂，像李远哲爸爸是一个普通的国小美术老师，有一个像李远哲的儿子画就值钱了，可以卖到一千万元，但是三个小时到了香港后，就值一万块钱，因为国际上不予评价，未达到世界性的水准。大家不知天高地厚，一路本土本土、爱台湾爱台湾，一句话不小心，一个帽子扣过来说是中共同路人，台湾人不是被吓大的。,,029.2000年3月16日.txt,《大李敖全集6.0》分章节\011.李敖电子报\003.李敖送电集\029.2000年3月16日.txt,本土化;自大;世界水准,校对轮,已校对
LAT096-133,LAT096-184,李敖送电集,,一个中国是世界气候,政治,我们太关着门自大了，今天民进党张旭成说反对一个中国，反对有什么用？一个中国是全世界的气候，从美国到苏联、从英国到法国，哪一个不讲一个中国，只有台湾讲两国，你冲得破吗？如果不行，在台湾说自己最伟大、最勇敢有什么用？,,029.2000年3月16日.txt,《大李敖全集6.0》分章节\011.李敖电子报\003.李敖送电集\029.2000年3月16日.txt,一个中国;国际;两国论,校对轮,已校对
LAT096-134,LAT096-186,李敖送电集,,历史研究听到的是谎言,知识,这段话我看了后就很光火，原因就是，何时孙中山在檀香山置过产？根本没这个事，并且谈到还有在香港置产，我是研究历史的，从没发现孙中山曾在檀香山等地置过党产。我认识一位好朋友，他是钢琴调音师，辨音能力极强，他每次上了出租车，如果有放音乐，他立刻就拜托司机赶紧把音响关掉，司机就问为什么，他说你们听的是音乐，我听到的都是噪音。,,029.2000年3月16日.txt,《大李敖全集6.0》分章节\011.李敖电子报\003.李敖送电集\029.2000年3月16日.txt,孙中山;党产;历史,校对轮,已校对
LAT096-135,LAT096-188,李敖送电集,,粗糙谎话把听者当傻瓜,人格,我为什么喜欢挑这些毛病？就是我不太能忍耐有人对我说粗糙的谎话；英国文学家巴特勒，他讲过一段话很有趣，“我可以容忍你对我说谎话，可是我不容忍你对我说一个粗糙的谎话”。因为这不但是骗我还拿我当傻瓜，我看到就光火，就要揭发。（待续）（2000/3/16）,,029.2000年3月16日.txt,《大李敖全集6.0》分章节\011.李敖电子报\003.李敖送电集\029.2000年3月16日.txt,谎话;粗糙;揭发,校对轮,已校对
LAT096-136,LAT096-189,李敖送电集,,历史改写会抹掉真正行动者,知识,请问历史可以这样写吗？那份名单是我李敖从孟祥柯那里调到，是我送给国际特赦协会秘书长马丁的，并且请他转到联合国人权委员会去告国民党。结果我在坐牢时，审判我的人拿来《台湾青年》这份资料给我看，上面就登了我提供的名单，换句话说，在送到联合国人权委员会以前，名单被拷贝送到了台独刊物，我坐牢的罪名就是拿到这个名单。今天我不敢说这算是什么英雄的行为，但这事情是我干的，在陈菊的文章，完全看不到李敖的名字，这告诉我们，历史被他们整个改写了。,,030.2000年3月17日.txt,《大李敖全集6.0》分章节\011.李敖电子报\003.李敖送电集\030.2000年3月17日.txt,政治犯名单;李敖;历史,校对轮,已校对
LAT096-137,LAT096-190,李敖送电集,,党产原是敌伪财产被党接收,政治,今天你们在成功大学第一次看到这文件，我念给你们听，“秘书长、陈书记长，党部与团部无论在任何地方，不得查封敌伪产业及干涉地方行政事宜”，地方行政是政府的系统，为什么你们党部和团部国民党的单位来查敌伪财产？敌伪财产是指日本人和汉奸留下的财产。好比说中广是日本时代留给台湾的广播公司，应该给政府来接收，可是被国民党接收了，今天以八十八亿被刘泰英卖掉。换句话说，那笔钱是属于我们政府、人民的。,,030.2000年3月17日.txt,《大李敖全集6.0》分章节\011.李敖电子报\003.李敖送电集\030.2000年3月17日.txt,党产;敌伪财产;中广,校对轮,已校对
LAT096-138,LAT096-192,李敖送电集,,怕还要做才是英雄,人格,今天我讲的题目是成功有两种，第一种是成功，第二种是失败，失败也是成功的一种；为什么失败是成功的一种？你们看圣女贞德，她在坐牢的过程里是失败者，她投降也写了悔过书，可是后来她觉悟，知道自己做错了，于是挣扎出来，最后被烧死。人在成长的过程常常经过矛盾、挣扎，经过自己的努力才成长的，我是这样成长过来的人，过去在白色恐怖时期，我反对国民党，人家问我怕不怕，如果我说不怕是骗你们的，可是怕还要做，这就是英雄。（新党新月刊编辑部整理）（2000/3/17）,,030.2000年3月17日.txt,《大李敖全集6.0》分章节\011.李敖电子报\003.李敖送电集\030.2000年3月17日.txt,成功;失败;英雄,校对轮,已校对
LAT096-139,LAT096-194,李敖送电集,,找史料要动手动脚,方法,我有绝大的本领找资料，长恨歌中“上穷碧落下黄泉，两处茫茫皆不见”，后来被一位历史学家傅斯年改写了，叫做“上穷碧落下黄泉，动手动脚找东西”，找什么呢？找史料。告诉各位，我真在黄泉找到了，我在阳明山公墓——李登辉的儿子李宪文的坟上，找到第一手资料；每年到他忌日时，就有一些拍马屁的人送花圈，某天有人用一个石头压了一封信，这封信落在我手里，信上说：我是你母亲，我一直怀念着你，你是我的儿子，可是我一直说不出口，现在你死了，我一定要到你的坟前告诉你，我才是你真正的母亲——你的阿姨（曾文蕙的妹妹）。换句话说，李宪文是李登辉的小姨子生的。什么原因？我们不晓得，可是这种资料却被我李敖拿到，而且按常理判断，这个资料应该是真的。,,030.2000年3月17日.txt,《大李敖全集6.0》分章节\011.李敖电子报\003.李敖送电集\030.2000年3月17日.txt,史料;资料;傅斯年,校对轮,已校对
LAT096-140,LAT096-196,李敖送电集,,打击黑暗最重要是证据,方法,为什么钱要存在瑞士银行，证明钱是A来的。瑞士自1815年成为中立国后，政局稳定，银行制度良好。如今在世界舆论的压力下，瑞士银行稍有开放，若是国际贩毒组织存的钱，可以接受国际刑警组织的调查。所以我们在打击敌人、揭发黑暗时，最重要的是要有证据。,,031.2000年3月20日.txt,《大李敖全集6.0》分章节\011.李敖电子报\003.李敖送电集\031.2000年3月20日.txt,瑞士银行;证据;揭发,校对轮,已校对
LAT096-141,LAT096-197,李敖送电集,,火爆语言之下是证据,写作,我们这一组候选人写了一千五百万字，写书最重要的也是要有证据。有证据后才能再加花样，很多人认为我写文章、讲话很火爆，可是大家忘了，如果把这些火爆的话、骂人的话、感情的语言、情绪的语言抽走以后，剩下的就是证据和资料，所以这么多年来，我的本领就是有证据。,,031.2000年3月20日.txt,《大李敖全集6.0》分章节\011.李敖电子报\003.李敖送电集\031.2000年3月20日.txt,写作;证据;资料,校对轮,已校对
LAT096-142,LAT096-198,李敖送电集,,证据有文证图证物证人证,方法,前几天我公布了一本书《替李登辉卸妆》，作者徐渊涛是徐庆钟的儿子。有人问他有什么证据？证据分好几种，有的是文证（文章），有的是图证（图片），有的是物证（譬如和克林顿总统有染的莱温斯基，她拿出一件上衣，上面有克林顿的精子。）还有就是人证（如果当时我在场，我本身就是人证），例如我说阿扁是我的小老弟，我的证据是什么呢？现在我拿出七十四年4月26日阿扁写给我的信，他说：“李大哥钧鉴，很高兴看到您的五十闭关宣言，相信在您专心写作之下，在您老死台湾前，必能有不朽的成就，作为朋友不一定要见面，有时只要读一读您的大作，得到启示，就终生受用无穷，有时尽管批评严厉一点，未尝不是善意的期许，感谢您的最好方法，就是努力再努力，改进再改进，永无止境。”这就是证据，所以明天政见发表会，我一定会对阿扁严厉的批判。,,031.2000年3月20日.txt,《大李敖全集6.0》分章节\011.李敖电子报\003.李敖送电集\031.2000年3月20日.txt,证据;文证;人证,校对轮,已校对
LAT096-143,LAT096-199,李敖送电集,,政见抄得太迟也是无效,方法,我们看陈水扁这种一厢情愿的想法，有没有实现的可能？过去台湾有五年的上好时间，可以去占大陆的便宜，当时新党的李庆华去大陆和他们谈判，达成十项原则，换句话说，已经拿到今天陈水扁所希望的条件。可是现在他们不肯了，台湾的好机会已经过去了，那是八十二年五月的事，今天阿扁抄了李庆华的政见，那是李庆华向大陆要来的条件，现在变成阿扁的中国政策，这不但是抄袭，而且抄得太迟了。,,031.2000年3月20日.txt,《大李敖全集6.0》分章节\011.李敖电子报\003.李敖送电集\031.2000年3月20日.txt,政见;抄袭;时机,校对轮,已校对
LAT096-144,LAT096-200,李敖送电集,,谈判要看背景和筹码,方法,今天大陆越来越强大，台湾方面越来越弱小，谈判是要讲筹码，台湾的筹码愈来愈少，李登辉统治台湾十二年，台湾的筹码被折腾光了，所以看问题要从这些角度来看。今天陈水扁有六十万选票拿不进去，因为大陆台商及其家属约有六十万，就因为知道他的大陆政策是不切实际的、是骗选票的。所以，我们看问题一定要把历史背景拿出来看。,,031.2000年3月20日.txt,《大李敖全集6.0》分章节\011.李敖电子报\003.李敖送电集\031.2000年3月20日.txt,谈判;筹码;历史背景,校对轮,已校对
LAT096-145,LAT096-201,李敖送电集,,领导标准在能否做事,政治,今天我们选总统是在选台湾的领导人，我可以证明连战A钱，证明阿扁A钱，阿扁在竞选台北市长失败后，福尔摩沙基金会还剩下十六亿两千万，他说花光了竞选经费，剩下的却比宋楚瑜还多。所以我们不谈谁有没有信用、谁规不规矩、谁A不A钱、谁A了多少？重要的是，当你做了中国台湾的领导人之后，你能为我们做什么事？你有没有热心？有没有按照法律办事？有没有偷偷摸摸做事？这才是我们关心的。,,031.2000年3月20日.txt,《大李敖全集6.0》分章节\011.李敖电子报\003.李敖送电集\031.2000年3月20日.txt,领导;标准;依法行政,校对轮,已校对
LAT096-146,LAT096-202,李敖送电集,,统治集团限制个人变法,政治,我的小说《北京法源寺》讲一个故事，就是当1898年戊戌政变时，康有为、梁启超和谭嗣同这些人，他们有一个错误的设定：如果我们劝皇帝肯改变、肯变法，我们国家就富强了。他们把大前提设定在光绪皇帝的改变上，他们成功了，光绪的确看了康有为奏折后愿意变法，可是大家想想看，为什么变法没有成功？就是光绪皇帝代表的不是他个人，而是整个满洲统治者的集团，他没有办法摆平这集团，何况集团后面还有一个慈禧太后。,,032.2000年3月21日.txt,《大李敖全集6.0》分章节\011.李敖电子报\003.李敖送电集\032.2000年3月21日.txt,戊戌变法;光绪;集团,校对轮,已校对
LAT096-147,LAT096-203,李敖送电集,,一厢情愿改不了集团结构,方法,所以不是你一厢情愿要改变就可以改变，哪怕你是皇帝都做不到；可是今天陈履安设定在连战本人想走他原来的路，而不走李登辉的路，这个成功性是没有的。现在假设李登辉靠边站（他还有两年的国民党主席任期，他算是手放松一点），可是连战会跟什么人合作呢？他要跟国民党的黑金势力合作。,,032.2000年3月21日.txt,《大李敖全集6.0》分章节\011.李敖电子报\003.李敖送电集\032.2000年3月21日.txt,连战;国民党;集团,校对轮,已校对
LAT096-148,LAT096-205,李敖送电集,,黑金结构不会因个人改变,政治,国民党的结构就在这里，它是黑金结构，即使李登辉靠边站了，连战想统治这个政治集团，必须还继续靠着这个黑金和他合作，黑金的集团、势力是不会改的，所以连战要改是不可能，这第一点是陈履安没有想到的。,,032.2000年3月21日.txt,《大李敖全集6.0》分章节\011.李敖电子报\003.李敖送电集\032.2000年3月21日.txt,国民党;黑金;连战,校对轮,已校对
LAT096-149,LAT096-207,李敖送电集,,面对二二八不等于炒作族群,政治,台湾什么人开始提倡注意二二八？是我李敖，是我和我的好友孟绝子先生；过去在蒋介石统治之下，白色恐怖时代不许谈二二八事变（件）五个字，文章写出来是“×××××”，意思一看就是二二八事变，所以任何文件都看不到这五个字。后来是我办《万岁评论》杂志，公开孟绝子写的文章《台湾苦难反省日》，我们才正式提出我们要面对二二八问题。可是面对并不表示要炒作族群问题，意思是二二八是历史问题，我们不要把它“×××××”。（待续）（2000/3/21）,,032.2000年3月21日.txt,《大李敖全集6.0》分章节\011.李敖电子报\003.李敖送电集\032.2000年3月21日.txt,二二八;族群;真相,校对轮,已校对
LAT096-150,LAT096-208,李敖送电集,,总统身份不必当人生墓志铭,人格,一、一百七十四年前，美国第三任总统杰斐逊死了，在他墓碑上，刻的是：“美国独立宣言起草人，维吉尼亚宗教自由法令作者，维吉尼亚大学创办人托玛斯杰斐逊安葬于此。”以三行履历，概括一生，但绝口不提他曾做过美国总统。连做过美国总统都不值得一提，做个残山剩水只有宪法上两百六十六分之一领土的“中华民国”的所谓总统，又算什么呢？,,033.2000年3月22日.txt,《大李敖全集6.0》分章节\011.李敖电子报\003.李敖送电集\033.2000年3月22日.txt,杰斐逊;履历;总统,校对轮,已校对
LAT096-151,LAT096-211,李敖送电集,,台湾总统只是地区领导人,政治,早在半年前，我就在《明报月刊》去年10月号，发表《民国定义和总统定义》，我坦白指出，台湾根本不是一个国，正因为发生国不国的问题，所以它的总统定义，也不宜拘泥在政治学上的定义，而该有它特殊声明下的定义，事实上，它只是“中国台湾的领导人”的别名而已。,,033.2000年3月22日.txt,《大李敖全集6.0》分章节\011.李敖电子报\003.李敖送电集\033.2000年3月22日.txt,总统定义;中国台湾;领导人,校对轮,已校对
LAT096-152,LAT096-213,李敖送电集,,捏造证据会制造原罪,知识,为什么我骂阿扁？走进二二八纪念馆，一进门就听到陈仪的声音，这是找一个老的浙江人冒充陈仪讲的话，这是捏造证据。里面看到的都是本省人被外省人杀害，外省人看过后就觉得对不起本省人。我敢说今天外省人没有几个跟二二八有关的，二二八发生在1947年，我是1949年才来的，事件那时我才十二岁在北京，跟我有什么关系，我为什么要承担这原罪？可是今天还炒作二二八，就是在制造族群的冲突。,,033.2000年3月22日.txt,《大李敖全集6.0》分章节\011.李敖电子报\003.李敖送电集\033.2000年3月22日.txt,二二八纪念馆;陈仪;证据,校对轮,已校对
LAT096-153,LAT096-214,李敖送电集,,户口资料可校验二二八数字,方法,那怎么证明本省人被杀多少？我有一个方法：台湾户口，日本统治台湾户口严密，国民党衔接后户口也很严密。我们去查从3月1日后、国民党军队到台湾杀本省人开始，连查半年，从户口上查死掉的人，病死的也算被杀，公布说查到家有死者的就赔偿八百万；登记到现在、查了这么久，就是八百人，证明没有死那么多人。没死那么多人却说死了五万、十万人，就为了表达悲情，说外省人可恶。苏联斯大林说，死几个人是悲剧，死一千、二千人就是数字统计，因此说二二八死了十万人，这是没意义的。,,033.2000年3月22日.txt,《大李敖全集6.0》分章节\011.李敖电子报\003.李敖送电集\033.2000年3月22日.txt,二二八;户口;数字,校对轮,已校对
LAT096-154,LAT096-217,李敖送电集,,体制名录会抹掉异议者,文化,过去行政院文化建设委员会出了一本《中华民国作家作品目录》的书，其中七百零三位作家中没有李敖，虽然我已被诺贝尔文学奖提名，可是之前在台湾我连七百零三名都排不进去，现在文建会又出了此书的新版本，中间作家的名字有李敖了，可是我今天又看到中央社八十八年十二月出版的“中华民国名人录”书中，搜录了二千零三位中华民国的名人，其中有李庆华、李炳南的名字，可是又没我的名字，他们又把我当女生的卫生棉来处理（几乎忘了它的存在），名人录中竟然没有中华民国总统候选人李敖的名字，大家不会觉得很荒谬吗？,,034.2000年3月23日.txt,《大李敖全集6.0》分章节\011.李敖电子报\003.李敖送电集\034.2000年3月23日.txt,名人录;文建会;李敖,校对轮,已校对
LAT096-155,LAT096-218,李敖送电集,,制度文本可拆穿违规,法权,在政见会隔天，我们看到中央研究院的答复是完全不能成立的，如同昨日我所讲到中央研究院有个自己公布的延长服务案处理办法，在第五条中指出“研究员延长服务期间，不得兼任行政职务”，就是到了退休年限后，若自愿还想做点事时，只能做研究工作，不可做行政工作。我有一位老同学杨国枢已过了六十五岁，还被李远哲请来做中研院副院长，做的还是行政业务，所以他们就把原延长服务办法中附加了内容，即“研究员延长服务期间，不得兼任行政职务，但因学术行政特殊需要经院长核定者得兼任之”。请问这种后面条文可以否定前项条文，是个什么样的法律？此条文送到总统府后，秘书长黄昆辉回公文给李远哲表示，此条文二者相互冲突不可行，但在昨天我公布李远哲回给黄昆辉的信，信中提到“以后会严格来审查、把关”，意思是这次先不要严格，让他过关，等下次再生效，请问法律条文可以因人而异吗？隔天我在新闻中看见李远哲的亲信表示，“我们正在找新的副院长”，证明出他们已知道旧的副院长有问题，就好象小偷将东西归还后，并不能证明他没偷过，在偷的过程中已是犯法了，李远哲在此事件中是好人做坏事，所以大家会忽略、忘记，甚至原谅他或觉得不可能。,,034.2000年3月23日.txt,《大李敖全集6.0》分章节\011.李敖电子报\003.李敖送电集\034.2000年3月23日.txt,中研院;制度;行政职务,校对轮,已校对
LAT096-156,LAT096-220,李敖送电集,,假信也能扳倒学术人才,知识,王企祥后来被清华大学赶了出来，被赶出来不是他的学问不好，而是因为现任行政院副院长刘兆玄，当年找到外国学者的一封信，信中说王企祥的学问有问题，他就拿这封信把王给扳倒了，这封信甚至还得到李远哲背书，当王遭解职后到美国追查此案，发现这封信是刘兆玄他们假造的，根本是冤枉的事，请大家看我拿的这张照片中，王企祥还曾是一手提拔李远哲的恩师，甚至还帮他向国防部长俞大维谎称会制造原子弹，免除了李远哲的兵役，没想到最后李远哲却为假造的信背了书将他给扳倒。,,035.2000年3月24日.txt,《大李敖全集6.0》分章节\011.李敖电子报\003.李敖送电集\035.2000年3月24日.txt,王企祥;假信;清华,校对轮,已校对
LAT096-157,LAT096-221,李敖送电集,,清望也会给出错误暗示,政治,李远哲今天表现在阿扁身上的动作，使我感到很气愤，他对外表现中立、清高，实际却暗示大家支持阿扁，他提出要政党轮替，是要国民党下台与民进党轮替，最适合者指的就是陈水扁；另一方面又说没有政治资源、政党背景者不适合做总统候选人，指的就是宋楚瑜。若他的理论成立，同样没有政党背景的菲律宾女总统柯拉蓉就该下台，我认为李远哲利用他的清望来做错误的暗示，暗示我们要把票投给陈水扁，是可恶的作法，我们无爱也无恨于陈水扁，我们有爱的是台湾的利益，什么人可带给我们好处和安全，就把票投给谁，大家评估后都清楚知道（包括中华人民共和国）陈水扁当选会制造两岸间冲突，使我们处境变得危险，这并非我们怕谁、要看谁脸色的问题，而是对我们划不划得来的问题，阿扁今天若说不怕大陆，他就直接喊台独万岁，并且应一路喊到底，不应又说要走中间路线，说当选后要到大陆去访问等话，他说出这话等于承认大陆给台湾威胁的严重性，他出来参选会给大家带来危机意识。,,035.2000年3月24日.txt,《大李敖全集6.0》分章节\011.李敖电子报\003.李敖送电集\035.2000年3月24日.txt,李远哲;清望;陈水扁,校对轮,已校对
LAT096-158,LAT096-222,李敖送电集,,公文和报告差异可见瞒骗,方法,我拿到一份中研院给总统府内部文件函告，内容提及“本院基于安全考量，拟将近代史研究所暨欧美研究所联合大楼提前报废拆除，敬请准予核定并请转审计部审核…”发文者为杨国枢，院长为李远哲。可是在建筑师的检查报告中，我发现建筑师建议的是要补强，而非要拆除，可是给总统府的公文中却说要拆掉，若李远哲不知道此事就是胡涂，若知道就是想要瞒天过海，要把好好的楼房拆掉再盖，原因是有好处嘛！今天我举许多例子给大家看，证明了好人也会做坏事，李远哲曾说过“白道比黑道还可怕”，这是一句对的话，如今他就是白道干了许多可怕的事。,,035.2000年3月24日.txt,《大李敖全集6.0》分章节\011.李敖电子报\003.李敖送电集\035.2000年3月24日.txt,中研院;公文;建筑报告,校对轮,已校对
LAT096-159,LAT096-226,李敖送电集,,主动孤独换来读书空间,人格,为什么我在牢里Ｋ书Ｋ得好？因为我一到牢里，就说我要一个人坐牢。一个人坐牢是犯了规则被惩罚，我一去就要求一个人坐牢，愿意采取惩罚性的标准；证明我们狠，我不在乎。他就会怕你，你怎么这么狠，我们还没罚你，你就要罚自己。,,036.2000年3月27日.txt,《大李敖全集6.0》分章节\011.李敖电子报\003.李敖送电集\036.2000年3月27日.txt,坐牢;孤独;读书,校对轮,已校对
LAT096-160,LAT096-227,李敖送电集,,监狱斗法也靠资料智慧,方法,所以他只送我一件东西，就是假刻的橡皮图章；这图章，监狱有，我也有一个，我的信自己盖印就寄出去，所以我的资料都是合法的寄出来；我出狱以后，资料全部回笼，影印出来，招待记者。我们是凭着智慧来跟他们斗法，并能够活到现在。,,036.2000年3月27日.txt,《大李敖全集6.0》分章节\011.李敖电子报\003.李敖送电集\036.2000年3月27日.txt,监狱;资料;图章,校对轮,已校对
LAT096-161,LAT096-231,李敖送电集,,出门无效的主权只是关门话,政治,我们很准确的拿捏世界的标准，昨天我政见会里讲到这一点；我们谈两国论，谈主权独立国家，可是看全世界都承认一个中国，包括美国总统克林顿；台湾说两国，你自己关着门说可以，出了门无效，这就是我所说的一个重点。,,037.2000年3月28日.txt,《大李敖全集6.0》分章节\011.李敖电子报\003.李敖送电集\037.2000年3月28日.txt,主权;一个中国;世界标准,校对轮,已校对
LAT096-162,LAT096-233,李敖送电集,,清流知识分子未必有骨头,人格,看到阿扁的几个政见，他要捍卫台湾安全、全民打拼、清流共治，要找出清流来；清流就是阿扁阵营这些学者，今天报纸还说：清流挺身而出。我最看不起的就是这些知识分子，唐朝也有清流，结果土匪来了，说你们不是清流吗，就把他们投到浊水里，看你们清不清。台湾很好，我们只要把他们跟林浊水绑在一起就好了。,,037.2000年3月28日.txt,《大李敖全集6.0》分章节\011.李敖电子报\003.李敖送电集\037.2000年3月28日.txt,清流;知识分子;勇气,校对轮,已校对
LAT096-163,LAT096-234,李敖送电集,,核废料谈判早被秘密推动,方法,我拿到八十三年9月29日经济部长江丙坤给台电公司的秘密文件，内容是说关于我们核废料的部分，请台电去跟中共谈判，他们整个瞒住我们。今天我再公布最新资料，1998年11月26日行政院给政务委员杨世缄的秘密报告，在最后原则同意，由台电公司总经理或其代表与中国核工业总公司之对等代表签署两岸核能发电技术交流意愿书，以促进两岸核能技术交流及共同处理台电公司核废料。就是要把核废料运走，今天台电必须承认签了意愿书。,,037.2000年3月28日.txt,《大李敖全集6.0》分章节\011.李敖电子报\003.李敖送电集\037.2000年3月28日.txt,核废料;秘密文件;谈判,校对轮,已校对
LAT096-164,LAT096-235,李敖送电集,,道德教条在惨烈处失效,知识,这时发现，很多道德教条会发生困扰，陈府将军是典型例子。陈府将军也是唐朝人，守城打仗也打死了。他为信仰或为皇帝死掉，当然这很了不起，但是我们要界定谁要做这种事情。中国古代有名的讨论：一个城被围时，谁该守、谁不该守；它的结论很有趣，老百姓可以走，而官吏不可以。因为老百姓不要负责，官吏有守城的责任，就要与城共存亡。,,037.2000年3月28日.txt,《大李敖全集6.0》分章节\011.李敖电子报\003.李敖送电集\037.2000年3月28日.txt,陈府将军;守城;道德,校对轮,已校对
LAT096-165,LAT096-237,李敖送电集,,不要活成错误教育的产物,人格,我想你们各位的成长过程里面，今天的情况有的必须说可能家庭不够圆满或者不够理想，或者跟家庭的人处不来，我小的时候也跷过家并不稀奇，可是我告诉各位，你们以为你们现在成长的过程里面，你们最需要的是什么？最需要的是自己，表现是我自己，我要活的是我自己、活的是我个人，这一点很重要。可是你们有没有想到，你们活的很可能不是你们自己，你们活的是一个错误的教育教给你们的那些情况。,,038.2000年3月29日.txt,《大李敖全集6.0》分章节\011.李敖电子报\003.李敖送电集\038.2000年3月29日.txt,自己;教育;成长,校对轮,已校对
LAT096-166,LAT096-238,李敖送电集,,错误爱情观制造痛苦,情爱,事实上恋爱本身是个快乐的事情，可是在琼瑶的小说里面是很痛苦的，所以你看了这个书以后，它可能影响你，你有意的或无意的受到这个影响，当你接触到一个错误的爱情观念，这个观念使你在谈恋爱的时候，你的方法是错误的、观念是错误的，引起来很多无谓的烦恼和痛苦。所以我告诉各位，如何能够成长你自己，跟你能不能取得影响你的那种好的知识有关系。你活的不是你自己，你觉得我很自在、我有我自己、我有性格。可是我告诉你怎么样证明你真正成功了，在这里的真正成功就是八点到八点半。当你盘腿坐在那里面对墙的时候，你是不是真正的觉得自己解脱了，而不是觉得这是强迫的。我告诉各位，过去在古代有一个印度人到中国来，他叫做达摩老祖，你们看过、可能也做过那种陶瓷像，一个黑黑的、胖胖的、有很多胡子的叫达摩祖师。他是印度人，他到中国来，他讲一句话就是他要找一个不被人家骗的人。他自己怎么样呢？就是面对墙，自己面对墙坐，在那里坐了十年。你们一天只坐半小时可能就吃不消了，他连续坐了十年。证明什么？证明他真正有定力的。我觉得人生最快乐的一点请各位记得，真正能够拯救你们的不是父母、也不是老师、也不是关主任。对不起啊！真正能够救你们的是你们自己，可是怎么样能够救到你们？你们要学到一个本领，就是什么东西能够使你们定下来？定下来有很多条件，第一个条件就是说你必须有一个稳定你自己的力量。我告诉你，人生最大的快乐是什么？人生最大的快乐是男欢女爱，男女之间的跟女朋友在一起、跟男朋友在一起，这是最快乐的时候。可是这种情况不可能持久，什么原因？,,038.2000年3月29日.txt,《大李敖全集6.0》分章节\011.李敖电子报\003.李敖送电集\038.2000年3月29日.txt,琼瑶;爱情观;痛苦,校对轮,已校对
LAT096-167,LAT096-239,李敖送电集,,孤独的愉悦是成功标志,人格,大家知不知道有一个很有名的科学家叫做爱因斯坦，他讲他人生最快乐的地方，就是他一个人在研究室里面做研究。那种快乐叫做孤独的愉悦，很孤独，可是我很愉快、很喜悦。这种孤独的愉悦能得到以后，我告诉你，就是成功的人。,,038.2000年3月29日.txt,《大李敖全集6.0》分章节\011.李敖电子报\003.李敖送电集\038.2000年3月29日.txt,孤独;爱因斯坦;成功,校对轮,已校对
LAT096-168,LAT096-240,李敖送电集,,自胜才算强,人格,什么样的人不成功？他一个人不能活，他要出去、要KTV、要三温暖、要啤酒屋、要抽烟、要打架、要吸安非他命。这种人是不快乐的人，为什么呢？他缺少了外面这些原因、因素、朋友、环境、药物、毒物，他就不能够稳定下来。所以我认为真正的、你觉得能够克服自己的，是中国一个哲学家老子讲的一句话叫做“自胜者强”。（待续）（2000/3/29）,,038.2000年3月29日.txt,《大李敖全集6.0》分章节\011.李敖电子报\003.李敖送电集\038.2000年3月29日.txt,自胜者强;自控;老子,校对轮,已校对
LAT096-169,LAT096-244,李敖送电集,,自己是自己的主人,人格,我告诉各位，我一辈子，这么多年来，就是相信我们自己是我们自己的主人。我们控制自己成功以后，才是一个成功者。否则的话，把自己拋在外面，我刚才讲过，要靠KTV、要靠三温暖、要靠啤酒屋、要靠搅在一起的聊天、要靠整天打弹子，靠这种世俗的、粗浅的生活方式来生活的人，都是失败者。不管犯不犯罪，都对个人而言，是失败者。我举个例子给你们看，我们那一届1959年台湾大学毕业生，一毕业几千人，请今天看看有哪个人还出名，严格说只出来两个人，一个就是我李敖，一个就是现在的中央研究院的院长李远哲，得过诺贝尔奖的。我讲个李远哲的故事给大家听。,,039.2000年3月30日.txt,《大李敖全集6.0》分章节\011.李敖电子报\003.李敖送电集\039.2000年3月30日.txt,主人;控制;失败,校对轮,已校对
LAT096-170,LAT096-245,李敖送电集,,读错书会灌入错误观念,方法,我跟大家讲，看书要看那种真正能够启发你思想的书。如果你同样一个小时，看错了书，刚才我讲过了，如果你看了琼瑶的书，你可能得到一个错误的爱情观。这种爱情观，一恋爱你就很痛苦，眼泪鼻涕、哭哭啼啼，可是那观念就是错的。所以我提醒大家，你务必选对你所看的书，选对了以后，希望你能够耐下心去养成看书的习惯。虽然一开始是不可能的事情，一开始你可能也是心猿意马。譬如说你们现在看孙悟空收白龙马的这个布袋戏，你们可以考虑看一部《西游记》，不要看一遍，看好几遍，看看那里面的一些句子，它可能会特别的启发你。好比说，假设你们在国二功课跟不上，被学校把你挤出来了，什么原因呢？我讲过，不完全怪你们，有很多情况发生的时候是怪别人，不怪你自己。可是现在不管怪什么，你在这个地方，换句话说，你要为你所做的事情负责任，可是这个时间很短暂，你们不会像我那样坐那么长的牢。可是像我坐牢的时候，我也可以告诉你们我也很快乐，虽然一个人在坐牢，因为是政治犯，被管得很严。（待续）（2000/3/30）,,039.2000年3月30日.txt,《大李敖全集6.0》分章节\011.李敖电子报\003.李敖送电集\039.2000年3月30日.txt,读书;观念;爱情,校对轮,已校对
LAT096-171,LAT096-247,李敖送电集,,欲望正常但要有力量表达,人格,我跟你讲，一个小朋友在成长的过程里面，有很多欲望都是很正常的。好比说我喜欢吃好东西，这是正常的欲望；我喜欢喝酒也是正常的欲望；我喜欢男女之间的关系也是很正常的欲望；我喜欢别人重视我，我想变成有名的人也是很正常的欲望；我喜欢很有钱也是很正常的欲望；我喜欢我很有力量、很有势力也是很正常的欲望，这些都是很正常的。可是你表达的不管是哪个欲望，都需要你变成一个强而有力的人。你们现在是强而有力吗？你们十几岁，没有任何的力量，没有什么钱，你们自己赚不到什么钱！你打工，到麦当劳打工它都不要你，你能赚几个钱？拿爸爸钱能拿多少？能拿多久？,,040.2000年3月31日.txt,《大李敖全集6.0》分章节\011.李敖电子报\003.李敖送电集\040.2000年3月31日.txt,欲望;力量;表达,校对轮,已校对
LAT096-172,LAT096-248,李敖送电集,,做坏人也需要头脑,方法,我举个例子，就是说你们的力量根本拿不出来、施展不出来，什么原因？你们还不够有力量的条件！说难听话好了，要做个流氓，你们的条件还不够。现在世界的流氓是什么样的流氓？看看美国那些大流氓、黑社会流氓，大学毕业、博士的头衔、穿着西装革履、开的是凯迪拉克汽车，外面一点都不流氓啊！做流氓也需要头脑、大头脑，你在外面打架、当小混混，这种怎么做流氓呢？连个流氓也不够资格，整天靠拳头打架，这是什么流氓啊？这是打手！,,040.2000年3月31日.txt,《大李敖全集6.0》分章节\011.李敖电子报\003.李敖送电集\040.2000年3月31日.txt,流氓;头脑;条件,校对轮,已校对
LAT096-173,LAT096-249,李敖送电集,,做好人也要面对现实冲突,人格,各位小朋友，每个成年人站在这里都劝你们做好人，我承认做好人是一个标准，可是做好人也是很难的一件事，为什么呢？你受的教育要你诚实，你进入社会以后发现诚实会吃亏，这个时候你可能就要讲谎话了，讲谎话之后你内心会冲突，发现做好人是相当辛苦。我个人告诉你们，我不是纯粹的好人，我是什么呢？我是善霸！一般人讲说恶霸，他是坏人是恶霸，我是善霸，我是很厉害的好人，不是那种老好人，不是那种烂好人。我并不劝你们一定做好人，可是我警告你们，想做坏人吗？你们还没有资格做坏人！（待续）（2000/3/31）,,040.2000年3月31日.txt,《大李敖全集6.0》分章节\011.李敖电子报\003.李敖送电集\040.2000年3月31日.txt,好人;善霸;诚实,校对轮,已校对
LAT096-174,LAT096-250,李敖送电集,,成功要靠自己觉悟,人格,所以今天我跟各位讲几句话，各位要想想看，你们靠别人的压力、别人的管训、别人的教育、父母的督促，统统没有用！必需自己觉悟！靠自己觉悟，告诉你们，你是可以成功的，我就是一个例子！我不是很聪明的人，可是我真正把我自己，造成了我所要变成的一个人。我到台湾十四岁，像你们这个年纪，从中国大陆到了台湾，从民国三十八年，1949年到现在，整整五十年，我现在六十四岁。这五十年来，我告诉你们我有一点做到的，别人就做不到的——我不是国民党！,,041.2000年4月3日.txt,《大李敖全集6.0》分章节\011.李敖电子报\003.李敖送电集\041.2000年4月3日.txt,觉悟;成功;自我,校对轮,已校对
LAT096-175,LAT096-251,李敖送电集,,独来独往才能表达个性,人格,那个时候好难啊！大家都是国民党，你不是国民党就非常不方便，在军队里当排长，你就被排挤，诸如此类。我也不是民进党，到今天，我也不是新党；虽然做了新党总统的代表，我还不入新党！你们看到我的个性没有？就是我们真正能够表达我自己的个性，独来独往；尽管我坐了两次监狱，没人把我打倒。我第二次离开土城看守所的时候，所长跟我握手，大家好高兴握手；他们也好高兴，这个要命的犯人，我们总算熬了半年，终于把他请走了。没想到到了台北三个小时后，我干什么？我就发表了一篇六万字的文章，叫做《天下没有白坐的黑牢》，就揭发土城看守所的黑暗！揭发出来以后，引起土城看守所的越狱，两次越狱事件，引起新竹的少年监狱暴动！这话不是我李敖说的，是当时的法务部监所司副司长王济中，他公开说“是李敖闯的祸”，为什么李敖这么大的力量，可以引起监狱的越狱、引起人家的暴动？原因就是说，我真的告诉大家，力量出来了！我可以告诉你们，我坐牢怎么坐？我在土城看守所怎么坐牢？土城看守所我们写信写出去，信里面那个主管就盖一个图章，好比说有“毋忘在莒，忠孝仁爱”八个舍房，每一个舍房里面，就盖一个图章；盖了印以后表示检查。这些信我们跟土城看守所邮政局讲好的，所有的信出来以后，凡是没有盖图章的，这些信你们就要赶紧还给我们；因为它是私下流出去的信。,,041.2000年4月3日.txt,《大李敖全集6.0》分章节\011.李敖电子报\003.李敖送电集\041.2000年4月3日.txt,个性;政党;坐牢,校对轮,已校对
LAT096-176,LAT096-252,李敖送电集,,先安定充实自己,人格,我拉拉杂杂的告诉各位，当我变成一个强者，不管是好人的善霸，或者坏人的恶霸、流氓，都需要先请你安定下来，能够充实你自己。你自己不能充实自己，一切都是空的。你过得很痛苦，整天就过着那种失落的生活，我认为那是一个失败的生活。,,041.2000年4月3日.txt,《大李敖全集6.0》分章节\011.李敖电子报\003.李敖送电集\041.2000年4月3日.txt,安定;充实;生活,校对轮,已校对
LAT096-177,LAT096-253,李敖送电集,,后天方法胜过神童迷信,方法,我承认，有很多人是天才！我不是，我不是那种人。大家记得宋朝有一个有名的文学家也是政治家，他的名字叫做王安石，为什么有王安石变法？他跟他的好朋友刘公甫讲，他说：“我的儿子念书一遍就会了！”那个刘公甫，他的好朋友，就回他一句话，说：“你家的儿子念一遍就会，谁家的儿子念两遍呢？我的儿子也是神童，每个人都是神童！”所以古代的人，他们的成功，靠他们是神童，我们这一代的人不是这样子！是靠我们后天的方法跟努力！我告诉各位，我就是一个靠后天努力，能够很自然的克服我个人的缺点，而变成了某种程度的成功者。我告诉你们，我的成功在哪里？我写了一千五百万字，整个的台湾、整个的中国，没有人比我写的更多。为什么能写这么多东西？第一、我非常用功，喜欢看书。我告诉各位，我不参加婚丧喜庆。再好的朋友，他的女儿结婚了，我不去！礼到人不到！他妈妈死了，我也不去！所以，像前一阵子闹了一个有名的笑话，大家听说有一个人叫邓丽君，听说了吧？邓丽君她死掉了，结果TVBS跟中国时报就登出来，说邓丽君开吊的那一天清早，李敖到了灵堂，向邓丽君致意。有没有这个事情？没有这个事情！我从来不认识邓丽君，怎么有这么个乌龙的新闻出现？我要更正！为什么要更正呢？后来才查出来，是慈济功德会的一位老太太，她佩服邓丽君，也佩服李敖。她希望邓丽君死了，李敖来看看邓丽君，是最好的一个情况，所以结果就变成李敖去看了邓丽君。这个消息新闻就发出去了，结果是个乌龙的事件。我要更正，为什么要更正呢？因为我从来不参加婚丧喜庆！邓丽君的丧我不会参加的！更正的原因就是说，我不能不更正，因为朋友妈妈死掉了你不去，邓丽君死了你就去，这不正确的！喜，就是别人结婚，我也不去。庆祝的事情，我也不去。类似这种的我都不去！干什么不去啊？节省我的时间！我要去一趟的话，我要花多少时间？一晚上不见了，我不要！我这一晚回家来K书，我可以写出来五千字，或者一万字的文章。所以我告诉各位，真正的、成功的、快乐的生活，就是自己能够找到自己想要看的书，而充实自己，然后做一个成功者，才是真的生活。,,041.2000年4月3日.txt,《大李敖全集6.0》分章节\011.李敖电子报\003.李敖送电集\041.2000年4月3日.txt,方法;努力;神童,校对轮,已校对
LAT096-178,LAT096-255,李敖送电集,,慎取比硬读重要,方法,答：我告诉大家，“慎取”是最重要的！这本书你不喜欢看，你看它，不会有好的结果的！我觉得你们假使在国二就被挤出来，就表示说英文不能吸引你、国文不能吸引你、数学不能吸引你。但不能怪你们，我讲过，因为它没有兴趣！它怎么样吸引你呢？我过去也是这样子的，学校的功课很烂很烂的，勉强及格的，有的时候还不及格。所以到了高中二年级，我赶紧逃掉了，就不念了。怎么样的过呢？就是念我自己喜欢的书。我自己摸索什么是好的兴趣！好比说国文不好、国文很烂，你们的国文怎么会不烂？我讲给你们听！国文课本一打开第一课，就是什么蒋总统写的文章，这个样子，你的国文怎么会不烂呢？一定是烂文章！因为那文章不好！什么是好文章？像我摸索出来，我就告诉你，什么是好文章，我举个例子给你看！怎么样培养兴趣！好比说，你说这边是个老头子，这边是个女孩子，如果你的作文是这样作的话，是坏的作文！什么原因呢？太抽象了！你应说这是红颜，这是白发；红颜表示女孩子的脸蛋儿，红颜；白发，表示老公公的白头发。用他身体的一部分特征来描写他，你的感觉老头子三个字，对你是三个空（抽象）的字！可是“白发”这是个老头子的现象出现了。注意到没有，这是用一个具体的形象，来代替抽象的字眼。你能够做到了这种，就是好文章！,,042.2000年4月4日.txt,《大李敖全集6.0》分章节\011.李敖电子报\003.李敖送电集\042.2000年4月4日.txt,慎取;兴趣;读书,校对轮,已校对
LAT096-179,LAT096-256,李敖送电集,,写作要用具体替代抽象,写作,我举个具体的例子给你看！我现在已经六十四岁了，在人生的境界里面，是已经不再是青年人，也不是中年人，而是老年人。怎么样分中年人和老年人？我们一般人讲法，说这个是中年人，那个是老年人，或者用年龄来分。可是如果你作成文章的时候，就不是好的文章，什么原因呢？因为它不生动！使你没有趣味！怎么样生动？我举个例子给你看！你们男生穿的裤子，前面有拉链，拉链前面有一块布，挡住这个拉链，这块布英文叫做“fly”。意思有飞行的、苍蝇、打个高飞球，在英文里面，都叫“fly”，这块布也叫“fly”。所以，英文里面一句话，就是“Your fly is open！”。说是你的拉链没拉好，小便出来没拉好。外国人看了说：“Ah！Your fly is open！”就是你这个没拉好！忘记拉了！可以用这个例子来表达什么是中年人？什么是老年人？,,042.2000年4月4日.txt,《大李敖全集6.0》分章节\011.李敖电子报\003.李敖送电集\042.2000年4月4日.txt,具体;抽象;中文,校对轮,已校对
LAT096-180,LAT096-257,李敖送电集,,读书要标记切割分类,方法,所以你特别注意，一定要是自己喜欢看的书，才能够取得你的好处。可是我告诉你怎么看法！有的人一本书看完了以后，这本书一个字都没有写。错的！这个书要标点，要把你的意见写上去，用红的笔、蓝的笔、绿的笔，然后把它切下来、割下来，干嘛呢？做分类！我的意思，正面有要的切下来，背面可能还有你要的东西。那么，最好买两本书，也切另外一页，或者把它影印下来。你用一个小本子把它分开，把很多观念分开。好比说今天你回去就买《西游记》、看《西游记》，你就专门研究这个孙悟空，那里面有很多的哲学，文字也很有趣。我随便举个例子，西游记里面有一个妖怪叫做银角大王，银角大王他有一个魔瓶，这个瓶子他只要喊你的名字，你一答应，它就把你收进去了，你就被他收到瓶子里面去了。为什么呢？大家想想看，台湾有一个国民党的监察院院长，叫做钱复，听说没有？钱复！这个复字，是复兴中华民国、复兴中小学，那个复字。在中国古代，是单独表示一个意思，就是人死了以后，死了七天以后，他的家属站在房子的上面，站在比较高的地方，喊“复”！复是什么意思？复就是叫魂！人死了七天以后，他可能魂会回来，就喊他的名字，叫他的名字，叫魂，把他叫回来！这个动作叫做复！叫魂的动作，为什么要喊他的名字呢？就是人的名字代表他的灵魂！很多古今中外都是这样的，名字可以代表他的灵魂。很多人很迷信要改名字，要算笔划，为什么改名字？好比说我的前妻胡茵梦，本来是茵，是有草字头的，现在改成了没有草字头的原因的因。什么原因呢？就是迷信！所以这个名字，代表她的灵魂、代表她的幸福。,,042.2000年4月4日.txt,《大李敖全集6.0》分章节\011.李敖电子报\003.李敖送电集\042.2000年4月4日.txt,读书;分类;笔记,校对轮,已校对
LAT096-181,LAT096-258,李敖送电集,,联合国决议赶出的是蒋介石集团,知识,因为联合国里面，现在有中华民国，你们绝对想不到的，我们台湾就在联合国里面！联合国当年有一个2758号的决议书，根据这个决议书本来就包含台湾的，换句话说，我们有加入联合国的，只是被这个2758号决议书给赶出来的，是蒋介石的政权，取而代之的是大陆的“中华人民共和国”进了联合国。大家都以为台湾被赶出来了，错了！你看2758号决议书，台湾没有被赶出来！那个决议书英文写得很清楚，它赶出来的是蒋介石的集团！蒋介石的集团在联合国的2758号决议书给赶出来了！,,042.2000年4月4日.txt,《大李敖全集6.0》分章节\011.李敖电子报\003.李敖送电集\042.2000年4月4日.txt,联合国;2758号;中华民国,校对轮,已校对
LAT096-182,LAT096-260,李敖送电集,,出狱补偿心理会使色令智昏,情爱,答：这个问题问得很好！我可以告诉你们，我在国民党的军法监狱里面，做叛乱犯，坐了五年八个月。这五年八个月，对我是个恶梦！为什么是恶梦呢？就是，我三十五岁坐牢，那个时候人在生理上面还是很旺盛的事，坐到四十多岁才出来。出来以后，有一种心理会出现，这种心理就是要补偿我自己！要补偿！过去那几年之间，那五年八个月，我觉得我失掉了什么，好比说我跟女朋友的关系整个被冻结了，整个都没有了，觉得要补偿。这种补偿心理是坐过很久牢的人都会发生！好比说像印尼以前的国父，叫做苏卡诺，他出来以后讨了四个老婆，因为他坐了二十一年牢，出来以后讨了四个老婆。当然他是回教徒，他有资格讨四个老婆。,,043.2000年4月5日.txt,《大李敖全集6.0》分章节\011.李敖电子报\003.李敖送电集\043.2000年4月5日.txt,婚姻;补偿;胡茵梦,校对轮,已校对
LAT096-183,LAT096-261,李敖送电集,,三不原则经不起现实检验,情爱,我就挖苦他，什么叫不主动？不主动的时候，你就爬不到漂亮女孩子的身上，因为漂亮女孩子不会喜欢你！你不主动，就爬不到漂亮女孩子身上！第二点，你不拒绝，难看的女孩子就爬到你身上！第三个，你不负责，现在有DNA测试，一测试就知道，这小孩子是你的，你赖都赖不掉！所以我说他很笨，因为坐牢坐了太久了以后，坐了近二十六年，头脑都不灵光了！在我刚刚出狱的时候，也发生一个现象，就是“色令智昏”！一看到漂亮女孩子，虽然我是很精的、很聪明的，可是看到漂亮女孩子，自己的脑筋有一点点错乱，所以就明明知道那个女孩子虽然很漂亮，可是她不适合做太太的，不适合结婚的，我清楚的知道！我的智慧知道，可是我会做一件错的事情，就是跟她结婚了！那样的女孩子不是个好的太太！原因呢？她被惯坏了！,,043.2000年4月5日.txt,《大李敖全集6.0》分章节\011.李敖电子报\003.李敖送电集\043.2000年4月5日.txt,施明德;三不原则;DNA,校对轮,已校对
LAT096-184,LAT096-262,李敖送电集,,女人看男人更看内在条件,情爱,答：喔！谢谢你！你们今天不交学费，可以得到这么多的知识，运气很好！也没有买门票就看到我，运气很好！我可以告诉各位，我们男孩子其实不如女孩子！男孩子看女孩子是看脸蛋儿漂不漂亮？身材好不好？完全看表面的；女孩子看男孩子看得比较有深度，她看这个男孩子有没有学问、有没有幽默感、有没有责任感、有没有钱，女孩子看得很多，男孩子看得比较少！,,043.2000年4月5日.txt,《大李敖全集6.0》分章节\011.李敖电子报\003.李敖送电集\043.2000年4月5日.txt,女人;男人;学问,校对轮,已校对
LAT096-185,LAT096-263,李敖送电集,,审美眼光会被环境污染,文化,男人看女人，就看得比较单纯！所以，我答复你的问题就是说，我看女人比较单纯的，就是好不好看！可是我告诉你，我的审美眼光比你们好！为什么比你们好？因为你们现在审美眼光被污染了！为什么被污染呢？你们看看，台湾有很多很难看的东西，大家以为它很好看。好比说我们去公园，看到那种栏杆，水泥做的像个竹子一样的，上面画上那个竹子，难看无比！每一个公园都有！好比说陈水扁弄个扁帽工厂那个扁帽，那么难看的帽子戴在头上，这样大家以为好看，我们的审美眼光被破坏掉了！所以我的意思，台湾有很多美女，你们认为她不是！有很多丑八怪，你们认为是美女，证明你们的审美标准可能已经被污染了。,,043.2000年4月5日.txt,《大李敖全集6.0》分章节\011.李敖电子报\003.李敖送电集\043.2000年4月5日.txt,审美;美女;扁帽,校对轮,已校对
LAT096-186,LAT096-264,李敖送电集,,男女关系很少真正对等,情爱,答：我坦白告诉你，男女是不会平等的！男女的关系，不是男人欺负女人，就是女人欺负男人，很少对等的关系。这是悲哀！这个原因并不是因为是男人好或是女人不好，或者女人好男人不好的问题，而是生理上根本就是这样子的！人有很多坏的习惯，比如说喜新厌旧，比如说见异思迁，这是人性！好比说我李敖开了我买的奔驰320汽车，头一天开的时候我很高兴，可是开了一年下来，它对我的新鲜感就不一样了，就没有了！所以男女相处本身就是这样子！（2000/4/5）,,043.2000年4月5日.txt,《大李敖全集6.0》分章节\011.李敖电子报\003.李敖送电集\043.2000年4月5日.txt,男女;平等;人性,校对轮,已校对
LAT096-187,LAT096-265,李敖送电集,,领袖违法会让法律成工具,法权,三、上述三条巷道，既系依都市计划设置之公共设施用地，其未经依法变更用途前，无论基于任何理由，均不应有窃占私用之行为，否则政府率先示范违法，上行下效，国家法纪势必荡然无存，法律亦将成为少数特权阶级压榨黎民百姓之统治工具耳。,,043.2000年4月5日.txt,《大李敖全集6.0》分章节\011.李敖电子报\003.李敖送电集\043.2000年4月5日.txt,道路;特权;法律,校对轮,已校对
LAT096-188,LAT096-266,李敖送电集,,权力违法应向人民道歉,法权,“本事件在在显示总统官邸违法事实，纵经事后完全补救，亦不影响总统率先违法之实，何况其事后补救，漏洞百出。为图个人之方便，牺牲百姓通行权，造成民众之大不便，其目无法纪，使我国施行法治过程，蒙上国耻阴影，全体国人共感悲愤。为期疗伤止痛，本人吁请李登辉总统勇于担当，为其违法事实向全国人民道歉，立即停止辅选，免将国耻遗祸其省市长候选人，同时自我引咎辞职，警惕全国违法公职人员。亦为教导国人尊重法律，为示范推动法治国家，残留些许贡献。”,,044.2000年4月6日.txt,《大李敖全集6.0》分章节\011.李敖电子报\003.李敖送电集\044.2000年4月6日.txt,总统官邸;违法;道歉,校对轮,已校对
LAT096-189,LAT096-271,李敖送电集,,竞选承诺要由任后文件验证,方法,在这样斩钉截铁、信誓旦旦的政见保证下，台北市民相信了陈水扁，并且投票让他当选，结果呢，却迟迟没了下文，直到林美伦向监察院陈情后，监察院转问陈水扁市长，我们才得到真相和结论。我在下面，公布三件有关文件：,,045.2000年4月7日.txt,《大李敖全集6.0》分章节\011.李敖电子报\003.李敖送电集\045.2000年4月7日.txt,承诺;陈水扁;文件,校对轮,已校对
LAT096-190,LAT096-272,李敖送电集,,安全考量不能抹掉市民权益,法权,在上面陈水扁的覆文里，我们清楚的看到了陈水扁已明白表示“依市区道路条例规定及维护总统及其家属之安全考量，同意设置，实无不当之处”！把他在竞选时对人民的承诺早就忘得一干二净，并且无耻的只看到“总统及其家属之安全考量” ，眼中全无台北市民了。,,046.2000年4月10日.txt,《大李敖全集6.0》分章节\011.李敖电子报\003.李敖送电集\046.2000年4月10日.txt,安全;市民权益;巷道,校对轮,已校对
LAT096-191,LAT096-273,李敖送电集,,软脚虾市府会欺负百姓,法权,她说，为什么市府扫黄扫到面包店，经民众诉愿获判胜诉时，市府还可以一张行政命令，不准面包店复水复电，为何市府拆除十四、十五公园预定地上的违建户时，可以大言不惭说，是在改善都市环境，而完全不顾老荣民死活，却为了“总统安全”，对总统官邸占用巷道不闻不问，不予拆除，还主动提案，同意变更地目废巷，这实在无法令市民心服口服。,,046.2000年4月10日.txt,《大李敖全集6.0》分章节\011.李敖电子报\003.李敖送电集\046.2000年4月10日.txt,市府;老百姓;巷道,校对轮,已校对
LAT096-192,LAT096-274,李敖送电集,,食言而肥就是权力谄媚,人格,虽然如此引起公愤，可是陈水扁反正做上市长了，他才不在乎呢，他一路食言而肥了，悍然不理了，他只要谄媚李登辉及其家属就好了，谁还管台北市民呢？,,046.2000年4月10日.txt,《大李敖全集6.0》分章节\011.李敖电子报\003.李敖送电集\046.2000年4月10日.txt,食言;陈水扁;李登辉,校对轮,已校对
