id,source_id,book,round,status,category,title,description,source_file,source_paragraph,source_path,keywords
LAT076-001,LAT076-001,中国近代史新论,校对轮,已校对,方法,利玛窦靠适应策略进入中国,利玛窦出生的时候，正是方济各·沙勿略到达中国的时候。他年轻时候在罗马学法律，旁及自然科学。他在三十岁（明神宗万历十年，1582）到达中国的澳门开始传教。他是最懂得收揽人心的人，他知道如何先吸引人的好感和信任，而不是先刺激人。他起了中国的名字（号称利亚泰）、说中国话、吃中国菜、穿中国的衣服、读中国的典籍，甚至在家里都不挂圣母玛利亚的肖像。最后，他透过一个有权的宦官的帮助，在千辛万苦之下，终于向中国的皇帝“进攻”！,001.利玛窦和近代西学的东传.txt,8,《大李敖全集6.0》分章节/009.历史文化类/007.中国近代史新论/001.利玛窦和近代西学的东传.txt,"方法,利玛窦靠适应策略进入中国,利玛窦和近代西学的东传"
LAT076-002,LAT076-003,中国近代史新论,校对轮,已校对,政治,技术贡品换得居留空间,虽未得见皇上，但安居北京的目的则已达到。《明史》说：“帝嘉其远来，假馆授粲，给赐优厚。士卿以下，重其人，咸与晋接。利玛窦安之，遂留居不去。”,001.利玛窦和近代西学的东传.txt,22,《大李敖全集6.0》分章节/009.历史文化类/007.中国近代史新论/001.利玛窦和近代西学的东传.txt,"政治,技术贡品换得居留空间,利玛窦和近代西学的东传"
LAT076-003,LAT076-004,中国近代史新论,校对轮,已校对,文化,利玛窦影响自天子至庶人,在利玛窦进奉自鸣钟等礼物后一年，神宗皇帝又特准他在北京建筑教堂。于是他更有了公开传教的机会。经过三四年的岁月，利玛窦已在北京收了两百多个教徒。其中甚至有朝廷中的显宦如徐光启、李之藻、杨廷筠等人。可见他的影响是“自天子以至庶人”的。,001.利玛窦和近代西学的东传.txt,28,《大李敖全集6.0》分章节/009.历史文化类/007.中国近代史新论/001.利玛窦和近代西学的东传.txt,"文化,利玛窦影响自天子至庶人,利玛窦和近代西学的东传"
LAT076-004,LAT076-005,中国近代史新论,校对轮,已校对,方法,现身说法收揽人心,这些记述很可看出利玛窦在中国京城里如何在现身说法、如何收揽人心。,001.利玛窦和近代西学的东传.txt,33,《大李敖全集6.0》分章节/009.历史文化类/007.中国近代史新论/001.利玛窦和近代西学的东传.txt,"方法,现身说法收揽人心,利玛窦和近代西学的东传"
LAT076-005,LAT076-006,中国近代史新论,校对轮,已校对,方法,传教须接上中国道统,利玛窦不但自己传教，并且还影响中国士大夫，使他们帮助他说法，这一段过程是煞费苦心的，他的高明手法乃是他使人真的相信“其言多与孔孟合”，所以他的布教，是合于中国的传统的，是上承孔孟的道统的。艾儒略《大西利先生行迹》中有一段讲他“苦心学习”和影响中国士大夫的故事：,001.利玛窦和近代西学的东传.txt,34,《大李敖全集6.0》分章节/009.历史文化类/007.中国近代史新论/001.利玛窦和近代西学的东传.txt,"方法,传教须接上中国道统,利玛窦和近代西学的东传"
LAT076-006,LAT076-007,中国近代史新论,校对轮,已校对,知识,几何原本开启中西合译,徐光启跟利玛窦的过从，前后只不过三年，利玛窦就死了。但是他们却合作了一部著名的译本，就是《几何原本》。这部书是欧几里得（Euclid）《几何学》前六卷的译文，万历三十四年（1606）刻于北京，利玛窦有专文叙述译书的经过，收在罗光的《利玛窦传》里，利玛窦称徐光启是“保禄博士” ：,001.利玛窦和近代西学的东传.txt,40,《大李敖全集6.0》分章节/009.历史文化类/007.中国近代史新论/001.利玛窦和近代西学的东传.txt,"知识,几何原本开启中西合译,利玛窦和近代西学的东传"
LAT076-007,LAT076-008,中国近代史新论,校对轮,已校对,知识,几何原本开启纯理科学新页,这是中国人第一次接触近代的西方文明中的纯理科学一方面的文献，在历史上，真是划时代的大事，所以实在值得大书特书。,001.利玛窦和近代西学的东传.txt,43,《大李敖全集6.0》分章节/009.历史文化类/007.中国近代史新论/001.利玛窦和近代西学的东传.txt,"知识,几何原本开启纯理科学新页,利玛窦和近代西学的东传"
LAT076-008,LAT076-009,中国近代史新论,校对轮,已校对,文化,中西学人第一次大合作,这样子对利玛窦的颂歌，正反衬出这两个人那幅师友切磋的图画，也正反映出第一次中西学人的大合作。,001.利玛窦和近代西学的东传.txt,47,《大李敖全集6.0》分章节/009.历史文化类/007.中国近代史新论/001.利玛窦和近代西学的东传.txt,"文化,中西学人第一次大合作,利玛窦和近代西学的东传"
LAT076-009,LAT076-010,中国近代史新论,校对轮,已校对,知识,李之藻接受西方宇宙观,除了徐光启以外，另一个受利玛窦影响而从事于介绍西学的名人就是李之藻。李之藻字我存，在利玛窦进北京的时候，已在工部任要职，他对地理学本早就有兴趣，天资又高，他是东方人中第一个接受西方宇宙观念和天文学知识的人。利玛窦到北京时曾呈献山海舆地图，就是世界地图。李之藻听说了，大为高兴，特地去拜访利玛窦，他在艾儒略《职方外纪》一书的序文里追记道：,001.利玛窦和近代西学的东传.txt,49,《大李敖全集6.0》分章节/009.历史文化类/007.中国近代史新论/001.利玛窦和近代西学的东传.txt,"知识,李之藻接受西方宇宙观,利玛窦和近代西学的东传"
LAT076-010,LAT076-011,中国近代史新论,校对轮,已校对,知识,世界地图打破天下观,少年时，曾写有地理书（天下总形？）绘画中国十五省图，附加图解，以为天下尽其中，后来看到我们的山海舆地全图，才知道中国和天下相比，很是渺小。他的天资既高，立即领会我们所说的准确。我们给他讲地球为圆形，有两极，天则有十天，太阳和星辰都大于地球。这些议论别的人很难相信，他却都信以为真。因此，和我们成为莫逆之交，他在职务之暇，就来听我们讲授科学。,001.利玛窦和近代西学的东传.txt,52,《大李敖全集6.0》分章节/009.历史文化类/007.中国近代史新论/001.利玛窦和近代西学的东传.txt,"知识,世界地图打破天下观,利玛窦和近代西学的东传"
LAT076-011,LAT076-012,中国近代史新论,校对轮,已校对,方法,世界地图也迁就中国中心观,利玛窦的世界地图最有趣味的一点是，他为了博得中国人自我中心的中字观念，特地把这个地图改绘成以中国做世界中心，这一点，也颇可看出他的匠心与巧思。,001.利玛窦和近代西学的东传.txt,60,《大李敖全集6.0》分章节/009.历史文化类/007.中国近代史新论/001.利玛窦和近代西学的东传.txt,"方法,世界地图也迁就中国中心观,利玛窦和近代西学的东传"
LAT076-012,LAT076-013,中国近代史新论,校对轮,已校对,知识,中国人可造就西方科学,神父你可以看看这本书，你只要看看书上所有的图，你就可以知道这个民族的才智，可以知道他们对于我们的科学所能有的造就。,001.利玛窦和近代西学的东传.txt,62,《大李敖全集6.0》分章节/009.历史文化类/007.中国近代史新论/001.利玛窦和近代西学的东传.txt,"知识,中国人可造就西方科学,利玛窦和近代西学的东传"
LAT076-013,LAT076-015,中国近代史新论,校对轮,已校对,人格,传教士守道不阿得尊重,此外如瞿太素的入教，乃是在妻子死后把妾扶正才通过的（神父是黄明沙）。这些守道不阿的情形，无形中得到不少中国士大夫对天主教传教士的尊重。,001.利玛窦和近代西学的东传.txt,81,《大李敖全集6.0》分章节/009.历史文化类/007.中国近代史新论/001.利玛窦和近代西学的东传.txt,"人格,传教士守道不阿得尊重,利玛窦和近代西学的东传"
LAT076-014,LAT076-016,中国近代史新论,校对轮,已校对,政治,利玛窦死葬具有政治象征,利玛窦在中国第二十七年，死在北京，年五十八岁。他死后得到中国皇帝的赐葬，办丧事的庞迪我等传教士，当时在奏疏中要求“赐闲地亩余，或废寺闲房数间”，经皇帝准许后，他们特地找了十天，故意找到一座佛教的庙，把佛像敲碎，“殉葬”给利玛窦，这种作风很有政治的象征作用。正如利玛窦自己曾说过的：“在中国传教最好的方法，就是我死掉。”,001.利玛窦和近代西学的东传.txt,83,《大李敖全集6.0》分章节/009.历史文化类/007.中国近代史新论/001.利玛窦和近代西学的东传.txt,"政治,利玛窦死葬具有政治象征,利玛窦和近代西学的东传"
LAT076-015,LAT076-017,中国近代史新论,校对轮,已校对,知识,地心引力惊动中国人,这是很有趣味的文字，尤其其中谈到宇宙形状一段，最可看出当时中国人的知识程度，所谓“人足正相邻，盖下界者，如蝇虫倒行屋架上也” 一段，正说明了当时中国人对“地心引力”原理的惊叹。,001.利玛窦和近代西学的东传.txt,87,《大李敖全集6.0》分章节/009.历史文化类/007.中国近代史新论/001.利玛窦和近代西学的东传.txt,"知识,地心引力惊动中国人,利玛窦和近代西学的东传"
LAT076-016,LAT076-018,中国近代史新论,校对轮,已校对,方法,历象器算可取道术另辨,清朝初年张尔岐在他的《蒿庵闲话》里，也提到利玛窦，他赞扬利玛窦在“历象器算”一方面的长处，但是反对天主教的教理，所谓：“历象器算，是其所长，君子固当节取，若谓道术，吾自守吾家法可耳！ ”,001.利玛窦和近代西学的东传.txt,90,《大李敖全集6.0》分章节/009.历史文化类/007.中国近代史新论/001.利玛窦和近代西学的东传.txt,"方法,历象器算可取道术另辨,利玛窦和近代西学的东传"
LAT076-017,LAT076-019,中国近代史新论,校对轮,已校对,文化,利玛窦沟通中西文化,利玛窦的贡献，无疑的，是划时代的。他是近代沟通中西文化的第一个功臣。从他到中国开始，直到乾嘉时代清朝政府厉行禁教为止，西方近代的各种学术技艺如天文、历法、哲学、数学、物理、医学、地理、水利、建筑、音乐、美术等等，都开始进入这个古老的国家，并且逐渐使这个古老的国家接受这一切。同时，在“礼尚往还”方面，西方也得到了中国文化的一些“回敬”——中国的经典、中国的文化层面，也逐渐对西方有适度的影响。,002.惨刑与迫害.txt,3,《大李敖全集6.0》分章节/009.历史文化类/007.中国近代史新论/002.惨刑与迫害.txt,"文化,利玛窦沟通中西文化,惨刑与迫害"
LAT076-018,LAT076-020,中国近代史新论,校对轮,已校对,方法,文化互惠交流才是真历史,这一段近代文化的交流与互惠的历史，事实上是“真”的历史，因为它涉及两个文化的交绥和民族生活的改变，所以值得细述。,002.惨刑与迫害.txt,4,《大李敖全集6.0》分章节/009.历史文化类/007.中国近代史新论/002.惨刑与迫害.txt,"方法,文化互惠交流才是真历史,惨刑与迫害"
LAT076-019,LAT076-021,中国近代史新论,校对轮,已校对,知识,日食错误打开西法机会,利玛窦死后，在中国的传教士首先用天文学与历法巩固了他们的地位，征服了中国的人心。就在利玛窦去世这一年——明神宗万历三十八年（1610）， 十一月的日食送来了机会，中国的掌历法的官吏全都推算错了。第二年（1611）礼部疏请博求精通历学者来帮忙，于是传教士们便开始“得志” 了，《明史》上记载如下：,002.惨刑与迫害.txt,6,《大李敖全集6.0》分章节/009.历史文化类/007.中国近代史新论/002.惨刑与迫害.txt,"知识,日食错误打开西法机会,惨刑与迫害"
LAT076-020,LAT076-022,中国近代史新论,校对轮,已校对,政治,西法输入遭守旧派反击,但是，西方天文学和历法的输入并不是顺利的，它遭遇到不停的考验与阻力。到了明神宗万历四十四年（1616）——距正式输入才不过四五年，便发生了大风潮，徐如珂、沈(氵加隺)、晏文辉、余懋孳等守旧派，开始用一切办法来给传播西方新的天文学和历法的人予打击。这个打击的发动，一方面是由于传教士的操之过切——过切到连徐光启都要劝阻的程度，这自然更引起守旧者的借口了。,002.惨刑与迫害.txt,9,《大李敖全集6.0》分章节/009.历史文化类/007.中国近代史新论/002.惨刑与迫害.txt,"政治,西法输入遭守旧派反击,惨刑与迫害"
LAT076-021,LAT076-023,中国近代史新论,校对轮,已校对,政治,帽子手法栽诬传教士,从这封家书里，可以看到当时反对西方传教士的人士如何在用“戴帽子”的手法，来栽诬传教士们，栽诬他们是奸细（细作）。,002.惨刑与迫害.txt,13,《大李敖全集6.0》分章节/009.历史文化类/007.中国近代史新论/002.惨刑与迫害.txt,"政治,帽子手法栽诬传教士,惨刑与迫害"
LAT076-022,LAT076-024,中国近代史新论,校对轮,已校对,政治,政治事件成迫害借口,这两年多（1616—1618）的仇教运动，使传教士遭受了不少的迫害。可是这还没完，在明熹宗天启二年（1622），又来了一次迫害的高潮，这一年山东发生了白莲教的作乱，沈(氵加隺)乘机给基督的信徒戴了一顶大帽子，说基督的信徒是白莲教的党羽，于是，传教士们又来了大麻烦。,002.惨刑与迫害.txt,19,《大李敖全集6.0》分章节/009.历史文化类/007.中国近代史新论/002.惨刑与迫害.txt,"政治,政治事件成迫害借口,惨刑与迫害"
LAT076-023,LAT076-025,中国近代史新论,校对轮,已校对,政治,经济叛乱也可转嫁宗教,1616至1618年之间的教徒迫害，这本来是沈(氵加隺)和他的二三党徒之所掀起的，数年之后，大致已算平息。传教士们又都很谨慎，绝不惹人注意地从事他们惯例的工作，更为自澳门来的新教士们之所辅翼。但是仇视基督教徒的沈(氵加隺)，也改弦更张地更做了些新计划。1622年他达到了钻营的目的。因为在这一年里他受命入阁为“阁老”。恰切在这个时候，就又有一种可以借口重新攻击基督教的事变发生了出来。因为当时许多省区中，尤其是在山东，民间为经济的困苦之所逼迫，而不得不到了叛变流血地步。可是官吏一方面把这叛变的责任，都归之于白莲秘密教。而沈(氵加隺)竟借这种事变，诬基督教徒为白莲教之党羽。因此在南京对于基督教徒之迫害，就又暂时发动了起来。,002.惨刑与迫害.txt,20,《大李敖全集6.0》分章节/009.历史文化类/007.中国近代史新论/002.惨刑与迫害.txt,"政治,经济叛乱也可转嫁宗教,惨刑与迫害"
LAT076-024,LAT076-026,中国近代史新论,校对轮,已校对,人格,迫害中仍完成事业,上面这些举例都说明了传教士如何在遭受迫害，如何在迫害中努力完成他们的事业。,002.惨刑与迫害.txt,44,《大李敖全集6.0》分章节/009.历史文化类/007.中国近代史新论/002.惨刑与迫害.txt,"人格,迫害中仍完成事业,惨刑与迫害"
LAT076-025,LAT076-027,中国近代史新论,校对轮,已校对,方法,外来西学可以公开辩论,徐光启的奏疏里最重要的意思，是他指出西方这些外来货是“与儒家相合”的，只不过是与佛家道家不合而已，所以他建议来一个大辩论，由“儒学之臣”来评判孰是孰非，换句话说：西方的“陪臣”不怕挑战！,002.惨刑与迫害.txt,49,《大李敖全集6.0》分章节/009.历史文化类/007.中国近代史新论/002.惨刑与迫害.txt,"方法,外来西学可以公开辩论,惨刑与迫害"
LAT076-026,LAT076-028,中国近代史新论,校对轮,已校对,政治,驱逐传教士牵累西学事业,但是这个建议没有用，西方的“陪臣”终于被赶到澳门去，他们介绍西学的事业，因而也受到牵累了。,002.惨刑与迫害.txt,50,《大李敖全集6.0》分章节/009.历史文化类/007.中国近代史新论/002.惨刑与迫害.txt,"政治,驱逐传教士牵累西学事业,惨刑与迫害"
LAT076-027,LAT076-029,中国近代史新论,校对轮,已校对,知识,日食推动采行西法,又一次重大的转变是在1629年（明思宗崇祯二年），这一年的五月，日食，旧有的大统历、回历都算错了，徐光启乘机说动了皇帝，开始采行西法，参互考订，皇帝准许了。同年为了抵抗外患，需用枪炮，徐光启又说动了皇帝，准许驱逐到澳门去的传教士折回头来，帮助明朝政府制造新武器。,002.惨刑与迫害.txt,52,《大李敖全集6.0》分章节/009.历史文化类/007.中国近代史新论/002.惨刑与迫害.txt,"知识,日食推动采行西法,惨刑与迫害"
LAT076-028,LAT076-030,中国近代史新论,校对轮,已校对,文化,崇祯历书规范中西合作远景,从明思宗崇祯二年到八年（1629—1635），完成了一百多卷的著名历书——《崇祯历书》（又名《西洋新法历书》，入清后改叫《新法算书》），在这部书最后完成的时候，“中国教会之柱石”徐光启已经死了（他死在1633年11 月8日），但他已给这部中西学者合作的大著作规范了远景，那就是——“熔西洋之巧算，入大统之模型”。,002.惨刑与迫害.txt,53,《大李敖全集6.0》分章节/009.历史文化类/007.中国近代史新论/002.惨刑与迫害.txt,"文化,崇祯历书规范中西合作远景,惨刑与迫害"
LAT076-029,LAT076-031,中国近代史新论,校对轮,已校对,政治,新法仍遭守旧阻力,这部书完成以后，虽然宣付史馆并刊传四方，可是直到明朝亡国，还没正式采用这部书的方法来颁行天下，因为一波方平，一波又起，又遭遇到守旧派的阻力。这时守旧派的代表人物是郭正中与魏文魁。据张荫麟《明清之际西学输入中国考略》：,002.惨刑与迫害.txt,54,《大李敖全集6.0》分章节/009.历史文化类/007.中国近代史新论/002.惨刑与迫害.txt,"政治,新法仍遭守旧阻力,惨刑与迫害"
LAT076-030,LAT076-032,中国近代史新论,校对轮,已校对,政治,钦保天学是划时代大事,“明社屋”在1644年，崇祯皇帝吊死在煤山（就是现在故都的景山），年仅三十六岁。他在对传教士的态度上，是一个比较进步的皇帝，他在1638年1月，曾用汤若望进呈的望远镜，看了一次日食和月食，后来在1639年1月并曾亲笔题了“钦保天学”牌匾一方给耶稣会，这在中国历史上是划时代的大事，魏特《汤若望传》中有这样的记录：,002.惨刑与迫害.txt,57,《大李敖全集6.0》分章节/009.历史文化类/007.中国近代史新论/002.惨刑与迫害.txt,"政治,钦保天学是划时代大事,惨刑与迫害"
LAT076-031,LAT076-034,中国近代史新论,校对轮,已校对,知识,历法再次征服新皇帝,1644年，清朝来了，传教士汤若望们也留起了辫子。同时，传教士同样用天文学和历法做媒介，很快的征服了征服中国的新皇帝——清世祖顺治。,002.惨刑与迫害.txt,65,《大李敖全集6.0》分章节/009.历史文化类/007.中国近代史新论/002.惨刑与迫害.txt,"知识,历法再次征服新皇帝,惨刑与迫害"
LAT076-032,LAT076-035,中国近代史新论,校对轮,已校对,方法,宗教附会会给反对者口实,四年以后，到了1664年，传教士方面才开始反击杨光先，他们的书名叫《天学传概》。由利类思、安文思主持，用李祖白的名义发表。这部书的大意是说基督教是世界宗教中最古老又最完美的，中国古人最初也是信基督教的，他们的根据是“大秦景教流行中国碑”，并且认为中国的伏羲皇帝也是亚当的子孙，并且是从犹太国来的。且中国哲学跟赫赫之光的基督教学说比较起来，前者仅是萤火而已。,002.惨刑与迫害.txt,73,《大李敖全集6.0》分章节/009.历史文化类/007.中国近代史新论/002.惨刑与迫害.txt,"方法,宗教附会会给反对者口实,惨刑与迫害"
LAT076-033,LAT076-036,中国近代史新论,校对轮,已校对,政治,杨光先以阴谋论兴大狱,杨光先印了五千多份传单，又联合回教天算家、和尚、太监、辅政大臣等等，展开了大的风潮。1664年9月15日，杨光先正式向礼部呈上他的控告教会的文字，列举“叛乱犯”汤若望、南怀仁、利类思、安文思等，阴谋不轨，危害国家，并宣布这些传教士散布错误的历法与天算学说。这些传教士的共犯就是全国的各传教士，教堂就是发动阴谋的大本营，奉献的圣物就是发出的信号，受洗便是入党的暗号，而且在澳门有军事基地，有三万人马，时时刻刻准备杀入中国。且他们的历书上有“依西洋新法”等字样，实为对中国的侮辱。这五个字的后面或许有个欧洲王侯唆使的。……,002.惨刑与迫害.txt,75,《大李敖全集6.0》分章节/009.历史文化类/007.中国近代史新论/002.惨刑与迫害.txt,"政治,杨光先以阴谋论兴大狱,惨刑与迫害"
LAT076-034,LAT076-037,中国近代史新论,校对轮,已校对,法权,历法之争竟判凌迟,这场大狱闹了七个月，最后在1665年4月判决汤若望凌迟处死，最后总算开恩，只杀了五个人，汤若望被放出来，旧派完全得势。杨光先跑到汤若望教堂里，展开了捣毁的行动。到了这年11月，汤若望迁出了这个教堂，搬进去的新主人是——杨光先。,002.惨刑与迫害.txt,76,《大李敖全集6.0》分章节/009.历史文化类/007.中国近代史新论/002.惨刑与迫害.txt,"法权,历法之争竟判凌迟,惨刑与迫害"
LAT076-035,LAT076-038,中国近代史新论,校对轮,已校对,方法,旧历失败使西法复用,杨光先代替了汤若望的位置，做了钦天监的监正，吴明烜做了副手。可是到底旧历法又出了纰漏，南怀仁“依西洋新法”毕竟与自然现象吻合，于是“西洋人”又起用，重回钦天监。这段新旧两派最后的决斗情况，记载在《畴人传》的《南怀仁传》里，颇可看出当时旧派人士狼狈的状态：,002.惨刑与迫害.txt,78,《大李敖全集6.0》分章节/009.历史文化类/007.中国近代史新论/002.惨刑与迫害.txt,"方法,旧历失败使西法复用,惨刑与迫害"
LAT076-036,LAT076-039,中国近代史新论,校对轮,已校对,方法,不知推算不能掌钦天监,杨光先的巧辩到底是没用的，“不知推算”是不能做“钦天监”的监正的，所以当有人告他“推历候气，茫然不知，解送仪器，虚糜钱粮”的时候，他最后更难逃被革职的命运。杨光先在汤若望等被彻底昭雪后两个月死去，他的副手吴明烜亦被革职，还挨了四十杖。,002.惨刑与迫害.txt,80,《大李敖全集6.0》分章节/009.历史文化类/007.中国近代史新论/002.惨刑与迫害.txt,"方法,不知推算不能掌钦天监,惨刑与迫害"
LAT076-037,LAT076-040,中国近代史新论,校对轮,已校对,文化,排外理由阻不住西潮,这很明显的指出“宁可使中国无好历法，不可使中国有西洋人”的理由，但是这种理由，又怎么能阻止西潮的东来呢？,002.惨刑与迫害.txt,85,《大李敖全集6.0》分章节/009.历史文化类/007.中国近代史新论/002.惨刑与迫害.txt,"文化,排外理由阻不住西潮,惨刑与迫害"
LAT076-038,LAT076-041,中国近代史新论,校对轮,已校对,文化,奇巧惊叹伴随文明自惭,这些“真奇巧”“巧绝”“奇哉”的惊叹，正反映了当时中国人对西方文明的一种态度，并且对自己的文明古国，也未尝不有点老大自惭的感觉，所谓“奇哉创物智，乃出自蛮貊”也。,003.西化史的一章.txt,16,《大李敖全集6.0》分章节/009.历史文化类/007.中国近代史新论/003.西化史的一章.txt,"文化,奇巧惊叹伴随文明自惭,西化史的一章"
LAT076-039,LAT076-042,中国近代史新论,校对轮,已校对,文化,五线谱进入御定音乐典范,18世纪的第十三年（1713，康熙五十二年），一部御定的音乐典范出版了，这就是《律吕正义》。这部名著共分三编：上编：正律审音；下编：和声定乐；续编：协韵度曲。续编的卷一里，全部属西方乐理的范围，解析五线谱，当时把五线谱叫“五线谱界声”。,003.西化史的一章.txt,19,《大李敖全集6.0》分章节/009.历史文化类/007.中国近代史新论/003.西化史的一章.txt,"文化,五线谱进入御定音乐典范,西化史的一章"
LAT076-040,LAT076-044,中国近代史新论,校对轮,已校对,方法,中西画法差异可从明暗看出,这段话，颇能道出中国画与西方画画法的不同。,003.西化史的一章.txt,30,《大李敖全集6.0》分章节/009.历史文化类/007.中国近代史新论/003.西化史的一章.txt,"方法,中西画法差异可从明暗看出,西化史的一章"
LAT076-041,LAT076-045,中国近代史新论,校对轮,已校对,文化,委曲求全导致不中不西,这正说明了在美术上，当时西方传教士“委曲求全”的结果，竟闹成了四不像的窘局，成了不中不西又中又西的场面，自然难逃消沉之弊，这不但由于中西的画法根本不同、难于调和，甚至在审美观点上，也有很大的距离。试看柏应理《许太夫人传》中所说的一段：,003.西化史的一章.txt,47,《大李敖全集6.0》分章节/009.历史文化类/007.中国近代史新论/003.西化史的一章.txt,"文化,委曲求全导致不中不西,西化史的一章"
LAT076-042,LAT076-046,中国近代史新论,校对轮,已校对,文化,审美差异连着意识风俗,由此可见审美观点的不同，甚至与基本的意识形态、风俗习惯有极大的关联，无怪乎西方美术在输入一阵以后，终告中绝了。,003.西化史的一章.txt,49,《大李敖全集6.0》分章节/009.历史文化类/007.中国近代史新论/003.西化史的一章.txt,"文化,审美差异连着意识风俗,西化史的一章"
LAT076-043,LAT076-047,中国近代史新论,校对轮,已校对,文化,西洋楼具体象征西方文化,这个圆明园的建筑，主要是采取法国式和意大利式的混合，图式很自由，并不局限于西方建筑的哪一国的固定形式。它的艺术价值并不比它的另一个价值大——那就是由一二生手的西洋传教士，力学速成，带着一班生手的中国工人，努力完成了中西合璧的大园榭。尤其是圆明园中的“西洋楼”和“大水法”，更是象征西方文化的具体表示。,003.西化史的一章.txt,66,《大李敖全集6.0》分章节/009.历史文化类/007.中国近代史新论/003.西化史的一章.txt,"文化,西洋楼具体象征西方文化,西化史的一章"
LAT076-044,LAT076-048,中国近代史新论,校对轮,已校对,方法,传教士入境须通语言,西方传教士到中国来，“过路问禁，入境问俗”，自然不可不通晓中国的语言文字，自然研究中国语言文字的书籍也就应运而生。,003.西化史的一章.txt,71,《大李敖全集6.0》分章节/009.历史文化类/007.中国近代史新论/003.西化史的一章.txt,"方法,传教士入境须通语言,西化史的一章"
LAT076-045,LAT076-049,中国近代史新论,校对轮,已校对,文化,西字奇迹兼及中西语文,二十一年以后，利玛窦出版了他的《西字奇迹》一卷。这部书是用拉丁文来注汉字，刻于北京。这是一部划时代的兼及中西语文的作品。据费赖之《入华耶稣会士列传》：,003.西化史的一章.txt,75,《大李敖全集6.0》分章节/009.历史文化类/007.中国近代史新论/003.西化史的一章.txt,"文化,西字奇迹兼及中西语文,西化史的一章"
LAT076-046,LAT076-050,中国近代史新论,校对轮,已校对,知识,西儒耳目资开中西音韵学,又过了二十年（天启五年，1625）法国人特里戈（Nicolas Trigault）又撰了《西儒耳目资》三卷，天启六年（1626）在杭州有刻本问世。“中分三谱”，“以西洋之音通中国之音”，是为中西音韵学开山的著作。这部书比利玛窦编纂的字典来得清楚详赡。方豪《中西交通史》第五册中曾录特里戈致友人书说：,003.西化史的一章.txt,79,《大李敖全集6.0》分章节/009.历史文化类/007.中国近代史新论/003.西化史的一章.txt,"知识,西儒耳目资开中西音韵学,西化史的一章"
LAT076-047,LAT076-051,中国近代史新论,校对轮,已校对,政治,拉丁文进入中国条约政治,西洋语文在中国政治上发生影响最明显的，是用拉丁文来签条约。最早的《尼布楚条约》（康熙二十八年，1689）就是用拉丁文签订的，做译员的且是外国教士张诚和徐日昇。据钱良择《出塞纪略》：,003.西化史的一章.txt,82,《大李敖全集6.0》分章节/009.历史文化类/007.中国近代史新论/003.西化史的一章.txt,"政治,拉丁文进入中国条约政治,西化史的一章"
LAT076-048,LAT076-053,中国近代史新论,校对轮,已校对,文化,优势文明冲击仍会遭抵制,一个民族，在受到外来新奇文明的冲击的时候，都难免产生误会和抵制，即使被一个优势文明冲击的时候，落后文明仍然会有反动和阻力，何况中国民族本在文化上有着历史的基础，产生的反动和阻力，自然也就更大了。,004.祖法和历法.txt,2,《大李敖全集6.0》分章节/009.历史文化类/007.中国近代史新论/004.祖法和历法.txt,"文化,优势文明冲击仍会遭抵制,祖法和历法"
LAT076-049,LAT076-054,中国近代史新论,校对轮,已校对,文化,自大狂阻止虚心学习,此外一个重大的心理因素是一个国家的自大狂，自大狂使它产生卑视“四夷”的成见，自然视四夷之学为小技，自然不肯虚心去衡量评判，更不要谈去虚心学习了。,004.祖法和历法.txt,3,《大李敖全集6.0》分章节/009.历史文化类/007.中国近代史新论/004.祖法和历法.txt,"文化,自大狂阻止虚心学习,祖法和历法"
LAT076-050,LAT076-055,中国近代史新论,校对轮,已校对,政治,守旧派公式是道一风同,集这些反击和误会的大成的最早文献，就是徐昌治编的《圣朝破邪集》。中国的守旧派反对西化的基本公式，是主张中国文化要道一风同，要严夷夏之防，不可让洋鬼子来盗取神器，试看《圣朝破邪集》中沈(氵加隺)的话：,004.祖法和历法.txt,5,《大李敖全集6.0》分章节/009.历史文化类/007.中国近代史新论/004.祖法和历法.txt,"政治,守旧派公式是道一风同,祖法和历法"
LAT076-051,LAT076-056,中国近代史新论,校对轮,已校对,政治,抑邪崇正理由冠冕堂皇,这种“严邪正之禁”，“抑邪崇正，昭然定于一尊”的理由，是何等冠冕堂皇！“其为万世治安计，至深远也！”这是何等重要！,004.祖法和历法.txt,7,《大李敖全集6.0》分章节/009.历史文化类/007.中国近代史新论/004.祖法和历法.txt,"政治,抑邪崇正理由冠冕堂皇,祖法和历法"
LAT076-052,LAT076-057,中国近代史新论,校对轮,已校对,方法,研究误会更能理解史实,研究一下反击和误会的言论，更有助于我们对这一史实的了解。现在试以冲突的焦点——历法为例。中国的旧派历法家总是反对西方的新历法。反对的主要理由是西方新历法破坏了中国自尧舜以来的纲维统纪！沈(氵加隺)曾有这样的话：,004.祖法和历法.txt,8,《大李敖全集6.0》分章节/009.历史文化类/007.中国近代史新论/004.祖法和历法.txt,"方法,研究误会更能理解史实,祖法和历法"
LAT076-053,LAT076-058,中国近代史新论,校对轮,已校对,方法,旧派历法之争其实是祖宗战,这些“妄干天道”“玩侮中国”“毁尧舜相传之仪器”等论据，就是旧历维护者们的脆弱理由。当他们在事实上，再也抬不出优势的历法来抵抗的时候，他们便抬出祖宗，实行祖宗战。杨光先在和西洋人斗历法失败后，公然主张：“宁可使中国无好历法，不可使中国有西洋人！”斗法斗到这种程度，斗的是气，不是法了。以这种心态反对西化，又怎么不一败涂“天”呢？,004.祖法和历法.txt,14,《大李敖全集6.0》分章节/009.历史文化类/007.中国近代史新论/004.祖法和历法.txt,"方法,旧派历法之争其实是祖宗战,祖法和历法"
LAT076-054,LAT076-059,中国近代史新论,校对轮,已校对,政治,中国式谈判爱排场与武器,这样纠缠不清，拖了四十年。清朝大帝国的第二任皇帝康熙，终于忍不住了。1689年，康熙皇帝派出了八千官兵，浩浩荡荡，走了一个半月，出现在尼布楚，与俄国谈判。谈判要带这么多的人，外交史上可说破天荒。俄国人弄糊涂了，他们搞不清中国人到底要打仗还是要议和。俄国的代表因为交通不便，迟到了二十天，弄得空气更是紧张。最后协议面对面开会，双方各带七百六十人参加，但其中五百人须留在场外，只各带二百六十人入场，站在双方代表身后。俄国人不喜欢这样子，但是中国人坚持，只好这样。中国人谈判，喜欢拿武器的人站在身后，那样谈才过瘾。中国人觉得情势不利，谈判代表愈少愈好，少到最好一个人去，所谓“单刀赴会”；如果一旦情势有利，就喜欢全体出场，人人都是代表，有参与感。中国人谈判，有时候甚至自带水瓶，不喝对方的水，以免中毒。中国人在谈判上多疑，因为中国历史习惯上很喜欢杀谈判代表，虽有“两国交兵，不斩来使”的古训，但有的人认为对方太可恶了，杀一个少一个，所以照斩来使不误。或割掉来使的耳朵鼻子之类放回去，表示警告与泄愤。至于对方是否也会斩割中国的来使以为报复，中国人不大管。中国人有他单行道的国际公法，中国人不管那么多。,005.中国式谈判.txt,9,《大李敖全集6.0》分章节/009.历史文化类/007.中国近代史新论/005.中国式谈判.txt,"政治,中国式谈判爱排场与武器,中国式谈判"
LAT076-055,LAT076-060,中国近代史新论,校对轮,已校对,政治,尼布楚谈判中国只求划界,但中国人并不苛刻，他很宽大，尼布楚这一次谈判，中国人希望只是双方把国界要划清楚，不要像过去那样简直没有划清界限、分不清你的我的。俄国人喜欢的地，中国人从来没有看在眼里，因为太北了、太远了、太冷了，中国人只确定中国东北和今天俄国的阿穆尔省与滨海省是中国领土，其他都不计较，你们俄国人喜欢，就是你的。中国人所要确认的，只是八十万平方英里、比现在中国大一倍的地方，就够了。在自然地理条件上，整个的大东北角东面南面都有海为界，北面有山（大兴安岭）为界，已有国防上的完整，中国人就很满意。,005.中国式谈判.txt,10,《大李敖全集6.0》分章节/009.历史文化类/007.中国近代史新论/005.中国式谈判.txt,"政治,尼布楚谈判中国只求划界,中国式谈判"
LAT076-056,LAT076-061,中国近代史新论,校对轮,已校对,方法,康熙借上帝名义约束俄国,俄国人屈服。因为俄国的彼得大帝正忙着杀他儿子、用吊在窗前的死尸吓他姐姐，没工夫也没能力跟千万里外的中国皇帝斗法。1689年9月7日，俄国代表在一份俄文、一份拉丁文的约本上签了字、盖了章；中国代表在一份满文、一份拉丁文的约本上签了字、盖了章，签订后，两国代表起立，手持约本，各以自己皇帝之名，宣誓忠实遵守，并祈“无所不能的上帝，万物之主，作他们意志忠实的监视者”。同时双方军队鸣炮庆祝。张诚说，康熙帝曾有正式命令，要中国代表们以基督教的上帝之名宣誓，认为只有这样，才可以使俄国人永远遵守。所以这个约是经过鸣炮誓天的。中国人真是实际的民族，通权达变，伸缩自如，康熙皇帝为了整住野蛮人、为了叫野蛮人的上帝帮他整住野蛮人，不惜客串一下，叫自己的代表，临时信一下野蛮人的上帝！,005.中国式谈判.txt,12,《大李敖全集6.0》分章节/009.历史文化类/007.中国近代史新论/005.中国式谈判.txt,"方法,康熙借上帝名义约束俄国,中国式谈判"
LAT076-057,LAT076-062,中国近代史新论,校对轮,已校对,政治,和平换来帝国腐化时间,从此中国与俄国有了一百五十年的和平。中国人得到足够的时间，面朝南方，去把自己的帝国腐化。,005.中国式谈判.txt,13,《大李敖全集6.0》分章节/009.历史文化类/007.中国近代史新论/005.中国式谈判.txt,"政治,和平换来帝国腐化时间,中国式谈判"
LAT076-058,LAT076-064,中国近代史新论,校对轮,已校对,方法,打了胜仗仍未认清敌人,这段史论，充分说明了近代中国第一次跟俄国交兵，虽然打了胜仗，却未认清敌人的性质，和对付敌国应有的有效做法。,006.一页与老毛子的外交史.txt,19,《大李敖全集6.0》分章节/009.历史文化类/007.中国近代史新论/006.一页与老毛子的外交史.txt,"方法,打了胜仗仍未认清敌人,一页与老毛子的外交史"
LAT076-059,LAT076-065,中国近代史新论,校对轮,已校对,政治,尼布楚是中国第一个外国条约,康熙皇帝既给了索额图这样可以让步的“底牌”，自然在谈判时就不再多加坚持，于是在两名翻译的斡旋下，在四千中国军队的声威下，俄国方面终于签约，签约的时间是1689年9月7日（中国历七月二十四日，俄国历八月二十七日）——这是中国与外国订的第一个条约，就是《尼布楚条约》。,006.一页与老毛子的外交史.txt,37,《大李敖全集6.0》分章节/009.历史文化类/007.中国近代史新论/006.一页与老毛子的外交史.txt,"政治,尼布楚是中国第一个外国条约,一页与老毛子的外交史"
LAT076-060,LAT076-067,中国近代史新论,校对轮,已校对,方法,康熙巧用耶稣之名,叫老毛子们“奉主耶稣的名”来宣誓签约，这也算是康熙皇帝的巧思。,006.一页与老毛子的外交史.txt,51,《大李敖全集6.0》分章节/009.历史文化类/007.中国近代史新论/006.一页与老毛子的外交史.txt,"方法,康熙巧用耶稣之名,一页与老毛子的外交史"
LAT076-061,LAT076-068,中国近代史新论,校对轮,已校对,政治,划界与通商各取所需,《尼布楚条约》对中俄双方的重点是不同的：对中国来说是重在“划界”；对俄国来说，是重在“通商”。这个条约大体上使双方都达到了目的，并且给中俄两国带来了一百五十多年的和平局面。,006.一页与老毛子的外交史.txt,52,《大李敖全集6.0》分章节/009.历史文化类/007.中国近代史新论/006.一页与老毛子的外交史.txt,"政治,划界与通商各取所需,一页与老毛子的外交史"
LAT076-062,LAT076-070,中国近代史新论,校对轮,已校对,方法,界碑错误造成土地损失,康熙二十八年十二月，索额图等关于尼布楚立约的奏报到了北京以后，康熙帝遂命议政王、贝勒、大臣集议东北边疆善后的办法。他们提议应于额尔必齐河诸地立碑以垂永久，“勒满汉字及鄂罗斯、拉丁、蒙古字于上”，并于墨尔根及瑷珲设官兵驻防。这两件事都实行了。可惜界碑是中国单独立的，不是会同俄国立的。碑文不是条约全文，是条约的撮要。据俄国传教士Hyacinth的实地调查，在额尔必齐河畔的碑上，匠人竟把“兴安岭以北属俄国”误刊为“以南属俄国”。俄人以为是个好预兆，并且有几个界碑实非立在边界上。1844年，俄国国立科学会（Academy of Sciences）派了一位科学家米登道甫（Middendorf）到远东来调查。他发现中国所立的界碑，最北的不是在外兴安的山峰，是在急流河（Gilu）与精奇里河合流之处；最东北的不是在外兴安与乌特河之间，是在乌特河及土格尔（Tugur）之间，中国自动的放弃了二万三千平方英里的土地！,006.一页与老毛子的外交史.txt,56,《大李敖全集6.0》分章节/009.历史文化类/007.中国近代史新论/006.一页与老毛子的外交史.txt,"方法,界碑错误造成土地损失,一页与老毛子的外交史"
LAT076-063,LAT076-071,中国近代史新论,校对轮,已校对,政治,尼布楚真正失地更大,事实上，《尼布楚条约》失去的土地，并不止于因立界碑错误而损失的“二万三千平方英里（约六万平方公里）的土地” ！它的真正失地，严格的说，该在二十三万二千方公里以上！,006.一页与老毛子的外交史.txt,59,《大李敖全集6.0》分章节/009.历史文化类/007.中国近代史新论/006.一页与老毛子的外交史.txt,"政治,尼布楚真正失地更大,一页与老毛子的外交史"
LAT076-064,LAT076-073,中国近代史新论,校对轮,已校对,方法,约文含混来自想象地理,这十足说明了当时约文含混，山脉情况多从想象得之的可叹！,006.一页与老毛子的外交史.txt,63,《大李敖全集6.0》分章节/009.历史文化类/007.中国近代史新论/006.一页与老毛子的外交史.txt,"方法,约文含混来自想象地理,一页与老毛子的外交史"
LAT076-065,LAT076-074,中国近代史新论,校对轮,已校对,政治,强势谈判中失地而不自知,看了这些记录，我们真可得到一个怵目惊心的感觉！——中国在这个《尼布楚条约》中，竟在自己强兵压邻境的优势下，失去了这么多的土地，而当时犹不自知，这真是奇事了！,006.一页与老毛子的外交史.txt,67,《大李敖全集6.0》分章节/009.历史文化类/007.中国近代史新论/006.一页与老毛子的外交史.txt,"政治,强势谈判中失地而不自知,一页与老毛子的外交史"
LAT076-066,LAT076-075,中国近代史新论,校对轮,已校对,政治,通商夹带情报工作,自此以后，自1698年（康熙三十七年）到1718年（康熙五十七年），二十年内，俄国官商队共有十次到北京来，一方面通商，同时也做情报的工作。这种情形，最后因为准噶尔的问题而闹僵，以致终止。,006.一页与老毛子的外交史.txt,70,《大李敖全集6.0》分章节/009.历史文化类/007.中国近代史新论/006.一页与老毛子的外交史.txt,"政治,通商夹带情报工作,一页与老毛子的外交史"
LAT076-067,LAT076-076,中国近代史新论,校对轮,已校对,政治,雍正因政治斗争倾向俄国,雍正皇帝因为帝位继承的斗争，开始怀恨由海洋而来的耶稣会士而亲近喇嘛；正巧俄国的教士来自大陆，又号称喇嘛，自然讨得雍正皇帝的欢喜；再加上准噶尔的问题，更使雍正皇帝倾向用怀柔的政策来对付俄国。,006.一页与老毛子的外交史.txt,72,《大李敖全集6.0》分章节/009.历史文化类/007.中国近代史新论/006.一页与老毛子的外交史.txt,"政治,雍正因政治斗争倾向俄国,一页与老毛子的外交史"
LAT076-068,LAT076-077,中国近代史新论,校对轮,已校对,政治,恰克图失地源于不明地理,这个《恰克图条约》，在失地方面，达二十余万平方公里，比中国任何一省都要大。这次失地的主要原因是中国方面不明地理，而俄国方面又在事先先有周密准备，自然得收欺蒙之效。（俄国使臣萨瓦东来时候，随行有地理学专家，他们早就在中俄边境实地勘测过山川地图，并且还获得了有关清朝《皇舆全览图》的知识和情报！）,006.一页与老毛子的外交史.txt,85,《大李敖全集6.0》分章节/009.历史文化类/007.中国近代史新论/006.一页与老毛子的外交史.txt,"政治,恰克图失地源于不明地理,一页与老毛子的外交史"
LAT076-069,LAT076-078,中国近代史新论,校对轮,已校对,政治,俄国以武力教会通商三路侵略,这是俄国人“侵略三宝”的完满达成。它的三宝是：武力加东正教会加通商。清朝政府不但不知道“庙宇”“喇嘛”“留学生”的可怕，反倒加以津贴补助，真是匪夷所思！,006.一页与老毛子的外交史.txt,89,《大李敖全集6.0》分章节/009.历史文化类/007.中国近代史新论/006.一页与老毛子的外交史.txt,"政治,俄国以武力教会通商三路侵略,一页与老毛子的外交史"
LAT076-070,LAT076-079,中国近代史新论,校对轮,已校对,政治,清廷等于替俄国训练特务,这种无异由清朝政府代为训练俄国特务的做法，其流弊是源远流长的，吴相湘《俄帝侵略中国史》中有详细的史论：,006.一页与老毛子的外交史.txt,96,《大李敖全集6.0》分章节/009.历史文化类/007.中国近代史新论/006.一页与老毛子的外交史.txt,"政治,清廷等于替俄国训练特务,一页与老毛子的外交史"
LAT076-071,LAT076-080,中国近代史新论,校对轮,已校对,政治,萨瓦策划俄国东进政策,萨瓦这四项“远见”，在18世纪的俄国并未被得到积极的考虑与重视，但在19世纪的时候，俄国人终于发现了如何使用它们的方法了。无疑的，萨瓦是俄国东进政策的第一个策划者，并且是一个最成功的阴谋家，鉴往知来，这一段历史很值得我们重视！,006.一页与老毛子的外交史.txt,104,《大李敖全集6.0》分章节/009.历史文化类/007.中国近代史新论/006.一页与老毛子的外交史.txt,"政治,萨瓦策划俄国东进政策,一页与老毛子的外交史"
LAT076-072,LAT076-081,中国近代史新论,校对轮,已校对,法权,不懂外交就会承认领事裁判权,这次订约虽然中国方面声势很壮，但在第五条中仍然因不懂外交而失掉了可以不失掉的权益。所谓“两边人民交涉事件……本处属下人由本处治罪”等等，无异承认了俄国的“领事裁判权”，这是当时的中国官吏所难了解的现象。,006.一页与老毛子的外交史.txt,117,《大李敖全集6.0》分章节/009.历史文化类/007.中国近代史新论/006.一页与老毛子的外交史.txt,"法权,不懂外交就会承认领事裁判权,一页与老毛子的外交史"
LAT076-073,LAT076-082,中国近代史新论,校对轮,已校对,知识,乾隆时代西方发生大变化,清朝的乾隆皇帝在位时间是六十年（1736—1796），贯串了18世纪。在这个阶段，正是西方大变化的时期。其中包括了英法两国在欧、亚、美三洲殖民地的竞争，包括了美国的立国、包括了法国的大革命，并且，在这个世界上，发明了蒸汽机，造成了工业革命的基本动力。,007.被拆穿的纸龙.txt,2,《大李敖全集6.0》分章节/009.历史文化类/007.中国近代史新论/007.被拆穿的纸龙.txt,"知识,乾隆时代西方发生大变化,被拆穿的纸龙"
LAT076-074,LAT076-083,中国近代史新论,校对轮,已校对,文化,优势文化暴露中国败绩,这种威胁的基本原因实际上是一种优势文化，就是说，这是一种比中国文化更行的优势文化。在这种文化的猛扑下，中国固有文化已经逐渐暴露了失常与败绩。,007.被拆穿的纸龙.txt,4,《大李敖全集6.0》分章节/009.历史文化类/007.中国近代史新论/007.被拆穿的纸龙.txt,"文化,优势文化暴露中国败绩,被拆穿的纸龙"
LAT076-075,LAT076-084,中国近代史新论,校对轮,已校对,人格,可怕的是落后而不承认落后,落后并不可怕，可怕的是落后而死不肯承认自己落后。马嘎尔尼提到他劝中国士大夫当聘请外国的专门技师来协助发展科学，可是中国士大夫们却故步自封，毫不虚心改善。在《乾隆英使觐见记》里，这位英国特使曾向“福大人”说：,007.被拆穿的纸龙.txt,6,《大李敖全集6.0》分章节/009.历史文化类/007.中国近代史新论/007.被拆穿的纸龙.txt,"人格,可怕的是落后而不承认落后,被拆穿的纸龙"
LAT076-076,LAT076-086,中国近代史新论,校对轮,已校对,方法,礼节问题可透视心理模式,可见“三跪九叩之礼”是被看得多么严重！事实上，这个礼节问题也是当时中国人心理模式（pattern）的重要表征，用这个问题来透视，我们可以得到举一反三的了解。,007.被拆穿的纸龙.txt,12,《大李敖全集6.0》分章节/009.历史文化类/007.中国近代史新论/007.被拆穿的纸龙.txt,"方法,礼节问题可透视心理模式,被拆穿的纸龙"
LAT076-077,LAT076-087,中国近代史新论,校对轮,已校对,政治,整肃军容是不打自招,这一段诏谕后面，命令军队要“鲜明整肃”一点，更是不打自招的作伪手段，更是自欺欺人的手法了。,007.被拆穿的纸龙.txt,23,《大李敖全集6.0》分章节/009.历史文化类/007.中国近代史新论/007.被拆穿的纸龙.txt,"政治,整肃军容是不打自招,被拆穿的纸龙"
LAT076-078,LAT076-090,中国近代史新论,校对轮,已校对,政治,天朝被拆穿成纸龙,从此以后，“天朝”在“夷狄”的眼里，已经慢慢变成被拆穿的纸龙了！,007.被拆穿的纸龙.txt,30,《大李敖全集6.0》分章节/009.历史文化类/007.中国近代史新论/007.被拆穿的纸龙.txt,"政治,天朝被拆穿成纸龙,被拆穿的纸龙"
LAT076-079,LAT076-091,中国近代史新论,校对轮,已校对,政治,马嘎尔尼报告成为鸦片战争远源,四十七年以后，英国竟用一万五千名军队，放弃了一切平等谈判的方法，与这个“老大帝国”直接诉诸武力，并且打败了这个“老大帝国”。它的敢于如此“猖狂”，其中一个主要远源，自然得力于马嘎尔尼的报告。,007.被拆穿的纸龙.txt,31,《大李敖全集6.0》分章节/009.历史文化类/007.中国近代史新论/007.被拆穿的纸龙.txt,"政治,马嘎尔尼报告成为鸦片战争远源,被拆穿的纸龙"
LAT076-080,LAT076-092,中国近代史新论,校对轮,已校对,知识,林则徐看出船坚炮利危机,鸦片战争以后，中国的有识之士，开始觉悟到西方的现代文明才是中国的真正威胁。这种觉悟，首先是从西方的船坚炮利开始的。鸦片战争的“祸首” 林则徐在被发往新疆“效力赎罪”①的时候，写信给一个朋友，指出西方的大炮太厉害，我们的打不到他们，他们的已打到我们，不但打到我们，还放得比我们快。若没有这种大炮，就是古代名将岳飞韩世忠来，也没办法；百万大军，也没办法。并且中国军人打仗，要面对面，看到敌人才好打，如今敌人面都见不到，就打起来，战场老兵也没听说过②。他这种远见，已经明明看出中国武器的不行。但他虽然看出这种危机，却不敢公开说，只能偷着喊：“令岳韩束手，奈何！奈何！”最后结果是，没有人大声疾呼，中国没有改变。,008.此非彼辈所能知也！.txt,2,《大李敖全集6.0》分章节/009.历史文化类/007.中国近代史新论/008.此非彼辈所能知也！.txt,"知识,林则徐看出船坚炮利危机,此非彼辈所能知也"
LAT076-081,LAT076-093,中国近代史新论,校对轮,已校对,人格,胡林翼面对洋船忧愤吐血,于是，鸦片战争后二十年，英国又打进门来了，这次是英法联军。英法联军的火枪大炮一放，中国当时的岳飞韩世忠果然无法抵挡，当时的名将僧格林沁被打得落花流水，甚至偷着写信给英法公使谈和③。这个时候，新一代的有识之士，重新回到了二十年前的觉悟。当时的岳飞韩世忠之一胡林翼，一天到长江江边看地势，很得意的说太平军虽然强，可是消灭这种内乱没问题。忽然间，他看到两条洋船，“鼓轮西上，迅如奔马，疾如飘风”，他立刻“变色不语”，在回营的路上，他吐了血，几乎从马上摔下来，不久就死了。在他生前，有人问到西方船坚炮利的情形，他总是闭着眼睛，摇着手，不高兴，他说：“此非吾辈所能知也④！”,008.此非彼辈所能知也！.txt,3,《大李敖全集6.0》分章节/009.历史文化类/007.中国近代史新论/008.此非彼辈所能知也！.txt,"人格,胡林翼面对洋船忧愤吐血,此非彼辈所能知也"
LAT076-082,LAT076-095,中国近代史新论,校对轮,已校对,文化,中体西用是自慰理论,最后，有识的中国人，终于觉悟到要想船坚炮利，除了死心塌地的跟洋鬼子学，已经别无他法。但是，为了自慰，他们发明了一种怪论，这就是张之洞高叫的“旧（中）学为体，西学为用”论。此论在表面上，至少承认西学可供“采补”，至少想“择西学之所以补吾阙者用之，西政之可以起吾病者取之”。但是用尽管用，必得“西学先由中学”，孙家鼐的两句话，把这种理论的核心点破了。孙家鼐说中学包罗西学，不可以西学凌驾中学。”这就是他们骨子里的真精神！这种精神，事实上只是曾、左等人洋务理论的“建构化”。当然张之洞之流把它建构得很别致、很迷人，既维新又卫道，最适合焦灼状态下的国人的口味。顺着这种思路滑下来，在1935年出了一件怪事，就是盛极一时的“中国本位的文化建设宣言”，俗称“十教授宣言”。这十教授是：王新命、何炳松、武堉干、孙寒冰、黄文山、陶希圣、章益、陈高佣、樊仲云、萨孟武。他们在宣言里颇藐视中体西用的见解，但是他们笔下的“根据中国本位”“具有中国特征”，却正好是“中学为体”的盗版；“吸收欧美的文化……但须吸收其所当吸收”，却正好是“西学为用”的化身。这真是数典忘祖的大笑话了！据我看来，萨孟武诸公唯一比张之洞之流高明的，只是抬出一点“批判态度”来做取舍标准，而张之洞在这方面的念头似乎没有他们强烈。但是这一点并不重要，他们在“残基”（residues）上面和张之洞是完全一致的。他们真可说是“友天下曾经致力于党务之士，尚论古人”了。,008.此非彼辈所能知也！.txt,5,《大李敖全集6.0》分章节/009.历史文化类/007.中国近代史新论/008.此非彼辈所能知也！.txt,"文化,中体西用是自慰理论,此非彼辈所能知也"
LAT076-083,LAT076-096,中国近代史新论,校对轮,已校对,政治,中学为体最终只剩尸体,如今，国民党萨孟武诸公也老的老了、死的死了，他们在整天盼望买到美国新式飞机的老死大梦中，继续做着“中学为体，西学为用”的伴奏。唉！“中学为体”“中学为体”，他们的“中学”，最后只成为他们一具具的尸体而已！真正建设中国的真谛，此非彼辈所能知也！,008.此非彼辈所能知也！.txt,6,《大李敖全集6.0》分章节/009.历史文化类/007.中国近代史新论/008.此非彼辈所能知也！.txt,"政治,中学为体最终只剩尸体,此非彼辈所能知也"
LAT076-084,LAT076-097,中国近代史新论,校对轮,已校对,政治,皇帝虚名等于终身圈禁,在光绪皇帝死后，他入承大统，承嗣同治皇帝，又兼祧光绪皇帝，那时候只三岁。当皇帝，是要与家中亲人“划清界限”的，所以在光绪皇帝病重，西太后下令溥仪进宫的时候，他的祖母抱着他不肯放手，大哭说：“虽拥皇帝虚名，实等终身圈禁。”这一说法，倒是真的。一方面，溥仪“三岁进宫，到了十一岁才认得自己的祖母和母亲”；一方面，溥仪间歇做着拥虚名的皇帝、辗转做着得实祸的囚犯，“实等于终身圈禁”。这一情况，直到他五十四岁时，才得开朗。1960年，共产党把他派为中国科学院植物研究所北京植物园园丁，他才正式脱离了当皇帝的祸福，正式当上了平民。,009.《末代皇帝研究》前言.txt,3,《大李敖全集6.0》分章节/009.历史文化类/007.中国近代史新论/009.《末代皇帝研究》前言.txt,"政治,皇帝虚名等于终身圈禁,末代皇帝研究前言"
LAT076-085,LAT076-098,中国近代史新论,校对轮,已校对,方法,溥仪是帝王浮沉的强样本,“末”是中国传统的戏剧角色名目，一般演中年以上男子。元曲中本以“末”与“旦”为当场正角，到了传奇至昆曲，又以“生”“旦”对立为正角，但以“末”开场。所以从字面上看，“末”像收尾，但其作用，又是开场。末代皇帝溥仪这个人，是中国帝王之“末”，但又何尝不是中国平民之“末”？此人的象征意义，真是古之所无、今之绝有。他从帝王转为囚犯，再从囚犯转为平民的过程，最富传奇性。研究这一个人，无异研究了最好的取样，他是人类浮沉对比最强烈的缩影。,009.《末代皇帝研究》前言.txt,4,《大李敖全集6.0》分章节/009.历史文化类/007.中国近代史新论/009.《末代皇帝研究》前言.txt,"方法,溥仪是帝王浮沉的强样本,末代皇帝研究前言"
LAT076-086,LAT076-099,中国近代史新论,校对轮,已校对,文化,溥仪人生是奇中之奇,《清史稿·宣统皇帝本纪》中记溥仪在辛亥革命后和平交出政权，“遂开千古未有之奇”。其实那时溥仪年仅六岁，开千古未有之奇的，还在后头。后头的五十六年中的千变万化，才真正是千古未有之奇，并且还是奇中奇呢！奇到最后，以前半生反革命之人，竟归骨于“北京八宝山革命公墓”，人间的变动无常、波谲云诡，还有比溥仪更“末”的吗？,009.《末代皇帝研究》前言.txt,5,《大李敖全集6.0》分章节/009.历史文化类/007.中国近代史新论/009.《末代皇帝研究》前言.txt,"文化,溥仪人生是奇中之奇,末代皇帝研究前言"
LAT076-087,LAT076-100,中国近代史新论,校对轮,已校对,写作,末代皇帝历史也是未来新页,正因为溥仪此人的象征意义，真是古之所无、今之绝有，所以我编出这本书，以存信史、以昭来兹。虽然末代皇帝已进入历史，但是这一历史，却正是未来的新页。——会读书的人，必然能在这本书中找到他的新页。,009.《末代皇帝研究》前言.txt,6,《大李敖全集6.0》分章节/009.历史文化类/007.中国近代史新论/009.《末代皇帝研究》前言.txt,"写作,末代皇帝历史也是未来新页,末代皇帝研究前言"
LAT076-088,LAT076-101,中国近代史新论,校对轮,已校对,人格,科学新境界推动革命志,1894年中日甲午之战，史坚如十五岁，看到中国丧师割地，愤激说：“大厦覆矣，孰尸其咎？某血性男子，乃背戴民贼以取僇乎？吾将行吾志矣！”又说：“今日中国，正如千年破屋，败坏不可收拾，非尽毁而更新之不为功。”这显然已志在革命；1898年戊戌政变，史坚如十九岁，看到中国在独裁者统治下倒行逆施，更形愤激，说：“天下坏了，此老妇（指西太后）真可杀！”革命之志更决。于是想尽散家财，招募豪杰，以图大举，但以家财有限，孤掌难鸣，无法如愿。乃先进美国人在广州所设的格致书院（岭南大学前身）读书。课目中有物理、化学、天文、地理、数学等科学，与过去在私塾学的试帖八股一类的旧东西，完全不同。尤其是对化学一科，最感兴趣，悉心研究。校中掌教尹士嘉，见他绝顶聪明，能举一反三，特别对他器重。从此史坚如别开一新境界，得知西洋科学文明及世界潮流，并深信革命主张的正确。在课余之暇，即鼓吹革命排满，与同学互相策励。,010.史坚如和他的口供真相.txt,4,《大李敖全集6.0》分章节/009.历史文化类/007.中国近代史新论/010.史坚如和他的口供真相.txt,"人格,科学新境界推动革命志,史坚如和他的口供真相"
LAT076-089,LAT076-102,中国近代史新论,校对轮,已校对,政治,革命须联络会党扩大势力,不久，史坚如为便于行动起见，与兄妹劝母亲迁居澳门。变卖部分家产，约得万余金，全部用来结交江湖侠士、草泽英雄。不数月间，自珠江以至长江一带的会党首领，几乎莫不相识。后来结交到日本志士高桥谦等人。那时高桥谦等在广州设立东亚同文会，暗中与革命党搭线，史坚如透过他们，到香港会晤了陈少白、杨衢云等革命党，加入了兴中会。入会后转回武汉，观察长江形势，结交两湖会党。再到上海东渡，在日本会孙中山。归国后即溯江西上，再至武汉，对会党作进一步联络。想把湘鄂闽粤的会党，都联合一气，并入兴中会，以扩大革命势力。长江一带的会党，对他豪迈的态度和透彻的革命理论，都为之心折，表示欢迎。他见接洽联络工作已告一段落，便回到广州，运动绿林防营起义。,010.史坚如和他的口供真相.txt,5,《大李敖全集6.0》分章节/009.历史文化类/007.中国近代史新论/010.史坚如和他的口供真相.txt,"政治,革命须联络会党扩大势力,史坚如和他的口供真相"
LAT076-090,LAT076-103,中国近代史新论,校对轮,已校对,人格,史坚如受刑仍不连累同志,史坚如一击不中后，决定重来一次，乃找同志胡心泉计划。胡心泉以此案发生，清廷必下令限期破案，力劝史坚如火速离开广州，暂避风头。可是那天适为星期日，轮船停驶，不能离去；而各要道码头，已遍布暗探兵勇。次晨九月初七日（1900年10月29日），史坚如准备搭船赴港暂避。不料行近港船码头时，忽被介字营勇拦路截阻，不问情由，把他拥入轿中，一溜烟抬到督署，番禺县令裴景福亲率衙役在他身上搜查，搜出德文炸药配制法单一纸，又传后楼被炸人刘某到署指认。裴景福见已抓到真据实犯，想借此穷讯党情，大捕党羽，便对史坚如故示优礼，不用刑具，仅派兵勇严密看守，日以甘言蜜语，诱他供出党内实情。史坚如自分必死，绝不连累同志，每天在狱中嬉笑玩弄，状若无事。审问时，只说自己谋炸德寿是实，不言其他。如此审问好几次，毫无结果。裴景福知其不可动，便用刑求，可是史坚如不发一言。裴景福又提出一名单，上列四十余人，多为党中有声望者，迫令供认。史坚如复摇头佯作不知，虽被用尽非刑，如拔去手足指甲，用火烫烙等等，终未供出。到了九月十八日（1900年11月9日），就被绑至天字码头斩首，时年二十一岁。,010.史坚如和他的口供真相.txt,8,《大李敖全集6.0》分章节/009.历史文化类/007.中国近代史新论/010.史坚如和他的口供真相.txt,"人格,史坚如受刑仍不连累同志,史坚如和他的口供真相"
LAT076-091,LAT076-104,中国近代史新论,校对轮,已校对,方法,口供真相须由亲闻订正,秦孝仪发行、近代中国出版社出版的《先烈先进图像文物集珍》（第一辑）中有史坚如供词图片，上有“泼墨”，说是“先烈被捕后之供词，因语多诋满，清吏泼墨掩盖”，事实上，这是不正确的。据陆丹林《革命史谭》，明说后来辛亥光复，供词原稿，由毛文明在南海县署档案中寻出，转交高剑父。剑父以这张供词，是由县署书记笔录，虽有史的指模和埋炸药布置的地图，但当时为着环境关系，笔记的自然有些不尽不实和掩饰的话杂入。然而这种珍贵史实，又不忍把它湮没不彰。于是在制版发表《真相画报》之前，因利乘便，随手就把红油墨泼在供词上，使一部分不妥的句语，给油墨所掩没，外间不知原委的，估量是史烈士的血迹所染，那是猜错了。”陆丹林这一记述，得自亲闻于高剑父，当可确信。,010.史坚如和他的口供真相.txt,11,《大李敖全集6.0》分章节/009.历史文化类/007.中国近代史新论/010.史坚如和他的口供真相.txt,"方法,口供真相须由亲闻订正,史坚如和他的口供真相"
LAT076-092,LAT076-106,中国近代史新论,校对轮,已校对,政治,拔根本枝叶自萎,辛亥革命后，清廷由宗社党头子良弼带头，反对皇上及“老贼”退位退职。革命党无奈，要彭家珍回四川搞革命，彭家珍不肯，他说北京为满虏根据地，四川枝叶也，拔其根本，枝叶自萎，吾愿任其难，四川之行，非吾意也!”于是决心行刺良弼以杀鸡儆猴。革命元老冯自由《彭家珍传》写彭家珍,011.北京召开“辛亥革命烈士彭家珍学术研讨会”志感.txt,4,《大李敖全集6.0》分章节/009.历史文化类/007.中国近代史新论/011.北京召开“辛亥革命烈士彭家珍学术研讨会”志感.txt,"政治,拔根本枝叶自萎,北京召开辛亥革命烈士彭家珍学术研讨会"
LAT076-093,LAT076-107,中国近代史新论,校对轮,已校对,政治,刺杀良弼促成退位,良弼死后，满朝文武吓坏了，没人再敢坚持皇帝和“老贼”不退了，中国的革命，于焉告成。,011.北京召开“辛亥革命烈士彭家珍学术研讨会”志感.txt,6,《大李敖全集6.0》分章节/009.历史文化类/007.中国近代史新论/011.北京召开“辛亥革命烈士彭家珍学术研讨会”志感.txt,"政治,刺杀良弼促成退位,北京召开辛亥革命烈士彭家珍学术研讨会"
LAT076-094,LAT076-108,中国近代史新论,校对轮,已校对,人格,反对要光明磊落勇往直前,我们回想八十年前志士仁人的自我牺牲故事，使我们深切感到：要皇帝和“老贼”退位退职，他们用的方法是那样干净利落、那样勇往直前。他们不来什么呼号、抗议、静坐、绝食，更不会学日本浪人头戴布条做什么民主死亡的治丧秀。他们身为大丈夫，做的是大丈夫的事，要反对就光明磊落慷慨激昂的反对。反看今天的台湾大小英雄，所作所为，全是粉拳绣腿的小把戏，非但不是大丈夫，连小丈夫都赶不上，女人女人女人女人而已！,011.北京召开“辛亥革命烈士彭家珍学术研讨会”志感.txt,7,《大李敖全集6.0》分章节/009.历史文化类/007.中国近代史新论/011.北京召开“辛亥革命烈士彭家珍学术研讨会”志感.txt,"人格,反对要光明磊落勇往直前,北京召开辛亥革命烈士彭家珍学术研讨会"
LAT076-095,LAT076-110,中国近代史新论,校对轮,已校对,写作,党人私见不该禁绝野史,左舜生此论，可谓公允，亚伯终生尽瘁革命，晚不得志，甚至著一野史亦不准其流行，党人私见逼人，可谓深矣，读丘逢甲诗：,012.《武昌革命真史》书后.txt,14,《大李敖全集6.0》分章节/009.历史文化类/007.中国近代史新论/012.《武昌革命真史》书后.txt,"写作,党人私见不该禁绝野史,武昌革命真史书后"
LAT076-096,LAT076-111,中国近代史新论,校对轮,已校对,政治,反对派也会被国民党调教,去年4月7日，我在日记上写：“平景来电。说大陆上中共取得政权后，许多同志都嘴脸毕露；可是‘台独’和党外许多同志，还没取得政权就嘴脸毕露了。”为什么“台独”和党外许多同志会这样忘恩负义，这样小格局、小家子气呢？追究起来，这实在和国民党多年调教有关。国民党本身就是一个“忘恩负义”的党，它在取得政权后，对自己人曾展开大整肃，多少老革命党被“党内主流派”开除的开除、脚镣的脚镣，这种鼠肚鸡肠，“台独”和党外人士却青出于蓝，他们尚未取得政权，就对自己人展开大整肃了：排挤的排挤、诽镑的诽谤、伤害的伤害……花样百出，国民党都瞠乎其后。“台独”和党外人士为什么这样青出于蓝国民党呢？这是因为他们一方面受调教于国民党，一方面又是台湾人的缘故。台湾人固有高人，但绝大多数是混蛋懦种，且无情无义。在这方面，是中国人之冠。台湾人是在是最劣等中国人的代表，比浙江人还浙江人。当然此处所说的台湾人，包含生在台湾的外省人在内，这种外省人一旦有头有脸的进入所谓庙堂，无情无义，“前进”得惊人，比台湾人还台湾人呢！,013.乱世陈家泪.txt,2,《大李敖全集6.0》分章节/009.历史文化类/007.中国近代史新论/013.乱世陈家泪.txt,"政治,反对派也会被国民党调教,乱世陈家泪"
LAT076-097,LAT076-113,中国近代史新论,校对轮,已校对,法权,没有出版法便以大逆罪办报,《苏报》转向以后，革命言论大开，1903年，章太炎在《驳康有为书》里有“载湉（光绪皇帝的名字）小丑，未辨菽麦”的言论；章行严在《读革命军》里有“今日革命者必不能不经之一途”的言论。满清政府吃不消了，就大喊拿人。虽然大喊拿人，可是不得洋鬼子同意，对租界地区，拿不进去。于是满清政府跟洋鬼子打商量，洋鬼子也买几分账，但一看满清政府的严刑峻法，却不能赞同。原来满清政府“宽大”得没有“出版法”，只有“造妖书妖言”“大逆不道”等的罪名，要用这些法律办人，洋鬼子是不答应的。于是，最后由洋鬼子代办罚人：章太炎判三年、邹容判两年。后来邹容在狱中牺牲了。,013.乱世陈家泪.txt,5,《大李敖全集6.0》分章节/009.历史文化类/007.中国近代史新论/013.乱世陈家泪.txt,"法权,没有出版法便以大逆罪办报,乱世陈家泪"
LAT076-098,LAT076-114,中国近代史新论,校对轮,已校对,人格,陈范革命到妻离妾嫁,可见他参与革命，不遗余力。辛亥革命成功后，陈范在《太平洋报》《民主报》任职，不久就南归上海。这时他已革命革得妻离妾嫁、子死孙殇。独自一人，窝居在上海宝安里，穷愁療倒，晚景凄凉。老同志蔡元培看不过去，乃以前教育部总长蔡、前北京大学校长章、前安徽都督孙毓筠身份，呈文政府，指出：,013.乱世陈家泪.txt,9,《大李敖全集6.0》分章节/009.历史文化类/007.中国近代史新论/013.乱世陈家泪.txt,"人格,陈范革命到妻离妾嫁,乱世陈家泪"
LAT076-099,LAT076-115,中国近代史新论,校对轮,已校对,政治,政府负贤者非建国之祥,虽然这样努力，但是，中华民国政府却置之不理。陈范衰病侵寻，终在1913年死去，时年五十四岁。柳亚子说：“贤者不负天下，而天下负贤者，非建国之祥！”悲夫！,013.乱世陈家泪.txt,11,《大李敖全集6.0》分章节/009.历史文化类/007.中国近代史新论/013.乱世陈家泪.txt,"政治,政府负贤者非建国之祥,乱世陈家泪"
LAT076-100,LAT076-116,中国近代史新论,校对轮,已校对,人格,陈撷芬以仅存钱财义助革命,报毁之后，梦坡十年亡命，困踬以终，不闻有何怨言；且其倾赀扶助革命之精神，始终如一。《国民日日报》受窘，其如撷芬手挈家中仅存之番银二百版，含笑而至。此老父女之厚德可风。惜吾党知之者不多。,013.乱世陈家泪.txt,13,《大李敖全集6.0》分章节/009.历史文化类/007.中国近代史新论/013.乱世陈家泪.txt,"人格,陈撷芬以仅存钱财义助革命,乱世陈家泪"
LAT076-101,LAT076-117,中国近代史新论,校对轮,已校对,政治,革命成功后贤者仍被遗忘,《国民日日报》是革命党接替《苏报》而办的报纸，“发刊未久，风行一时，时人咸称《苏报》第二”。陈撷芬在自家的报纸被封后，仍旧以“仅存之番银二百版，含笑而至”，义助革命事业，这种可敬可爱的故事，真是动人极了。陈撷芬后来嫁给杨俊（四川人），一起留学美国，在革命成功后不言中华民国之禄，中华民国之禄亦弗及，“贤者不负天下，而天下负贤者，非建国之祥！”又多一例矣！,013.乱世陈家泪.txt,14,《大李敖全集6.0》分章节/009.历史文化类/007.中国近代史新论/013.乱世陈家泪.txt,"政治,革命成功后贤者仍被遗忘,乱世陈家泪"
LAT076-102,LAT076-118,中国近代史新论,校对轮,已校对,方法,史料应该彼此串连,这封信的原迹，我特别找出来，与这篇文章合并，这是最该有的一种资料串连。从这种串连里，我们可以看到：黄兴父子如何有功于中华民国的建立。,014.黄门鼓吹.txt,26,《大李敖全集6.0》分章节/009.历史文化类/007.中国近代史新论/014.黄门鼓吹.txt,"方法,史料应该彼此串连,黄门鼓吹"
LAT076-103,LAT076-119,中国近代史新论,校对轮,已校对,政治,国民党放大自己缩小异己,稍知中国现代史的人，都知道中华民国的建立，黄兴是孙文以外第一功臣，但在国民党写的历史上和表现的尊敬上，显然比例不对。国民党的做法有两种，一种是“放大”，一种是“缩小”。“放大”方面，章炳麟在《中华民国开国前革命史》的序中已经评论：“自民国九年以后，知当时实事者已少，夸诞之士，乃欲一切笼为己有，亦曷足怪乎？”这就是说，不是国民党的丰功伟绩，也被国民党大而化之了；“缩小”方面，我们看不到黄兴、蔡锷等伟人的纪念像与纪念路，看到的反倒是“吴敬恒像”“于右任像”“史迪威公路”“罗斯福路”“麦克阿瑟公路”……把黄兴、蔡锷等的尊敬，真不知“缩小”到哪儿去了！这又如何教人心服呢？对“不对自己胃口”的伟人，就可以这样吗？,014.黄门鼓吹.txt,27,《大李敖全集6.0》分章节/009.历史文化类/007.中国近代史新论/014.黄门鼓吹.txt,"政治,国民党放大自己缩小异己,黄门鼓吹"
LAT076-104,LAT076-120,中国近代史新论,校对轮,已校对,方法,伟大铜像背后要追问真相,这里所谓“大家对这位中国近代的伟大哲人都感到无限的敬佩”，我真不知“敬佩”些什么！如果“大家”对吴稚晖的历史略有所知，我想纵有“敬佩”，也将胃口倒尽了。铜像立在那里，眼看二十年了，二十年下来，多少折戟沉沙更累积了、更埋没了，就让我们从这座刻意矗立的“伟大”里，探索一点历史的真相吧。,015.砸掉那铜像！.txt,9,《大李敖全集6.0》分章节/009.历史文化类/007.中国近代史新论/015.砸掉那铜像！.txt,"方法,伟大铜像背后要追问真相,砸掉那铜像"
LAT076-105,LAT076-122,中国近代史新论,校对轮,已校对,方法,查《苏报》可见嘴巴革命也假,现在我复查1903年的《苏报》记录，只看到吴稚晖当时演说的内容是大谈体育③，谈体育总不是“革命”吧？由此可见，当年吴稚晖以行动革命，固不是真；以嘴巴革命，也全是假，革命、革命，原来革的是这样的命！,015.砸掉那铜像！.txt,14,《大李敖全集6.0》分章节/009.历史文化类/007.中国近代史新论/015.砸掉那铜像！.txt,"方法,查苏报可见嘴巴革命也假,砸掉那铜像"
LAT076-106,LAT076-123,中国近代史新论,校对轮,已校对,政治,吴稚晖为钱可以不讲原则,“宗仰”就是“黄宗仰”，就是“乌目山僧”，吴稚晖欲透过乌目山僧向上海犹太富翁哈同和他夫人罗迦陵女士搞钱，所以不讲原则，把中国教育会移给了和尚！（1937年蔡元培写《记宗仰上人轶事》，对这和尚有很公道的评论。）,015.砸掉那铜像！.txt,20,《大李敖全集6.0》分章节/009.历史文化类/007.中国近代史新论/015.砸掉那铜像！.txt,"政治,吴稚晖为钱可以不讲原则,砸掉那铜像"
LAT076-107,LAT076-124,中国近代史新论,校对轮,已校对,写作,革命机关报功劳另有人,《苏报》走向“排满兴汉之激烈言论，高唱入云”，并不是“蔡孑民吴稚晖”之功，而是另有其人，此人是四川出生的一个小兄弟，他的名字，叫邹容。,015.砸掉那铜像！.txt,30,《大李敖全集6.0》分章节/009.历史文化类/007.中国近代史新论/015.砸掉那铜像！.txt,"写作,革命机关报功劳另有人,砸掉那铜像"
LAT076-108,LAT076-126,中国近代史新论,校对轮,已校对,人格,知识力量起而抗暴,章太炎以他无与伦比的知识力量，起而抗暴，的确不可思议，也的确令满清头疼。正在这时候，比他小十八岁的邹容到了上海，他们气味相投，就干脆拜起把兄弟来了，章太炎《自订年谱》三十六岁条下回忆：,015.砸掉那铜像！.txt,44,《大李敖全集6.0》分章节/009.历史文化类/007.中国近代史新论/015.砸掉那铜像！.txt,"人格,知识力量起而抗暴,砸掉那铜像"
LAT076-109,LAT076-128,中国近代史新论,校对轮,已校对,写作,《革命军》功劳可比《常识》,从上面这些举例里，我们不难感到邹容的《革命军》，对革命的功劳之大，比起美国革命前夜的潘恩（Thomas Paine）的《常识》（Common Sense），真有过之而无不及了。,015.砸掉那铜像！.txt,55,《大李敖全集6.0》分章节/009.历史文化类/007.中国近代史新论/015.砸掉那铜像！.txt,"写作,革命军功劳可比常识,砸掉那铜像"
LAT076-110,LAT076-129,中国近代史新论,校对轮,已校对,法权,礼仪之邦也有野蛮法律,这下子把洋鬼子给吓坏了，洋鬼子没想到“礼仪之邦”的法律竟这样野蛮。照满清政府的法律，要“凌迟处死”，就是一刀一刀剐死，幸亏统治者过生日，优待，改为“永远监禁”，就是无期徒刑，这样重的刑，洋鬼子是看不过去的，所以，洋鬼子只肯抓人，要办人、要审人、要关人，都行，可是都得由他们代办，拒绝引渡。,015.砸掉那铜像！.txt,64,《大李敖全集6.0》分章节/009.历史文化类/007.中国近代史新论/015.砸掉那铜像！.txt,"法权,礼仪之邦也有野蛮法律,砸掉那铜像"
LAT076-111,LAT076-130,中国近代史新论,校对轮,已校对,方法,关键内幕必须重新追踪,蒋维乔这段回忆中，最值得注意的是他说俞明震请吴稚晖吃饭那一段，说吴稚晖是俞明震侄子俞大纯的朋友，俞明震本是到上海查办人的，却秘密放水，叫吴稚晖逃走，并且，吴稚晖当时有告密的嫌疑，这嫌疑，直到三十多年后，还洗不清。这一内幕太重要了，我们不得不在八十年后，重新追踪一下。,015.砸掉那铜像！.txt,71,《大李敖全集6.0》分章节/009.历史文化类/007.中国近代史新论/015.砸掉那铜像！.txt,"方法,关键内幕必须重新追踪,砸掉那铜像"
LAT076-112,LAT076-132,中国近代史新论,校对轮,已校对,政治,逍遥自在显示暗示生效,就这样的，在同志被捕后，自己“逍遥自在的在街上跑”的“吴谨”先生吴稚晖，终于应了“俞燕”先生俞明震“你要到外国留学吗？”的“暗示”了！,015.砸掉那铜像！.txt,92,《大李敖全集6.0》分章节/009.历史文化类/007.中国近代史新论/015.砸掉那铜像！.txt,"政治,逍遥自在显示暗示生效,砸掉那铜像"
LAT076-113,LAT076-133,中国近代史新论,校对轮,已校对,人格,暗盘不告就是出卖同志,八、他探监时才透露他十天前见过抓他们的俞明震，看同志“可怜的苦笑”。他不把私见敌人的暗盘，报备于事先或提醒于事后，反倒在同志一个个坐牢后，隔着“铁栅”，大说真相，这不是奸细，又是什么？这不叫出卖同志，又有什么叫出卖同志？,015.砸掉那铜像！.txt,105,《大李敖全集6.0》分章节/009.历史文化类/007.中国近代史新论/015.砸掉那铜像！.txt,"人格,暗盘不告就是出卖同志,砸掉那铜像"
LAT076-114,LAT076-134,中国近代史新论,校对轮,已校对,方法,事实俱在时狡辩无用,吴稚晖虽然不断狡辩，但是事实俱在，又有什么用呢？吴稚晖辩来辩去，不过是愈描愈黑而已、不过是些“怀着用野蛮法子打他一顿”的话而已、不过是“得了机会……脱下鞋皮，打他十七八个嘴巴”的话而已，这些题外话，又哪里能翻自己的臭案呢(21)？,015.砸掉那铜像！.txt,110,《大李敖全集6.0》分章节/009.历史文化类/007.中国近代史新论/015.砸掉那铜像！.txt,"方法,事实俱在时狡辩无用,砸掉那铜像"
LAT076-115,LAT076-135,中国近代史新论,校对轮,已校对,政治,激将邹容投案,这段秘辛告诉了我们：当时章太炎被捕后，邹容本来可以逃掉的，但是吴稚晖怂恿爱国学社的人，在邹容门口丢砖头叫骂，骂邹容“不入狱为无耻”，邹容本与爱国学社的人不和，又年轻气盛，哪里忍得了这种激将，于是就自行投案了。,015.砸掉那铜像！.txt,114,《大李敖全集6.0》分章节/009.历史文化类/007.中国近代史新论/015.砸掉那铜像！.txt,"政治,激将邹容投案,砸掉那铜像"
LAT076-116,LAT076-136,中国近代史新论,校对轮,已校对,人格,鼓动别人入狱暴露人品,可见邹容之死，“敬恒之所致”实有关系。一个自己不敢入狱的吴稚晖，却鼓动邹容去入狱，他的人品是哪一种，也就一看即知了。,015.砸掉那铜像！.txt,117,《大李敖全集6.0》分章节/009.历史文化类/007.中国近代史新论/015.砸掉那铜像！.txt,"人格,鼓动别人入狱暴露人品,砸掉那铜像"
LAT076-117,LAT076-137,中国近代史新论,校对轮,已校对,人格,邹容虐待中死于狱,就这样的，在虐待中、在愤怒中、在劳苦中、在营养不良中，邹容开始衰弱、生病。章太炎请禁子牢头准邹容就医，被拒绝，最后大病四十天，在1905年（光绪三十一年）2月19日，在刑期还剩七十天的深夜，终于熬不过去，死在狱里。第二天清早，章太炎抚尸哀恸，看到邹容口中有血、两眼微睁，一个二十岁的青年，就这样为革命牺牲了 ！,015.砸掉那铜像！.txt,120,《大李敖全集6.0》分章节/009.历史文化类/007.中国近代史新论/015.砸掉那铜像！.txt,"人格,邹容虐待中死于狱,砸掉那铜像"
LAT076-118,LAT076-139,中国近代史新论,校对轮,已校对,政治,苏报案使革命思想成为主流,《苏报》案虽则是上海一个报社的案子，虽则是死难的仅有邹容一人，影响之大，等于一次轰轰烈烈的武装起义。清廷的威严，被这件案子戳破。革命的思想，从此代替了维新、保皇、立宪，而成为主流。过去，很多人以为革命只是国父一个人或极少数附和他的人，一种超时代，甚至是不切实际的“高调”，并且还有些人以为革命只是国父以及“目不识丁”的若干会党或土匪的“作乱”。连吴敬恒本人，都曾经怀疑国父“是否像趴蜡庙里的大王爷爷”。自从《苏报》案发生，一般老百姓，尤其是知识分子，读了邹容、章炳麟的文章，对革命党的了解大为进步。他们心中开始在想像邹容、章炳麟这样的人也主张革命，作了革命党，可见革命是对的了。”(22),015.砸掉那铜像！.txt,124,《大李敖全集6.0》分章节/009.历史文化类/007.中国近代史新论/015.砸掉那铜像！.txt,"政治,苏报案使革命思想成为主流,砸掉那铜像"
LAT076-119,LAT076-140,中国近代史新论,校对轮,已校对,方法,邹容之死让章太炎活下作证,据章太炎在狱中写给张篁溪的信（《篁溪藏札》稿本），在邹容死后，禁子牢头对他稍好一点，改叫他去当厨子，“因得恣意啖食。” “余之生，威之死为之也。”明指邹容之死，换来他的一条命。幸亏他留下这一条命，不然的话，吴稚晖的丑事必将永远不为人知了。,015.砸掉那铜像！.txt,126,《大李敖全集6.0》分章节/009.历史文化类/007.中国近代史新论/015.砸掉那铜像！.txt,"方法,邹容之死让章太炎活下作证,砸掉那铜像"
LAT076-120,LAT076-141,中国近代史新论,校对轮,已校对,人格,章太炎厌恶国民党独占革命,章太炎晚年对国民党独占革命的卑鄙，至感厌恶，他为被国民党开除党籍的冯自由《中华民国开国前革命史》写序，愤怒于“知当时实事者已少，夸诞之士，乃欲一切笼为己有”，已经明明指出国民党在历史上动手脚。他对国民党当权派，也一律卑视。国民党大员张人杰（静江）的母亲死了，张继跑到苏州，请他的结拜大哥写墓志铭，章太炎把钱撒在地上，大骂说他绝不为国民党要人写文章！（他宁愿为上海流氓头子杜月笙写文章！）这位革命元勋的气魄，由此可见！,015.砸掉那铜像！.txt,128,《大李敖全集6.0》分章节/009.历史文化类/007.中国近代史新论/015.砸掉那铜像！.txt,"人格,章太炎厌恶国民党独占革命,砸掉那铜像"
LAT076-121,LAT076-142,中国近代史新论,校对轮,已校对,政治,革命逃兵后来成党国元老,另一方面，革命前夜出卖同志的逃兵——在欧洲大谈无政府主义的吴稚晖，却在民国成立以后，逐渐变成所谓革命元勋、所谓党国元老、所谓“中华民国的开创者”（这是另一逃兵于右任《悼念吴稚晖先生》中的鬼话！）、所谓“开国的元老、革命的先知”（这是1964年3月25日国民党《中央日报》社论中的鬼话！）……对比起来，这不是太邪门儿了吗(23)？,015.砸掉那铜像！.txt,129,《大李敖全集6.0》分章节/009.历史文化类/007.中国近代史新论/015.砸掉那铜像！.txt,"政治,革命逃兵后来成党国元老,砸掉那铜像"
LAT076-122,LAT076-143,中国近代史新论,校对轮,已校对,政治,国民党在台湾进一步捏造历史,这种邪门儿，到了国民党密集安打，整天在台湾耀武扬威以后，就更变本加厉了。国民党在台湾，索性进一步翻作并捏造全部历史了。在国民党的出版品里，继大陆时代就删掉章太炎为孙文《民权初步》写的序开始，展开了一连串的消灭真正革命元勋的活动，最后，索性把开国元勋章太炎给出了局，一部所谓“中华民国各界纪念国父百年诞辰筹备委员会”学术论著编纂委员会编印的《革命先烈先进传》，已经完全不见了章太炎的传记！而出卖同志的革命逃兵吴稚晖，却荣于华衮，最后还给立了铜像！,015.砸掉那铜像！.txt,130,《大李敖全集6.0》分章节/009.历史文化类/007.中国近代史新论/015.砸掉那铜像！.txt,"政治,国民党在台湾进一步捏造历史,砸掉那铜像"
LAT076-123,LAT076-144,中国近代史新论,校对轮,已校对,政治,铜像应验成为讽刺,章太炎这段豪语以后，五十多年过去了，国民党的“天命”已经移居，大时代的“来复”已经湮远，虽然这样，一座铜像居然应验了(24)，但“巍巍立于云表”的，却是一座非我非尔的铜像，而是一座出卖同志的革命逃兵的铜像，这可太讽刺了！,015.砸掉那铜像！.txt,132,《大李敖全集6.0》分章节/009.历史文化类/007.中国近代史新论/015.砸掉那铜像！.txt,"政治,铜像应验成为讽刺,砸掉那铜像"
LAT076-124,LAT076-145,中国近代史新论,校对轮,已校对,法权,合法砸铜像是为先烈平反,如果人间还有一丁点儿真理与正义，如果人间还有一丁点儿没被国民党摧毁的革命史事与尊严，让我们永矢弗谖、立为标记：——有朝一日，我们要以完全合法的方法，砸掉那铜像！要以完全平反的虔诚，为真正的革命先烈与先进，铸造他们的新铜像——我们绝不坐视公道如此被陵夷、被涂改，我们绝不坐视！,015.砸掉那铜像！.txt,133,《大李敖全集6.0》分章节/009.历史文化类/007.中国近代史新论/015.砸掉那铜像！.txt,"法权,合法砸铜像是为先烈平反,砸掉那铜像"
LAT076-125,LAT076-146,中国近代史新论,校对轮,已校对,方法,卖国贼自白也会向历史撒种子,上面这些题外话，姑且可说是一篇“引子”。目的在引出一个“粉白脸”型的人物登场。这个人物有着足够的白发和眼泪，在他开始说话以前，他已背了四十一年“卖国贼”的名声。四十一年的沉默，使他在九十岁的生日前，完成了《一生之回忆》，告诉人们：他为所谓“卖国”一事，“清夜扪心，俯仰无愧” ！这个举动，无疑的，是现代史中的大奇事！因为在现代史中，似乎没有第二个“卖国贼”，能够得享天年，以“古董山人话晚明”的姿态，从容写它三十四万字的自白书。更奇怪的，这个“卖国贼”居然向现代史抗议、向教科书抗议、向数不尽的“爱国者”抗议，虽然他的生命已近尾声、他的音调已成绝响，但他在音容俱渺的前夜，却向历史撒下了翻案式的种子，是直书？是曲笔？是申冤？还是卸责？关心时代悲剧的人，都不该忽视这部“九十老人”自白书。,016.谁忠谁奸.txt,13,《大李敖全集6.0》分章节/009.历史文化类/007.中国近代史新论/016.谁忠谁奸.txt,"方法,卖国贼自白也会向历史撒种子,谁忠谁奸"
LAT076-126,LAT076-147,中国近代史新论,校对轮,已校对,方法,重要回忆录也订正有限,这两段文字，都表示了“挂漏难免”和“难免错误”的可能，我们读者自然也未可深责。不过我个人的印象是，以这么一部经过两次连载一次单行的巨著，前后六年，所做到的补充和更正的工作，应该圆满一点才是。可惜的是，作者也好、出版人也罢，乃至学者名家也行，对这部重要史料所做的订正工作，似乎都相当有限。为了对我这种苛评多点理由，我试随手举一些错落的例子，以为印证：,016.谁忠谁奸.txt,26,《大李敖全集6.0》分章节/009.历史文化类/007.中国近代史新论/016.谁忠谁奸.txt,"方法,重要回忆录也订正有限,谁忠谁奸"
LAT076-127,LAT076-154,中国近代史新论,校对轮,已校对,方法,第一手史料也须细心推敲,以上随手抽样举例，可使我们对《一生之回忆》这部书的取材和写法，先有一些不同角度的印象。曹汝霖在书中说错的，当然不止上面这些，书中笔误、失实、传闻以及倒果为因、次序混乱的地方，还有很多，实在没有一一细举和一一订正的必要。例如他写美军强奸北大女学生沈崇一事（第380页），可以说行行都错，错得教你简直没法挑、没法改。我们遇到这些赘文，只好放它过去。很显然的，我们研究这本书的目的，乃在于从这本难得的第一手史料里，觅取近代史实的一些真相，我们要细心推敲这个“九十老人”所提供给我们的许多“孤证”和“旁证”，然后去求得定案。《一生之回忆》这部书，牵扯的范围太广了，内容又对错杂糅、轻重不分，我们必须很技巧的读它、很用方法的研究它，才能有用。,016.谁忠谁奸.txt,72,《大李敖全集6.0》分章节/009.历史文化类/007.中国近代史新论/016.谁忠谁奸.txt,"方法,第一手史料也须细心推敲,谁忠谁奸"
LAT076-128,LAT076-155,中国近代史新论,校对轮,已校对,文化,中国人其实明明在全盘西化,中国人明明在全盘西化，但是有的不自觉，有的言行不一，陈序经却不如此，他早在1934年，就写了《中国文化的出路》，坦白主张全盘西化，读来令人痛快之至。,017.《全盘西化的理由》前记.txt,2,《大李敖全集6.0》分章节/009.历史文化类/007.中国近代史新论/017.《全盘西化的理由》前记.txt,"文化,中国人其实明明在全盘西化,全盘西化的理由前记"
LAT076-129,LAT076-156,中国近代史新论,校对轮,已校对,方法,陈序经厘清文化出路三派,这本书的最大长处，乃在厘清对中国文化前途的看法，而正面的提出全盘西化的理由。陈序经认为：“寻出一种办法以为中国文化前途计的人，大约不出下面三个派别：（一）主张全盘接受西方文化的。（二）主张复返中国固有文化的。（三）主张折中办法的。”在这三派中，陈序经很不留情的批评后两派，他认为：,017.《全盘西化的理由》前记.txt,4,《大李敖全集6.0》分章节/009.历史文化类/007.中国近代史新论/017.《全盘西化的理由》前记.txt,"方法,陈序经厘清文化出路三派,全盘西化的理由前记"
LAT076-130,LAT076-157,中国近代史新论,校对轮,已校对,文化,折中复古都误解文化规律,折中的办法既是办不到，复古的途径也走不通。他们最大的缺点是：前者昧于文化的一致与和谐的真义，而后者昧于文化发展变换的道理。前者以为文化的全部，好像一间旧屋子，我们可以毁拆它，看看哪几块石或是木料可以留用；他们忘记了文化的各方面分析，不外是我们自己的假定，而文化本身，并没有这回事。后者以为环境时代是不变的，所以圣人立法，可以施诸万世而用于四海；他们却忘记了圣人之所以为圣人，都不过是这种时代和环境的出产品！,017.《全盘西化的理由》前记.txt,5,《大李敖全集6.0》分章节/009.历史文化类/007.中国近代史新论/017.《全盘西化的理由》前记.txt,"文化,折中复古都误解文化规律,全盘西化的理由前记"
LAT076-131,LAT076-158,中国近代史新论,校对轮,已校对,写作,重介全盘西化具有讽世意味,我在这本书出版后五十五年，重新介绍其中的第五章“全盘西化的理由”给新一代的中国人，该有绝大讽世的意味。,017.《全盘西化的理由》前记.txt,7,《大李敖全集6.0》分章节/009.历史文化类/007.中国近代史新论/017.《全盘西化的理由》前记.txt,"写作,重介全盘西化具有讽世意味,全盘西化的理由前记"
LAT076-132,LAT076-159,中国近代史新论,校对轮,已校对,方法,外交史料不可只采单方口供,蒋廷黻在中国近代史的研究方面，最有成绩的时期是1923年到1935年，也就是他十二年大学教授的那一阶段。在这一阶段，他首先有《近代中国外交史资料辑要》上卷的编纂，1931年11月在上海商务印书馆出版。这部书，是中国有史以来，第一部不靠外国蓝皮书等单方面文件而编成的外交史资料。过去人们研究外交史，不分中外，都以外国单方面的文件为根据，这就好像只根据一造的口供就来判案一样，当然有失公平。蒋廷黻这部《近代中国外交史资料辑要》，不但纠正了这种偏颇，同时还将历史研究带出了《春秋大义》或《资治通鉴》式的主观论断，这部书里没有描写洋鬼子如何欺压中国，也没有宣扬不平等条约该如何废除。……它只是平铺直叙挖掘历史真相，并且呈露历史真相。这样子编写历史，才真正是中国旧史学的埋葬，真正算中国新史学的开端。,018.《中国近代史论集》序例.txt,15,《大李敖全集6.0》分章节/009.历史文化类/007.中国近代史新论/018.《中国近代史论集》序例.txt,"方法,外交史料不可只采单方口供,中国近代史论集序例"
LAT076-133,LAT076-160,中国近代史新论,校对轮,已校对,方法,中国近代史大纲见解精辟,继《近代中国外交史资料辑要》上卷出版后，蒋廷黻又在1934年11月，仍由上海商务印书馆出版了此书的中卷。从此他就没再有这一方面的专书了。直到1938年，他辞去了驻苏大使的职务，才乘机写了《中国近代史大纲》一本小书（1940年长沙商务印书馆出版）。这本书，是他“对我国近代史的观感”的一个“简略的初步报告”，见解精辟，出语不凡。,018.《中国近代史论集》序例.txt,16,《大李敖全集6.0》分章节/009.历史文化类/007.中国近代史新论/018.《中国近代史论集》序例.txt,"方法,中国近代史大纲见解精辟,中国近代史论集序例"
LAT076-134,LAT076-161,中国近代史新论,校对轮,已校对,写作,近代史论集编印有意义,蒋廷黻一生中，关于近代史的著作，除了上面所举的专书外，论文也有一些，可惜这些文字，都未能在一个“中国近代史论集”的标题下归成一类。为了弥补这一缺憾，这本《中国近代史论集》的编印，也就不无意义了。,018.《中国近代史论集》序例.txt,17,《大李敖全集6.0》分章节/009.历史文化类/007.中国近代史新论/018.《中国近代史论集》序例.txt,"写作,近代史论集编印有意义,中国近代史论集序例"
LAT076-135,LAT076-162,中国近代史新论,校对轮,已校对,写作,专辑编排可补选集不足,以上十四大项，已全部囊括了蒋廷黻这一方面的主要著作。至于文星书店、传记文学出版社及其他翻印商有《蒋廷黻选集》的出版，本书并不跟它冲突：一来本书为专辑中国近代史论部分；二来本书所收，为《近代中国外交史资料辑要》上中卷之各章节引论、《中国近代史大纲》等，都为《蒋廷黻选集》所无；三来本书编排次序上，都重加订正，而《蒋廷黻选集》中的次序，却偶有误差之处。,018.《中国近代史论集》序例.txt,37,《大李敖全集6.0》分章节/009.历史文化类/007.中国近代史新论/018.《中国近代史论集》序例.txt,"写作,专辑编排可补选集不足,中国近代史论集序例"
