id,book,round,status,category,title,description,source_file,source_paragraph,source_path,keywords,proofread_from
LAT039-001,李语录,校对轮,已校对,写作,李敖的不朽度,李敖：其文五百年不朽；其人一千年不朽。一千年后，世界末日，什么都朽了。,001.《李语录》一.txt,3,《大李敖全集6.0》分章节/005.诗集语录类/003.李语录/001.《李语录》一.txt,"不朽,李敖,写作",LAT039-001
LAT039-002,李语录,校对轮,已校对,写作,纸上真话胜过纸上马屁,韩孔厂说：“舌下无英雄，笔底无奇士。”但不幸沦为笔底，纸上牛屄总比纸上马屁好。,001.《李语录》一.txt,9,《大李敖全集6.0》分章节/005.诗集语录类/003.李语录/001.《李语录》一.txt,"纸上,写作,马屁",LAT039-002
LAT039-003,李语录,校对轮,已校对,人格,得失都可喜,不患得患失的基础是：“得固欣然，失亦可喜。”悟此八字，得可与人俯仰一世，失可令人一世俯仰（新女性，只能床上俯仰一世，却妄想床下一世俯仰）。,001.《李语录》一.txt,11,《大李敖全集6.0》分章节/005.诗集语录类/003.李语录/001.《李语录》一.txt,"得失,患得患失,人格",LAT039-003
LAT039-004,李语录,校对轮,已校对,人格,成熟是知道后说不知道,所谓长大，就是你知道那是什么事；所谓成熟，就是你知道后故意说不知道。,001.《李语录》一.txt,17,《大李敖全集6.0》分章节/005.诗集语录类/003.李语录/001.《李语录》一.txt,"成熟,知道,人格",LAT039-004
LAT039-005,李语录,校对轮,已校对,知识,科学怪人与玄学怪人,科学怪人固然可怕，玄学怪人更是可怕。牟宗三之流，典型的玄学怪人也。他的文章和演说，都不知所云，可是国民党却还捧他——只有混蛋才捧混蛋。,001.《李语录》一.txt,21,《大李敖全集6.0》分章节/005.诗集语录类/003.李语录/001.《李语录》一.txt,"玄学,牟宗三,知识",LAT039-005
LAT039-006,李语录,校对轮,已校对,政治,不良少年与不良老年,大家只看不良少年问题，却忘了看不良老年问题。不良少年的许多问题，其实是不良老年引起来的。古今中外，从来没有像国民党集团这么多的不良老年密集在一起，从来没有！,002.《李语录》二.txt,3,《大李敖全集6.0》分章节/005.诗集语录类/003.李语录/002.《李语录》二.txt,"不良老年,国民党,政治",LAT039-006
LAT039-007,李语录,校对轮,已校对,政治,藏富于何处,一般原理是，政府财政该量出为入，家庭财政该量入为出。但是国民党的“聚敛之臣”却一概不择手段的聚敛式盲入，所以他们愈来愈有钱。他们从不知什么叫“藏富于民”，他们只知“藏富于自己”。,002.《李语录》二.txt,7,《大李敖全集6.0》分章节/005.诗集语录类/003.李语录/002.《李语录》二.txt,"财政,藏富于民,国民党",LAT039-008
LAT039-008,李语录,校对轮,已校对,法权,容忍批评维护自由,美国总统杰斐逊被骂做小偷、懦夫、诈欺犯、邪教徒、铸假钱者、伪造文书者、离经叛道者、不信正教者、导人不义者、霸占孤儿寡妇者……他一概容忍，由于他不“维护元首尊严”，他维护了自由的尊严。,002.《李语录》二.txt,11,《大李敖全集6.0》分章节/005.诗集语录类/003.李语录/002.《李语录》二.txt,"自由,尊严,杰斐逊",LAT039-009
LAT039-009,李语录,校对轮,已校对,方法,没有了黑白,胆小的伪君子把白的说成灰的；胆大的伪君子把黑的说成灰的。颠倒黑白最成功的不是颠倒黑白，而是没有了黑白。,002.《李语录》二.txt,13,《大李敖全集6.0》分章节/005.诗集语录类/003.李语录/002.《李语录》二.txt,"黑白,伪君子,判断",LAT039-010
LAT039-010,李语录,校对轮,已校对,方法,是非常是相对比较,人间是非其实争的就是那相差的五十步，就是单项比较下的甲比乙好一点而已——是非不是绝对的对立，而是相对的谁比谁好一点。,002.《李语录》二.txt,15,《大李敖全集6.0》分章节/005.诗集语录类/003.李语录/002.《李语录》二.txt,"是非,相对,方法",LAT039-011
LAT039-011,李语录,校对轮,已校对,写作,文艺工作者不能逃避困穷,余光中他们置四海困穷而不言，如此冷血与逃避，何能成为第一流的文艺工作者？更有甚者，他们还谄媚当道，这是什么心肝？,002.《李语录》二.txt,21,《大李敖全集6.0》分章节/005.诗集语录类/003.李语录/002.《李语录》二.txt,"文艺,责任,写作",LAT039-013
LAT039-012,李语录,校对轮,已校对,政治,有所不为而后有为,甲：“不做国民党就值得自豪？”乙：“当然值得。一个人，在纳粹统治下，不做纳粹，就是高人一等。”甲：“但你不做国民党，只不过达到一项消极的标准而已。”乙：“有所不为，而后可以有为。”,003.《李语录》三.txt,3,《大李敖全集6.0》分章节/005.诗集语录类/003.李语录/003.《李语录》三.txt,"国民党,纳粹,有所不为",LAT039-014
LAT039-013,李语录,校对轮,已校对,人格,敌人与朋友,不是敌人就是朋友，该是错了；不是朋友就是敌人，才是对的。敌人要从宽认定；朋友要从严录取。,003.《李语录》三.txt,12,《大李敖全集6.0》分章节/005.诗集语录类/003.李语录/003.《李语录》三.txt,"朋友,敌人,人格",LAT039-015
LAT039-014,李语录,校对轮,已校对,政治,最坏的共产党,变节的共产党是最坏的共产党，这种人有共产党的坏习性，但没有共产党的理想性。国民党收罗了太多的这种货色，这种人“亟思有以自效，来医治潜意识里的恐惧并打破寂寞”（殷海光语），所以就在蓝红之间，无颜失色。,003.《李语录》三.txt,18,《大李敖全集6.0》分章节/005.诗集语录类/003.李语录/003.《李语录》三.txt,"变节,共产党,国民党",LAT039-016
LAT039-015,李语录,校对轮,已校对,知识,我一身是电,别人的学问只是电瓶，所以要常常充电；我的学问则是发电机，无电可充——我一身是电。,003.《李语录》三.txt,20,《大李敖全集6.0》分章节/005.诗集语录类/003.李语录/003.《李语录》三.txt,"学问,发电机,知识",LAT039-017
LAT039-016,李语录,校对轮,已校对,人格,傲骨胜过骄气,我从无满脸骄气，却总有一身傲骨。,004.《李语录》四.txt,3,《大李敖全集6.0》分章节/005.诗集语录类/003.李语录/004.《李语录》四.txt,"傲骨,骄气,人格",LAT039-018
LAT039-017,李语录,校对轮,已校对,人格,一身与天下同忧,范仲淹说：“先天下之忧而忧。”王安石说：“环顾一身无可忧，忧必在于天下。”但这都是不愁三餐者之言。在国民党的黑暗统治里，你必须一身与天下同忧，这样你才有忧天下的本钱。,004.《李语录》四.txt,7,《大李敖全集6.0》分章节/005.诗集语录类/003.李语录/004.《李语录》四.txt,"天下,忧患,人格",LAT039-019
LAT039-018,李语录,校对轮,已校对,政治,革命的开始与结束,革命常常以良币代替劣币开始，以劣币驱逐良币结束。是新劣币代替了旧劣币，是良币的永被驱逐。,004.《李语录》四.txt,9,《大李敖全集6.0》分章节/005.诗集语录类/003.李语录/004.《李语录》四.txt,"革命,良币,劣币",LAT039-020
LAT039-019,李语录,校对轮,已校对,人格,勇士只需一个前进理由,前进的理由只要一个；后退的理由却要一百个。许多人整天找一百个理由证明他不是懦夫，却从不用一个理由证明他是勇士。,004.《李语录》四.txt,15,《大李敖全集6.0》分章节/005.诗集语录类/003.李语录/004.《李语录》四.txt,"前进,后退,勇士",LAT039-021
LAT039-020,李语录,校对轮,已校对,人格,淤泥中不与泥同调,黄庭坚《赣上食莲有感》诗说：“莲生淤泥中，不与泥同调。”我觉得我在这岛上最值得自豪的，就是在此。,005.《李语录》五.txt,5,《大李敖全集6.0》分章节/005.诗集语录类/003.李语录/005.《李语录》五.txt,"莲,淤泥,人格",LAT039-023
LAT039-021,李语录,校对轮,已校对,人格,同路人容易成陌路,不要轻信同志。一为同路人，便是陌路人。——同志是最容易翻脸的。,005.《李语录》五.txt,11,《大李敖全集6.0》分章节/005.诗集语录类/003.李语录/005.《李语录》五.txt,"同志,同路人,人格",LAT039-024
LAT039-022,李语录,校对轮,已校对,政治,巨人与侏儒,有些人说我在党外是“思想巨人、行动侏儒”。我不知道孙中山不参加3月29日之役，是“巨人”呢，还是“侏儒”？,005.《李语录》五.txt,19,《大李敖全集6.0》分章节/005.诗集语录类/003.李语录/005.《李语录》五.txt,"思想巨人,行动侏儒,政治",LAT039-026
LAT039-023,李语录,校对轮,已校对,政治,讳、饰、诬、枉,国民党大员胡汉民晚年自忏，说国民党的历史，“每不免讳、饰、诬、枉。”其实党外小政客斗臭异己的历史，也全是国民党的翻版，只是他们更笨罢了。,006.《李语录》六.txt,3,《大李敖全集6.0》分章节/005.诗集语录类/003.李语录/006.《李语录》六.txt,"历史,讳饰诬枉,国民党",LAT039-027
LAT039-024,李语录,校对轮,已校对,情爱,假的真话,谷小姐向柳小姐说了真话。柳小姐怪她。谷小姐说：“你看，你不喜欢听真话。”柳小姐说：“我喜欢听真话，但不喜欢听这种真话。”——可爱的女人总喜欢假的真话。,006.《李语录》六.txt,13,《大李敖全集6.0》分章节/005.诗集语录类/003.李语录/006.《李语录》六.txt,"真话,女人,情爱",LAT039-028
LAT039-025,李语录,校对轮,已校对,方法,材料不对努力无用,铁杵能磨成针，但木杵只能磨成牙签。材料不对，再努力也没用。,006.《李语录》六.txt,15,《大李敖全集6.0》分章节/005.诗集语录类/003.李语录/006.《李语录》六.txt,"材料,努力,方法",LAT039-029
LAT039-026,李语录,校对轮,已校对,知识,企鹅式教育,企鹅生下来是冷血，然后才变热。教育的目的，就在这里啊！,007.《李语录》七.txt,5,《大李敖全集6.0》分章节/005.诗集语录类/003.李语录/007.《李语录》七.txt,"教育,企鹅,知识",LAT039-031
LAT039-027,李语录,校对轮,已校对,政治,以倒悬为乐,旧说法救老百姓是“解民倒悬”，如果老百姓以倒悬为乐，那还解个屁！台湾的老百姓以倒悬为乐，他们是那样吃得消国民党！,007.《李语录》七.txt,7,《大李敖全集6.0》分章节/005.诗集语录类/003.李语录/007.《李语录》七.txt,"老百姓,倒悬,国民党",LAT039-032
LAT039-028,李语录,校对轮,已校对,方法,解决问题胜过分担,我不分担问题，我只解决问题。,007.《李语录》七.txt,9,《大李敖全集6.0》分章节/005.诗集语录类/003.李语录/007.《李语录》七.txt,"问题,解决,方法",LAT039-033
LAT039-029,李语录,校对轮,已校对,写作,文章题目与人生进退,罗素愈老，文章题目愈写愈大；胡适愈老，文章题目愈写愈小，境界高下，一判即知。,007.《李语录》七.txt,11,《大李敖全集6.0》分章节/005.诗集语录类/003.李语录/007.《李语录》七.txt,"罗素,胡适,文章题目",LAT039-034
LAT039-030,李语录,校对轮,已校对,人格,赌下去,我所能做的是同魔鬼赌真牌，等他们出错；魔鬼所能做的是除非做假牌，再也做不出对的事。,007.《李语录》七.txt,13,《大李敖全集6.0》分章节/005.诗集语录类/003.李语录/007.《李语录》七.txt,"魔鬼,赌真牌,人格",LAT039-035
LAT039-031,李语录,校对轮,已校对,知识,今日学者专家,大陆时代的学者专家，他们站在政府对面，骂政府是盗贼；现在台湾的学者专家，他们躺在政府怀里，为盗贼上条陈。（王八蛋！）,007.《李语录》七.txt,19,《大李敖全集6.0》分章节/005.诗集语录类/003.李语录/007.《李语录》七.txt,"学者,政府,知识",LAT039-036
LAT039-032,李语录,校对轮,已校对,政治,政工,政工是蝎子。有敌人，螫敌人；没敌人，螫同志；没同志，螫自己（饿慌了的时候）。他们被训练成了政战怪人，即使反了老K，也不会变回成正常人了。,007.《李语录》七.txt,21,《大李敖全集6.0》分章节/005.诗集语录类/003.李语录/007.《李语录》七.txt,"政工,政战,政治",LAT039-037
LAT039-033,李语录,校对轮,已校对,人格,人格标准,任何有人格的人，都不会认同国民党屈辱人格的统治；任何接受国民党屈辱人格的统治的人（不论自知或不自知）．都是没有人格的人。,008.《李语录》八.txt,15,《大李敖全集6.0》分章节/005.诗集语录类/003.李语录/008.《李语录》八.txt,"人格,统治,国民党",LAT039-038
LAT039-034,李语录,校对轮,已校对,写作,双料骗子,新诗人者，双料骗子也。骗子只是骗人，新诗人却连自己一起骗。,009.《李语录》九.txt,3,《大李敖全集6.0》分章节/005.诗集语录类/003.李语录/009.《李语录》九.txt,"新诗人,写作,欺骗",LAT039-041
LAT039-035,李语录,校对轮,已校对,法权,感谢德政？,有人被放时“感谢政府德政”，但被抓时是什么政？,009.《李语录》九.txt,17,《大李敖全集6.0》分章节/005.诗集语录类/003.李语录/009.《李语录》九.txt,"政府,抓放,德政",LAT039-043
LAT039-036,李语录,校对轮,已校对,人格,后路,我从不绝人后路，我只绝自己后路——我只向前冲，我不要后路。,010.《李语录》十.txt,15,《大李敖全集6.0》分章节/005.诗集语录类/003.李语录/010.《李语录》十.txt,"后路,前冲,人格",LAT039-044
LAT039-037,李语录,校对轮,已校对,方法,刀、笔、刀笔,人间用刀的部分，刀解决；用笔的部分，笔解决；用刀笔的部分，刀笔解决。,010.《李语录》十.txt,17,《大李敖全集6.0》分章节/005.诗集语录类/003.李语录/010.《李语录》十.txt,"刀,笔,刀笔",LAT039-045
LAT039-038,李语录,校对轮,已校对,政治,人才与奴才,老一代国民党总把人才当奴才用；新一代国民党总把奴才当人才用，此其所以一蟹不如一蟹也！,011.《李语录》十一.txt,5,《大李敖全集6.0》分章节/005.诗集语录类/003.李语录/011.《李语录》十一.txt,"人才,奴才,国民党",LAT039-047
LAT039-039,李语录,校对轮,已校对,写作,热情、灵感与性欲,你不能等有了热情才救人、你不能等有了灵感才作文。一如妓女不能等有了性欲才接客——属于你该做的事，纵属勉强，你也要做。,011.《李语录》十一.txt,7,《大李敖全集6.0》分章节/005.诗集语录类/003.李语录/011.《李语录》十一.txt,"热情,灵感,作文",LAT039-048
LAT039-040,李语录,校对轮,已校对,法权,自由民主不能限量配给,国民党对老百姓，一切都是配给式的，从柴、米、油、盐，一直到自由、民主，都是限量配给的。自由、民主都这样小家子气处理，其去真正自由、民主，远矣！,011.《李语录》十一.txt,9,《大李敖全集6.0》分章节/005.诗集语录类/003.李语录/011.《李语录》十一.txt,"自由,民主,配给",LAT039-049
LAT039-041,李语录,校对轮,已校对,文化,衣食足了又如何？,《管子》说：“衣食足而知荣辱。”但在国民党统治下，人民已经无耻得“衣食足而不知荣辱”了。,011.《李语录》十一.txt,11,《大李敖全集6.0》分章节/005.诗集语录类/003.李语录/011.《李语录》十一.txt,"荣辱,无耻,文化",LAT039-050
LAT039-042,李语录,校对轮,已校对,方法,聪明人·傻瓜·国民党,聪明人从别人错误里大有所得；傻瓜从自己错误里偶有所得；国民党从两种错误里一无所得。,011.《李语录》十一.txt,15,《大李敖全集6.0》分章节/005.诗集语录类/003.李语录/011.《李语录》十一.txt,"错误,聪明人,方法",LAT039-051
LAT039-043,李语录,校对轮,已校对,写作,无知与写作,国民党统治下匹夫匹妇的无知，常常缩小了我的写作范围。,011.《李语录》十一.txt,17,《大李敖全集6.0》分章节/005.诗集语录类/003.李语录/011.《李语录》十一.txt,"无知,写作范围,写作",LAT039-052
LAT039-044,李语录,校对轮,已校对,人格,斗争敌友,对敌人，要永远斗争；对朋友，要间歇斗争。,012.《李语录》十二.txt,11,《大李敖全集6.0》分章节/005.诗集语录类/003.李语录/012.《李语录》十二.txt,"敌人,朋友,斗争",LAT039-054
LAT039-045,李语录,校对轮,已校对,人格,报仇不能靠上帝,上帝给你两只手的意思是：报仇不能靠他，你要亲自动手。,012.《李语录》十二.txt,15,《大李敖全集6.0》分章节/005.诗集语录类/003.李语录/012.《李语录》十二.txt,"报仇,上帝,动手",LAT039-055
LAT039-046,李语录,校对轮,已校对,知识,读书胜过行路,读万卷书行万里路，不如读两万卷书行零里路。,013.《李语录》十三.txt,3,《大李敖全集6.0》分章节/005.诗集语录类/003.李语录/013.《李语录》十三.txt,"激浊,扬清,人格",LAT039-056
LAT039-047,李语录,校对轮,已校对,法权,经济问题·政治问题·法律问题,国民党把经济问题，政治解决（如包庇财阀是也）；政治问题，法律解决（如以法律绳异己是也）；法律问题，经济解决（如法官收红包是也）。国民党总是不能恪守本位。,013.《李语录》十三.txt,7,《大李敖全集6.0》分章节/005.诗集语录类/003.李语录/013.《李语录》十三.txt,"经济,政治,法律",LAT039-057
LAT039-048,李语录,校对轮,已校对,方法,对不对与能不能,告诉人对不对比告诉人能不能更重要。,013.《李语录》十三.txt,15,《大李敖全集6.0》分章节/005.诗集语录类/003.李语录/013.《李语录》十三.txt,"对不对,能不能,方法",LAT039-059
LAT039-049,李语录,校对轮,已校对,知识,“不知为不知”真义,我总觉得孔夫子“不知为不知，是知也”，这句话被人翻错了。正确的翻译应该是：“对不必知道的知识保持继续不知道，才是有知的表现。”,013.《李语录》十三.txt,17,《大李敖全集6.0》分章节/005.诗集语录类/003.李语录/013.《李语录》十三.txt,"孔子,知识,不知道",LAT039-060
LAT039-050,李语录,校对轮,已校对,方法,常识与非常,发现常识的非常部分，是非常之人。,013.《李语录》十三.txt,21,《大李敖全集6.0》分章节/005.诗集语录类/003.李语录/013.《李语录》十三.txt,"常识,非常,方法",LAT039-061
LAT039-051,李语录,校对轮,已校对,政治,独裁与民主之别,独裁的统治者是一个人做十个人的工作；民主的统治者是十个人做十个人的工作。,014.《李语录》十四.txt,11,《大李敖全集6.0》分章节/005.诗集语录类/003.李语录/014.《李语录》十四.txt,"独裁,民主,政治",LAT039-062
LAT039-052,李语录,校对轮,已校对,政治,民主好,不管是怎么糟糕的民主，总比不民主好。,014.《李语录》十四.txt,13,《大李敖全集6.0》分章节/005.诗集语录类/003.李语录/014.《李语录》十四.txt,"民主,政治",LAT039-063
LAT039-053,李语录,校对轮,已校对,政治,“走大路”与“走大陆”,国民党以正大光明自居，口号是“开大门，走大路”。其实它是最不敢“开大门”的。一开了大门，“走大路”未成，“走大陆”倒是真的。,014.《李语录》十四.txt,15,《大李敖全集6.0》分章节/005.诗集语录类/003.李语录/014.《李语录》十四.txt,"国民党,开大门,政治",LAT039-064
LAT039-054,李语录,校对轮,已校对,政治,富而好“礼”,国民党鼓吹“建立一个富而好礼的社会”，其实此“礼”乃礼物之礼也、红包之礼也。,014.《李语录》十四.txt,17,《大李敖全集6.0》分章节/005.诗集语录类/003.李语录/014.《李语录》十四.txt,"红包,礼物,政治",LAT039-065
LAT039-055,李语录,校对轮,已校对,方法,平静与表面平静,表面平静并不就是平静——定时炸弹爆炸前，表面最平静。,014.《李语录》十四.txt,21,《大李敖全集6.0》分章节/005.诗集语录类/003.李语录/014.《李语录》十四.txt,"平静,定时炸弹,方法",LAT039-066
LAT039-056,李语录,校对轮,已校对,人格,只对自己负责,高人只对自己负责，反倒不对他所拯救的群众负责。群众是非不明、群众忘恩负义、群众懂个屁，为什么对他们负责？,015.《李语录》十五.txt,3,《大李敖全集6.0》分章节/005.诗集语录类/003.李语录/015.《李语录》十五.txt,"高人,群众,负责",LAT039-067
LAT039-057,李语录,校对轮,已校对,人格,笨人的可怕处,笨人的可怕不在其笨，而在其自作聪明。,015.《李语录》十五.txt,5,《大李敖全集6.0》分章节/005.诗集语录类/003.李语录/015.《李语录》十五.txt,"笨人,自作聪明,人格",LAT039-068
LAT039-058,李语录,校对轮,已校对,方法,制造与解决,有的人制造问题的本领，远比他解决的多。这种人最好做敌人，别来做朋友。,015.《李语录》十五.txt,7,《大李敖全集6.0》分章节/005.诗集语录类/003.李语录/015.《李语录》十五.txt,"制造问题,解决问题,方法",LAT039-069
LAT039-059,李语录,校对轮,已校对,政治,三民主义实在是什么？,三民主义实在是一种主义上的万国道德会。万国道德会把人间神祇一网兜收，从释迦摩尼到黄鼠狼，无所不包、全要全信，三民主义之乱七八糟，正是如此。,015.《李语录》十五.txt,13,《大李敖全集6.0》分章节/005.诗集语录类/003.李语录/015.《李语录》十五.txt,"三民主义,主义,政治",LAT039-070
LAT039-060,李语录,校对轮,已校对,人格,壁上观是可耻的,永远不要做壁上观的人，一个人可以左袒、可以右袒，但必须袒，做壁上观是可耻的。,015.《李语录》十五.txt,15,《大李敖全集6.0》分章节/005.诗集语录类/003.李语录/015.《李语录》十五.txt,"壁上观,可耻,人格",LAT039-071
LAT039-061,李语录,校对轮,已校对,写作,奋笔争自由,奋笔争自由是争自由的第一步，也是争自由的最后一步。第一步在使今人觉醒，最后一步在使子孙觉醒。这两步都不可缺。顶礼那奋笔争自由的人，他们比起搞政治的，伟大得太多了。,015.《李语录》十五.txt,17,《大李敖全集6.0》分章节/005.诗集语录类/003.李语录/015.《李语录》十五.txt,"奋笔,自由,写作",LAT039-072
LAT039-062,李语录,校对轮,已校对,人格,好人做坏事,好人做坏事，比坏人做坏事更令人厌恶。,016.《李语录》十六.txt,5,《大李敖全集6.0》分章节/005.诗集语录类/003.李语录/016.《李语录》十六.txt,"好人,坏事,人格",LAT039-074
LAT039-063,李语录,校对轮,已校对,人格,不会自毙,“多行不义必自毙”？我就不信。你要打倒多行不义之人，他才会毙呢！,016.《李语录》十六.txt,9,《大李敖全集6.0》分章节/005.诗集语录类/003.李语录/016.《李语录》十六.txt,"不义,打倒,人格",LAT039-075
LAT039-064,李语录,校对轮,已校对,人格,忘恩与不记仇,人对他有恩，他忘恩；人对他有仇，他不记仇，这种恩怨不明的人，不可交。,016.《李语录》十六.txt,11,《大李敖全集6.0》分章节/005.诗集语录类/003.李语录/016.《李语录》十六.txt,"恩怨,不可交,人格",LAT039-076
LAT039-065,李语录,校对轮,已校对,写作,遗教遗训,读遗教遗训是吃臭狗屎，研究遗教遗训是吃了臭狗屎还得把它吐出来，这说明了为什么我写孙中山蒋介石的东西要高稿费——因为反刍太苦了！,016.《李语录》十六.txt,13,《大李敖全集6.0》分章节/005.诗集语录类/003.李语录/016.《李语录》十六.txt,"孙中山,蒋介石,写作",LAT039-077
LAT039-066,李语录,校对轮,已校对,人格,草,有人落草为寇，有人草间偷活。英雄是前者，懦夫是后者。,016.《李语录》十六.txt,15,《大李敖全集6.0》分章节/005.诗集语录类/003.李语录/016.《李语录》十六.txt,"英雄,懦夫,人格",LAT039-078
LAT039-067,李语录,校对轮,已校对,政治,谁像谁？,绝大部分的国民党不像党外，绝大部分的党外却像国民党。,016.《李语录》十六.txt,17,《大李敖全集6.0》分章节/005.诗集语录类/003.李语录/016.《李语录》十六.txt,"国民党,党外,政治",LAT039-079
LAT039-068,李语录,校对轮,已校对,法权,法律与法官,我相信法律，却怀疑法官。,017.《李语录》十七.txt,7,《大李敖全集6.0》分章节/005.诗集语录类/003.李语录/017.《李语录》十七.txt,"法律,法官,法权",LAT039-080
LAT039-069,李语录,校对轮,已校对,情爱,好姻缘与好离婚,好姻缘固佳，好离婚也不错（白头偕老固佳，黑头拆伙也不错）。,017.《李语录》十七.txt,11,《大李敖全集6.0》分章节/005.诗集语录类/003.李语录/017.《李语录》十七.txt,"婚姻,离婚,情爱",LAT039-081
LAT039-070,李语录,校对轮,已校对,方法,良医有两种,良医有两种：一种是自己能够把病人治好；一种是知道自己治不好而把病人推荐给治得好的医生。,018.《李语录》十八.txt,9,《大李敖全集6.0》分章节/005.诗集语录类/003.李语录/018.《李语录》十八.txt,"良医,方法",LAT039-084
LAT039-071,李语录,校对轮,已校对,写作,臭大便变成臭豆腐干,我研究国民党，然后写文章出售，只是把臭大便变成臭豆腐干的过程而已。本质是臭的，再除也不能尽也。,018.《李语录》十八.txt,15,《大李敖全集6.0》分章节/005.诗集语录类/003.李语录/018.《李语录》十八.txt,"研究,国民党,写作",LAT039-085
LAT039-072,李语录,校对轮,已校对,写作,出版家的下场,搞出版如玩梭哈，最后有一把牌，会让你全部输光。,019.《李语录》十九.txt,3,《大李敖全集6.0》分章节/005.诗集语录类/003.李语录/019.《李语录》十九.txt,"出版,风险,写作",LAT039-087
LAT039-073,李语录,校对轮,已校对,政治,独裁者与零件,独裁者永远不死，他只是换零件。,019.《李语录》十九.txt,7,《大李敖全集6.0》分章节/005.诗集语录类/003.李语录/019.《李语录》十九.txt,"独裁者,零件,政治",LAT039-088
LAT039-074,李语录,校对轮,已校对,政治,数典忘祖与数典成祖,无耻的党外名流数典忘祖，最无耻的党外名流却数典成祖——他们大言不惭，好像祖宗都是他们生的（Herbert Agar说“Snobs talk as if they had begotten their own ancestors.”他若知台湾党外真面目，一定改写他的话了）。,019.《李语录》十九.txt,13,《大李敖全集6.0》分章节/005.诗集语录类/003.李语录/019.《李语录》十九.txt,"党外,数典忘祖,政治",LAT039-089
LAT039-075,李语录,校对轮,已校对,政治,又是黑猫又是白猫,邓小平说不管黑猫白猫能抓老鼠就是好猫，但他不知道有一种黑白相间的猫，又是黑猫又是白猫，却是不能抓老鼠的坏猫。——这种猫是台湾党外特产，难怪老邓不知道。,019.《李语录》十九.txt,15,《大李敖全集6.0》分章节/005.诗集语录类/003.李语录/019.《李语录》十九.txt,"黑猫白猫,党外,政治",LAT039-090
LAT039-076,李语录,校对轮,已校对,写作,萦怀不义与打击不义,与其花五分钟用心去萦怀不义，不如花五分钟用笔去打击不义。前者是抽象的，后者是具体的；前者是没有法子的，后者是想出法子的。,019.《李语录》十九.txt,21,《大李敖全集6.0》分章节/005.诗集语录类/003.李语录/019.《李语录》十九.txt,"打击不义,用笔,写作",LAT039-091
LAT039-077,李语录,校对轮,已校对,人格,黑暗中也可挖光明,做煤矿工人与做凿隧道工人大异其趣——前者在黑暗中只挖出黑暗，后者在黑暗中却挖出光明。,020.《李语录》二十.txt,3,《大李敖全集6.0》分章节/005.诗集语录类/003.李语录/020.《李语录》二十.txt,"黑暗,光明,人格",LAT039-092
LAT039-078,李语录,校对轮,已校对,文化,不台独的原因,我太爱台湾了，所以不能成为台独分子。,020.《李语录》二十.txt,7,《大李敖全集6.0》分章节/005.诗集语录类/003.李语录/020.《李语录》二十.txt,"台湾,台独,文化",LAT039-093
LAT039-079,李语录,校对轮,已校对,人格,隐士与斗士,每天朋友递减的，是隐士；每天敌人增加的，是斗士。,020.《李语录》二十.txt,11,《大李敖全集6.0》分章节/005.诗集语录类/003.李语录/020.《李语录》二十.txt,"隐士,斗士,人格",LAT039-094
LAT039-080,李语录,校对轮,已校对,方法,解题之道,有的问题很奇怪：你把它说清楚，就解决了一半；你不把它说清楚，就解决了全部（或：你去解决它，就解决了一半；你不去解决它，就解决了全部）。,020.《李语录》二十.txt,13,《大李敖全集6.0》分章节/005.诗集语录类/003.李语录/020.《李语录》二十.txt,"问题,说清楚,方法",LAT039-095
LAT039-081,李语录,校对轮,已校对,方法,有理和听起来有理,有理和听起来有理的不同，就像音乐和军乐的不同。,020.《李语录》二十.txt,15,《大李敖全集6.0》分章节/005.诗集语录类/003.李语录/020.《李语录》二十.txt,"有理,听起来有理,方法",LAT039-096
LAT039-082,李语录,校对轮,已校对,政治,孙蒋之异,孙中山朝人民盖空中楼阁，蒋介石却收起房租来。,020.《李语录》二十.txt,21,《大李敖全集6.0》分章节/005.诗集语录类/003.李语录/020.《李语录》二十.txt,"孙中山,蒋介石,政治",LAT039-097
LAT039-083,李语录,校对轮,已校对,政治,党内外，谁像谁？,有些国民党暗中比党外还党外，有些党外公开比国民党还国民党（许多国民党想变成党外，许多党外想变成国民党）。,021.《李语录》二一.txt,3,《大李敖全集6.0》分章节/005.诗集语录类/003.李语录/021.《李语录》二一.txt,"国民党,党外,政治",LAT039-098
LAT039-084,李语录,校对轮,已校对,政治,宣传与保密,宣传是要你知道的事，一定要你知道；保密是不要你知道的事，一定要你不知道。,022.《李语录》二二.txt,3,《大李敖全集6.0》分章节/005.诗集语录类/003.李语录/022.《李语录》二二.txt,"宣传,保密,政治",LAT039-100
LAT039-085,李语录,校对轮,已校对,政治,狼喊狼来了,国民党的问题是自己是狼却有时候不咬人而空喊狼来了，结果威信顿失，里外既不是人，两面也不像狼。,022.《李语录》二二.txt,7,《大李敖全集6.0》分章节/005.诗集语录类/003.李语录/022.《李语录》二二.txt,"国民党,狼,政治",LAT039-101
LAT039-086,李语录,校对轮,已校对,法权,四气,读书不化有酸气，束书不观有陋气，禁书不看有党气，烧书不准别人看有霸王气。,022.《李语录》二二.txt,21,《大李敖全集6.0》分章节/005.诗集语录类/003.李语录/022.《李语录》二二.txt,"读书,禁书,烧书",LAT039-103
LAT039-087,李语录,校对轮,已校对,写作,作家不管畅销都写书,第一流商人不论景气不景气，都要赚钱；第一流作家不论畅销不畅销，都要写书。,023.《李语录》二三.txt,5,《大李敖全集6.0》分章节/005.诗集语录类/003.李语录/023.《李语录》二三.txt,"作家,写书,写作",LAT039-104
LAT039-088,李语录,校对轮,已校对,政治,三民主义的平等论,三民主义的平等论像是炒坏了的良乡栗子：——小的熟了，大的必生；大的熟了，小的必焦。总是不对劲。,024.《李语录》二四.txt,5,《大李敖全集6.0》分章节/005.诗集语录类/003.李语录/024.《李语录》二四.txt,"三民主义,平等,政治",LAT039-106
LAT039-089,李语录,校对轮,已校对,写作,屠户与我,我的职业和屠户有一点相像，就是每天要杀许多猪。只是他用刀、我用笔而已。,024.《李语录》二四.txt,21,《大李敖全集6.0》分章节/005.诗集语录类/003.李语录/024.《李语录》二四.txt,"屠户,笔,写作",LAT039-107
LAT039-090,李语录,校对轮,已校对,人格,四虚,虚已以游世，虚心以应人，虚左以待同志，虚无以迎死神。,025.《李语录》二五.txt,7,《大李敖全集6.0》分章节/005.诗集语录类/003.李语录/025.《李语录》二五.txt,"虚心,虚无,人格",LAT039-108
LAT039-091,李语录,校对轮,已校对,人格,打击点,高人没有一定的敌人，也没有一定的朋友，却有一定的打击点。,025.《李语录》二五.txt,9,《大李敖全集6.0》分章节/005.诗集语录类/003.李语录/025.《李语录》二五.txt,"敌人,朋友,打击点",LAT039-109
LAT039-092,李语录,校对轮,已校对,法权,情、理、法,以情玩世、以理服人、以法绳小人——小人有偏执狂和自卑感，是不能以理服的。,025.《李语录》二五.txt,11,《大李敖全集6.0》分章节/005.诗集语录类/003.李语录/025.《李语录》二五.txt,"情理法,小人,法权",LAT039-110
LAT039-093,李语录,校对轮,已校对,人格,争执,争执开始有两类，一类是与自己人的争执，一类是与敌人的争执。但当最后自己人变成了敌人，争执就只有一类了。,026.《李语录》二六.txt,7,《大李敖全集6.0》分章节/005.诗集语录类/003.李语录/026.《李语录》二六.txt,"争执,敌人,人格",LAT039-113
LAT039-094,李语录,校对轮,已校对,人格,人生成败三阶段,成功的人生一开始是观众，接着是演员，最后是后台老板。失败的人生反其道行之。,026.《李语录》二六.txt,15,《大李敖全集6.0》分章节/005.诗集语录类/003.李语录/026.《李语录》二六.txt,"人生,观众,演员",LAT039-115
LAT039-095,李语录,校对轮,已校对,知识,党化教育,党化教育是叫不明理的人，训练不懂事的人。,026.《李语录》二六.txt,17,《大李敖全集6.0》分章节/005.诗集语录类/003.李语录/026.《李语录》二六.txt,"党化教育,教育,知识",LAT039-116
LAT039-096,李语录,校对轮,已校对,人格,说真话的证明,每当国民党又说我歪曲事实，我就知道我又说了一次真话。,026.《李语录》二六.txt,19,《大李敖全集6.0》分章节/005.诗集语录类/003.李语录/026.《李语录》二六.txt,"真话,事实,人格",LAT039-117
LAT039-097,李语录,校对轮,已校对,方法,活人与死人,对活人打问号，对死人打句号，如此防人，可以无大过矣！,026.《李语录》二六.txt,21,《大李敖全集6.0》分章节/005.诗集语录类/003.李语录/026.《李语录》二六.txt,"活人,死人,防人",LAT039-118
LAT039-098,李语录,校对轮,已校对,政治,政权决定动口动手法,对某些政权，不能动手只能动口；对某些政权，非动口不能动手；对某些政权，非动手不能动口；对某些政权，不能动手就何必动口。,027.《李语录》二七.txt,11,《大李敖全集6.0》分章节/005.诗集语录类/003.李语录/027.《李语录》二七.txt,"政权,动口,动手",LAT039-119
LAT039-099,李语录,校对轮,已校对,方法,有时解释是不必要的,有时解释是不必要的——敌人不信你的解释，朋友无须你的解释。,027.《李语录》二七.txt,21,《大李敖全集6.0》分章节/005.诗集语录类/003.李语录/027.《李语录》二七.txt,"解释,敌人,朋友",LAT039-121
LAT039-100,李语录,校对轮,已校对,知识,哲学的下场,本世纪的哲学是下世纪的玄学。,028.《李语录》二八.txt,5,《大李敖全集6.0》分章节/005.诗集语录类/003.李语录/028.《李语录》二八.txt,"哲学,玄学,知识",LAT039-123
LAT039-101,李语录,校对轮,已校对,文化,新道德与旧道德,新道德十九都是加了膨松剂的旧道德。,028.《李语录》二八.txt,7,《大李敖全集6.0》分章节/005.诗集语录类/003.李语录/028.《李语录》二八.txt,"新道德,旧道德,文化",LAT039-124
LAT039-102,李语录,校对轮,已校对,文化,名酒·西装·书,台湾政客与巨贾的家中特色是：洋酒比西装多，西装比名人字画多，名人字画比书多，书没看过的又比看过的多。,028.《李语录》二八.txt,9,《大李敖全集6.0》分章节/005.诗集语录类/003.李语录/028.《李语录》二八.txt,"政客,巨贾,书",LAT039-125
LAT039-103,李语录,校对轮,已校对,方法,真理成分,九成真理加上一成味精，就是百分之百的真理了。,028.《李语录》二八.txt,13,《大李敖全集6.0》分章节/005.诗集语录类/003.李语录/028.《李语录》二八.txt,"真理,味精,方法",LAT039-126
LAT039-104,李语录,校对轮,已校对,人格,伤在正面,人生难免受伤，但别逃跑时伤在背上。,028.《李语录》二八.txt,17,《大李敖全集6.0》分章节/005.诗集语录类/003.李语录/028.《李语录》二八.txt,"受伤,逃跑,人格",LAT039-128
LAT039-105,李语录,校对轮,已校对,人格,做事时间,有人前半生认为事事容易而做任何事；后半生却认为事事困难而不做任何事。,029.《李语录》二九.txt,11,《大李敖全集6.0》分章节/005.诗集语录类/003.李语录/029.《李语录》二九.txt,"做事,困难,人格",LAT039-130
LAT039-106,李语录,校对轮,已校对,人格,好坏之间,好人只消做一点坏事，就被骂；坏人只消做一点好事，就被捧。,029.《李语录》二九.txt,13,《大李敖全集6.0》分章节/005.诗集语录类/003.李语录/029.《李语录》二九.txt,"好人,坏人,评价",LAT039-131
LAT039-107,李语录,校对轮,已校对,人格,清道夫定律,人生的成绩好像是清道夫，怎么做都看不出来，可是一不做就看出来。,029.《李语录》二九.txt,19,《大李敖全集6.0》分章节/005.诗集语录类/003.李语录/029.《李语录》二九.txt,"人生,成绩,人格",LAT039-132
LAT039-108,李语录,校对轮,已校对,人格,大义与小不义,一件大义往往建筑在许多小的不义之上。,030.《李语录》三十.txt,7,《大李敖全集6.0》分章节/005.诗集语录类/003.李语录/030.《李语录》三十.txt,"大义,小不义,人格",LAT039-133
LAT039-109,李语录,校对轮,已校对,人格,复仇与翻案,不复仇，可以；不翻案，不可以。,031.《李语录》三一.txt,5,《大李敖全集6.0》分章节/005.诗集语录类/003.李语录/031.《李语录》三一.txt,"复仇,翻案,人格",LAT039-134
LAT039-110,李语录,校对轮,已校对,人格,人缘与真理,人缘太好，会对真理构成妨碍。,031.《李语录》三一.txt,11,《大李敖全集6.0》分章节/005.诗集语录类/003.李语录/031.《李语录》三一.txt,"人缘,真理,人格",LAT039-136
LAT039-111,李语录,校对轮,已校对,政治,革命与反革命,结党去革命的下场是：人人都变成反革命。,031.《李语录》三一.txt,13,《大李敖全集6.0》分章节/005.诗集语录类/003.李语录/031.《李语录》三一.txt,"革命,反革命,政治",LAT039-137
LAT039-112,李语录,校对轮,已校对,政治,邪恶与必然,国民党是必然的邪恶（a necessary evil）；民进党是邪恶的必然（an evil necessity）。,031.《李语录》三一.txt,19,《大李敖全集6.0》分章节/005.诗集语录类/003.李语录/031.《李语录》三一.txt,"国民党,民进党,政治",LAT039-138
LAT039-113,李语录,校对轮,已校对,文化,台湾的外省人第二代,台湾的外省人第二代——在大陆只能作客，在台湾不能做主。,032.《李语录》三二.txt,13,《大李敖全集6.0》分章节/005.诗集语录类/003.李语录/032.《李语录》三二.txt,"外省人,大陆,台湾",LAT039-140
LAT039-114,李语录,校对轮,已校对,人格,爱钱、爱权与被骂,有时候，所以爱钱是因钱不够多，所以爱权是因为权力太少，所以被骂是因为自己不够大。,032.《李语录》三二.txt,19,《大李敖全集6.0》分章节/005.诗集语录类/003.李语录/032.《李语录》三二.txt,"钱,权,被骂",LAT039-142
LAT039-115,李语录,校对轮,已校对,政治,政治、经济与教育,政治是出卖别人，经济是出卖自己，教育是两者都出卖。,033.《李语录》三三.txt,9,《大李敖全集6.0》分章节/005.诗集语录类/003.李语录/033.《李语录》三三.txt,"政治,经济,教育",LAT039-143
LAT039-116,李语录,校对轮,已校对,人格,现实与理想,有现实主义的条件，才配谈理想主义。,033.《李语录》三三.txt,11,《大李敖全集6.0》分章节/005.诗集语录类/003.李语录/033.《李语录》三三.txt,"现实主义,理想主义",LAT039-144
LAT039-117,李语录,校对轮,已校对,政治,清君侧,古来清君侧的人太多，但知道问题出在君本身的，却太少了。,033.《李语录》三三.txt,13,《大李敖全集6.0》分章节/005.诗集语录类/003.李语录/033.《李语录》三三.txt,"清君侧,君,政治",LAT039-145
LAT039-118,李语录,校对轮,已校对,政治,投票原因,我们去投票，为的只是防止更差劲的家伙当选而已。,034.《李语录》三四.txt,7,《大李敖全集6.0》分章节/005.诗集语录类/003.李语录/034.《李语录》三四.txt,"投票,选举,政治",LAT039-146
LAT039-119,李语录,校对轮,已校对,法权,言论的两个尺度,言论的尺度有两个：一个是警备总部规定的尺度；一个是懦夫自忖的尺度。后者其实比前者更警备总部。,034.《李语录》三四.txt,13,《大李敖全集6.0》分章节/005.诗集语录类/003.李语录/034.《李语录》三四.txt,"言论,尺度,警备总部",LAT039-147
LAT039-120,李语录,校对轮,已校对,人格,敌人有两个,敌人有两个：一个是敌人；一个是因敌人而困扰你自己的你自己。高人绝对不让自己帮敌人困扰自己，敌人一个就够了。,034.《李语录》三四.txt,15,《大李敖全集6.0》分章节/005.诗集语录类/003.李语录/034.《李语录》三四.txt,"敌人,困扰,人格",LAT039-148
LAT039-121,李语录,校对轮,已校对,人格,好人与真正的好人,好人只是广结善缘，真正的好人却不惜广结恶缘。,034.《李语录》三四.txt,21,《大李敖全集6.0》分章节/005.诗集语录类/003.李语录/034.《李语录》三四.txt,"好人,恶缘,人格",LAT039-149
LAT039-122,李语录,校对轮,已校对,政治,两党之毁,住在台湾的人的悲剧是：他们前半生毁于国民党，后半生毁于民进党。,035.《李语录》三五.txt,5,《大李敖全集6.0》分章节/005.诗集语录类/003.李语录/035.《李语录》三五.txt,"国民党,民进党,台湾",LAT039-150
LAT039-123,李语录,校对轮,已校对,政治,国民党与权力,国民党年轻时候，是权力腐化国民党；国民党衰老时候，是国民党腐化权力。,035.《李语录》三五.txt,7,《大李敖全集6.0》分章节/005.诗集语录类/003.李语录/035.《李语录》三五.txt,"权力,腐化,国民党",LAT039-151
LAT039-124,李语录,校对轮,已校对,政治,国民党语意学,国民党有它独特的语意学，当它说“转进”，意思是“撤退”；当它说“迷航”，意思是“投匪”。,035.《李语录》三五.txt,11,《大李敖全集6.0》分章节/005.诗集语录类/003.李语录/035.《李语录》三五.txt,"国民党,语意学,政治",LAT039-152
LAT039-125,李语录,校对轮,已校对,政治,需要与贪婪,共产党能满足人的需要，国民党能满足人的贪婪。,035.《李语录》三五.txt,17,《大李敖全集6.0》分章节/005.诗集语录类/003.李语录/035.《李语录》三五.txt,"共产党,国民党,贪婪",LAT039-153
LAT039-126,李语录,校对轮,已校对,知识,历史家与核子弹,历史家与核子弹不同的是：前者可以改变过去，后者可以改变未来。,036.《李语录》三六.txt,3,《大李敖全集6.0》分章节/005.诗集语录类/003.李语录/036.《李语录》三六.txt,"历史家,过去,知识",LAT039-154
LAT039-127,李语录,校对轮,已校对,写作,读者混蛋,写文章最泄气的时候是碰到你的读者是混蛋。你既不能吓阻他，也不能劝阻他。他捧着你文章做混蛋，你还不泄气吗？,036.《李语录》三六.txt,19,《大李敖全集6.0》分章节/005.诗集语录类/003.李语录/036.《李语录》三六.txt,"读者,写文章,写作",LAT039-155
LAT039-128,李语录,校对轮,已校对,政治,新三达德,不学近乎智；麻木近乎仁；无耻近乎勇。——这是国民党与民进党的共有智仁勇。,036.《李语录》三六.txt,21,《大李敖全集6.0》分章节/005.诗集语录类/003.李语录/036.《李语录》三六.txt,"国民党,民进党,三达德",LAT039-156
LAT039-129,李语录,校对轮,已校对,政治,革命须知,选择与我们一起革命的人，比选择革命的对象更重要。,037.《李语录》三七.txt,11,《大李敖全集6.0》分章节/005.诗集语录类/003.李语录/037.《李语录》三七.txt,"革命,对象,政治",LAT039-158
LAT039-130,李语录,校对轮,已校对,政治,政党与正义,政党中没有正义；正义中也没有政党。,038.《李语录》三八.txt,5,《大李敖全集6.0》分章节/005.诗集语录类/003.李语录/038.《李语录》三八.txt,"政党,正义,政治",LAT039-160
LAT039-131,李语录,校对轮,已校对,方法,千手千眼,攻击者要千手；防御者要千眼。佛像千手千眼，正因为它既要攻击也要防御。,038.《李语录》三八.txt,19,《大李敖全集6.0》分章节/005.诗集语录类/003.李语录/038.《李语录》三八.txt,"攻击,防御,方法",LAT039-162
LAT039-132,李语录,校对轮,已校对,人格,真人与真知,庄子说有真人而后有真知，有时却正好相反，而是因假知而变成假人。,039.《李语录》三九.txt,15,《大李敖全集6.0》分章节/005.诗集语录类/003.李语录/039.《李语录》三九.txt,"敌人,麻烦,人格",LAT039-164
LAT039-133,李语录,校对轮,已校对,政治,国民党的两种罪恶,国民党的罪有两种，一种是它做坏事，一种是它拦阻我们做好事。——正反之间，其罪是平方。,039.《李语录》三九.txt,17,《大李敖全集6.0》分章节/005.诗集语录类/003.李语录/039.《李语录》三九.txt,"国民党,罪恶,政治",LAT039-165
LAT039-134,李语录,校对轮,已校对,政治,谎话连锁,蒋介石一句谎话、中央党部十句、中央日报一百句、中央研究院近代史研究所一万句。,039.《李语录》三九.txt,19,《大李敖全集6.0》分章节/005.诗集语录类/003.李语录/039.《李语录》三九.txt,"谎话,蒋介石,政治",LAT039-166
LAT039-135,李语录,校对轮,已校对,法权,首先告法官,法律不会说话。如果法律会说话，它第一个要告发的，就是法官。,041.片羽片语.txt,5,《大李敖全集6.0》分章节/005.诗集语录类/003.李语录/041.片羽片语.txt,"法律,法官,法权",LAT039-168
LAT039-136,李语录,校对轮,已校对,政治,说谎原因,政客的说谎乃是习惯、牧师的说谎乃是天启、律师的说谎乃是职业、新女性的说谎乃是做秀和伪善。,041.片羽片语.txt,11,《大李敖全集6.0》分章节/005.诗集语录类/003.李语录/041.片羽片语.txt,"说谎,政客,律师",LAT039-169
LAT039-137,李语录,校对轮,已校对,方法,黑暗所见,置身在黑暗中看事情，比置身在光明中更清楚。,041.片羽片语.txt,13,《大李敖全集6.0》分章节/005.诗集语录类/003.李语录/041.片羽片语.txt,"黑暗,看事,方法",LAT039-170
LAT039-138,李语录,校对轮,已校对,方法,工作的两种难,工作的难有两种，一种是工作本身的难；一种是做它以前你以为的难，后者其实比前者更难，并且徒乱人意。,041.片羽片语.txt,25,《大李敖全集6.0》分章节/005.诗集语录类/003.李语录/041.片羽片语.txt,"工作,困难,方法",LAT039-172
LAT039-139,李语录,校对轮,已校对,政治,开玩笑与丢石头,开玩笑是民主的真正起点；丢石头是民主的最后终点。,042.金兰随记.txt,11,《大李敖全集6.0》分章节/005.诗集语录类/003.李语录/042.金兰随记.txt,"开玩笑,民主,政治",LAT039-175
LAT039-140,李语录,校对轮,已校对,文化,民主的先决条件,古代人衣食足而知荣辱；现代人衣食足而知民主。,042.金兰随记.txt,13,《大李敖全集6.0》分章节/005.诗集语录类/003.李语录/042.金兰随记.txt,"衣食足,民主,文化",LAT039-176
LAT039-141,李语录,校对轮,已校对,人格,理想何价,人为理想可以少赚，不宜多赔。,042.金兰随记.txt,17,《大李敖全集6.0》分章节/005.诗集语录类/003.李语录/042.金兰随记.txt,"理想,少赚,人格",LAT039-177
LAT039-142,李语录,校对轮,已校对,政治,暴力与暴利,政治讲暴力，经济讲暴利，此台湾所以不入流也。,042.金兰随记.txt,21,《大李敖全集6.0》分章节/005.诗集语录类/003.李语录/042.金兰随记.txt,"政治,暴力,经济,暴利",LAT039-178
LAT039-143,李语录,校对轮,已校对,政治,政党与怪物,有的政党先与怪物斗，自己最后也沦为怪物，国民党是也；有的政党却自己先沦为怪物，才与怪物斗，民进党是也。,043.国民同异.txt,9,《大李敖全集6.0》分章节/005.诗集语录类/003.李语录/043.国民同异.txt,"政党,怪物,政治",LAT039-181
LAT039-144,李语录,校对轮,已校对,政治,开会前后,民主国家的政党在开会前有麻烦；独裁国家的政党在开会后有麻烦。国民党和民进党在开会前后都有麻烦。会开得越大，麻烦惹得越多。,043.国民同异.txt,15,《大李敖全集6.0》分章节/005.诗集语录类/003.李语录/043.国民同异.txt,"民主,独裁,政党",LAT039-182
LAT039-145,李语录,校对轮,已校对,政治,上下都不正,政府不能率人民以正，人民又反过来不能以正规范政府，这是台湾政局的隐忧。,044.夜归题记.txt,4,《大李敖全集6.0》分章节/005.诗集语录类/003.李语录/044.夜归题记.txt,"政府,人民,台湾",LAT039-183
LAT039-146,李语录,校对轮,已校对,政治,配合政治与政治配合,共产党统治地区，毛病在“政治挂帅”，一切都要配合政治；国民党统治地区，毛病也在“政治挂帅”，因为只有从事政治活动，才能出锋头，结果一切都要政治配合。,044.夜归题记.txt,6,《大李敖全集6.0》分章节/005.诗集语录类/003.李语录/044.夜归题记.txt,"政治挂帅,共产党,国民党",LAT039-184
LAT039-147,李语录,校对轮,已校对,方法,真假画之间,宁肯买好的假画，不要买坏的真画。——假的有时比真的更好。人生要常常这样以假作真，才能得其真。真假不是对立的，最好的真，往往就是假。,044.夜归题记.txt,16,《大李敖全集6.0》分章节/005.诗集语录类/003.李语录/044.夜归题记.txt,"真假,人生,方法",LAT039-185
LAT039-148,李语录,校对轮,已校对,知识,学报,大陆以前各安其位，学人办学、报人办报。台湾今天各不务正业：报人办学、商人办报，而学人却整天出锋头，没有像样的论文登学报。,044.夜归题记.txt,24,《大李敖全集6.0》分章节/005.诗集语录类/003.李语录/044.夜归题记.txt,"学人,报人,学报",LAT039-186
LAT039-149,李语录,校对轮,已校对,政治,更糟糕的,唯一比国民党更糟糕的，是国民党又兼做自由学者；唯一比共产党更糟糕的，是共产党又兼做民运人士。这些人的悲剧是，不论他们怎么打扮，他们都是阴阳脸，别人不敢看他们，他们不敢看镜子。,044.夜归题记.txt,26,《大李敖全集6.0》分章节/005.诗集语录类/003.李语录/044.夜归题记.txt,"自由学者,民运,政治",LAT039-187
LAT039-150,李语录,校对轮,已校对,人格,认真的人两不饶,认真的人是不通融的，他只认得真理，得饶人处不饶人，得饶己处也不饶己。,045.夜阑散记.txt,17,《大李敖全集6.0》分章节/005.诗集语录类/003.李语录/045.夜阑散记.txt,"认真,真理,人格",LAT039-188
LAT039-151,李语录,校对轮,已校对,政治,当权者定律,政治上当权者都是坏人，不坏爬不到那么高位。,045.夜阑散记.txt,23,《大李敖全集6.0》分章节/005.诗集语录类/003.李语录/045.夜阑散记.txt,"当权者,政治",LAT039-189
LAT039-152,李语录,校对轮,已校对,人格,性情中人四条件,贪财有道、好色有品、博学有识、读书有瘾。——四者俱全，才配做性情中人。,045.夜阑散记.txt,25,《大李敖全集6.0》分章节/005.诗集语录类/003.李语录/045.夜阑散记.txt,"性情中人,读书,人格",LAT039-190
LAT039-153,李语录,校对轮,已校对,文化,这个岛上的水准,人不够水准，当然不限于这个岛。但这个岛上的，却是此中之尤。最重要的原因是：在国民党这种怪子宮里，当然要生这些怪胎。（1982年5月28日）,046.地下哲学家的札记.txt,9,《大李敖全集6.0》分章节/005.诗集语录类/003.李语录/046.地下哲学家的札记.txt,"台湾,国民党,文化",LAT039-191
LAT039-154,李语录,校对轮,已校对,知识,去学呢，还是去亵渎？,有些人那么笨，他们不是去学历史，而是去亵渎历史。（对杂志亦然，有些人不是办杂志，而是糟蹋杂志。）（1982年6月8日）,046.地下哲学家的札记.txt,13,《大李敖全集6.0》分章节/005.诗集语录类/003.李语录/046.地下哲学家的札记.txt,"历史,杂志,知识",LAT039-192
LAT039-155,李语录,校对轮,已校对,文化,师势压过正义,师生关系在中国极有传统势力，老师做久了，他的门徒自然同气相求，在这种同气相求下，情感超过了是非，学派超过了正义。徐复观在东海大学十四年、新亚研究所十四年，累积的“师势”自不在少，他的人格和学格，自然也就被是非、正义以外的集体错觉保护着。,046.地下哲学家的札记.txt,27,《大李敖全集6.0》分章节/005.诗集语录类/003.李语录/046.地下哲学家的札记.txt,"师生关系,师势,文化",LAT039-193
LAT039-156,李语录,校对轮,已校对,知识,熊十力,徐复观说他师承熊十力，其实他并非熊十力及门弟子，这是冒充的。徐复观又说他同熊十力如何如何，这是非常可疑的。因为熊十力对当政者绝对不合作，是最大死硬派，他甚至把当政者的报上玉照，都揉成一团，当做草纸，在生殖器下摩擦，以示憎恨。以这样一位正气磅礴的大儒，他能接受徐复观这种国民党文化特务吗？（1982年6月9日）,046.地下哲学家的札记.txt,30,《大李敖全集6.0》分章节/005.诗集语录类/003.李语录/046.地下哲学家的札记.txt,"徐复观,熊十力,知识",LAT039-194
LAT039-157,李语录,校对轮,已校对,人格,上帝与下帝,也许我没机会做上帝，但我有机会做“下帝”。柏拉图提倡“哲人王（哲学家皇帝）”（hilosopher-king），这种人其实不必真是有政权的王，他只要“匹夫而为百世师，一言而为天下法”，他就无异是“下帝”了！（1982年6月9日）,046.地下哲学家的札记.txt,34,《大李敖全集6.0》分章节/005.诗集语录类/003.李语录/046.地下哲学家的札记.txt,"百世师,人格",LAT039-195
LAT039-158,李语录,校对轮,已校对,方法,平等真义,平等不是一对一对打，平等是同级的一对一对打，重量级和轻量级不分，是没有平等的。（1982年6月中旬）,046.地下哲学家的札记.txt,40,《大李敖全集6.0》分章节/005.诗集语录类/003.李语录/046.地下哲学家的札记.txt,"平等,方法",LAT039-196
LAT039-159,李语录,校对轮,已校对,人格,小人习性,小人的悲剧在他们无法警觉到“边缘点”，他们总是一次又一次的在被优容状态中，忘其所以，不知天高地厚，所谓“近之则不逊”者也，于是，某年某月某一天，他们被断然整肃。——“小人知进而不知退”，小人总是有朝一日，毁掉别人给他的一切。（1982年7月2日）,046.地下哲学家的札记.txt,44,《大李敖全集6.0》分章节/005.诗集语录类/003.李语录/046.地下哲学家的札记.txt,"小人,边缘点,人格",LAT039-197
LAT039-160,李语录,校对轮,已校对,人格,远小人,远小人是跟小人保持距离，小人是不知道距离的，于是只好由你来调整距离。我的方法是不让小人接近你的生活，一判定他是小人，一判定他已到了“边缘点”，已无可救药，就不要再见他。（1982年7月2日）,046.地下哲学家的札记.txt,46,《大李敖全集6.0》分章节/005.诗集语录类/003.李语录/046.地下哲学家的札记.txt,"远小人,距离,人格",LAT039-198
